2026-05-17 15:02:34,975 [INFO] STARTUP pid=57245 cwd=/media/gamedisk/Zadace/Faks/FaceQuizNovi/face-quiz-backend bucket=face-quiz-media env=production
2026-05-17 15:02:37,464 [INFO] BASELINE mem=60.5%
2026-05-17 15:02:37,465 [INFO] BOOTSTRAP starting (no queue.json found)
2026-05-17 15:02:41,120 [INFO] BOOTSTRAP discovered 4086 camera frames in S3
2026-05-17 15:08:52,321 [INFO] STARTUP pid=58394 cwd=/media/gamedisk/Zadace/Faks/FaceQuizNovi/face-quiz-backend bucket=face-quiz-media env=production
2026-05-17 15:08:54,796 [INFO] BASELINE mem=62.6%
2026-05-17 15:08:54,797 [INFO] BOOTSTRAP starting (no queue.json found)
2026-05-17 15:08:58,004 [INFO] BOOTSTRAP discovered 4086 camera frames in S3
2026-05-17 15:09:06,676 [INFO] SIGNAL received signal=15; will exit after current cycle
2026-05-17 15:09:41,172 [INFO] STARTUP pid=59649 cwd=/media/gamedisk/Zadace/Faks/FaceQuizNovi/face-quiz-backend bucket=face-quiz-media env=production
2026-05-17 15:09:43,645 [INFO] BASELINE mem=61.3%
2026-05-17 15:09:43,646 [INFO] BOOTSTRAP starting (no queue.json found)
2026-05-17 15:09:46,557 [INFO] BOOTSTRAP discovered 4086 camera frames in S3
2026-05-17 15:09:46,899 [INFO] BOOTSTRAP exam=3e1vQ4sCvNlmEE4R8IKU frames=39 already_analyzed=0
2026-05-17 15:09:46,966 [INFO] BOOTSTRAP exam=WsLJfd9yNOTd1LT90wxr frames=105 already_analyzed=0
2026-05-17 15:09:47,037 [INFO] BOOTSTRAP exam=ktCd3zlLO4teevYVvnM3 frames=17 already_analyzed=0
2026-05-17 15:09:47,112 [INFO] BOOTSTRAP exam=tQoHDQTrz1iAzcfYrbTF frames=3925 already_analyzed=0
2026-05-17 15:09:47,113 [INFO] BOOTSTRAP queue built: 4086 entries (4086 pending) across 4 exam(s)
2026-05-17 15:09:48,142 [INFO] LOAD cpu=5.7% mem=+-0.1% req_rate=0.00/min idle=False
2026-05-17 15:09:59,143 [INFO] LOAD cpu=2.0% mem=+-0.3% req_rate=0.00/min idle=True
2026-05-17 15:09:59,144 [INFO] ANALYZE_BEGIN n_pending=4086
2026-05-17 15:10:00,144 [INFO] ANALYZE_STOP reason=busy processed=0
2026-05-17 15:10:11,146 [INFO] LOAD cpu=4.6% mem=+-0.2% req_rate=0.00/min idle=True
2026-05-17 15:10:11,147 [INFO] ANALYZE_BEGIN n_pending=4086
2026-05-17 15:10:12,147 [INFO] ANALYZE_STOP reason=busy processed=0
2026-05-17 15:10:23,148 [INFO] LOAD cpu=1.5% mem=+-0.3% req_rate=0.00/min idle=True
2026-05-17 15:10:23,149 [INFO] ANALYZE_BEGIN n_pending=4086
2026-05-17 15:10:26,307 [INFO] ANALYZED exam=3e1vQ4sCvNlmEE4R8IKU email=jcrljenko@student.unipu.hr ts=1773219050276 status=FACE_DETECTED
2026-05-17 15:10:27,607 [INFO] ANALYZED exam=3e1vQ4sCvNlmEE4R8IKU email=jcrljenko@student.unipu.hr ts=1773219058001 status=FACE_DETECTED
2026-05-17 15:10:28,914 [INFO] ANALYZED exam=3e1vQ4sCvNlmEE4R8IKU email=jcrljenko@student.unipu.hr ts=1773219063900 status=FACE_DETECTED
2026-05-17 15:10:29,914 [INFO] ANALYZE_STOP reason=busy processed=3
2026-05-17 15:10:30,044 [INFO] BATCH_WRITE items=3
2026-05-17 15:10:41,045 [INFO] LOAD cpu=1.6% mem=+-0.2% req_rate=0.00/min idle=True
2026-05-17 15:10:41,046 [INFO] ANALYZE_BEGIN n_pending=4083
2026-05-17 15:10:42,450 [INFO] ANALYZED exam=3e1vQ4sCvNlmEE4R8IKU email=jcrljenko@student.unipu.hr ts=1774279240847 status=NO_FACE_DETECTED
2026-05-17 15:10:43,590 [INFO] ANALYZED exam=3e1vQ4sCvNlmEE4R8IKU email=jcrljenko@student.unipu.hr ts=1774279242224 status=NO_FACE_DETECTED
2026-05-17 15:10:44,736 [INFO] ANALYZED exam=3e1vQ4sCvNlmEE4R8IKU email=jcrljenko@student.unipu.hr ts=1774279245064 status=NO_FACE_DETECTED
2026-05-17 15:10:45,737 [INFO] ANALYZE_STOP reason=busy processed=3
2026-05-17 15:10:45,849 [INFO] BATCH_WRITE items=3
2026-05-17 15:10:59,700 [INFO] LOAD cpu=1.6% mem=+-0.4% req_rate=0.00/min idle=True
2026-05-17 15:10:59,701 [INFO] ANALYZE_BEGIN n_pending=4080
2026-05-17 15:11:00,853 [INFO] ANALYZED exam=3e1vQ4sCvNlmEE4R8IKU email=jcrljenko@student.unipu.hr ts=1774279247031 status=NO_FACE_DETECTED
2026-05-17 15:11:01,969 [INFO] ANALYZED exam=3e1vQ4sCvNlmEE4R8IKU email=jcrljenko@student.unipu.hr ts=1774279249307 status=NO_FACE_DETECTED
2026-05-17 15:11:02,970 [INFO] ANALYZE_STOP reason=busy processed=2
2026-05-17 15:11:03,083 [INFO] BATCH_WRITE items=2
2026-05-17 15:11:14,083 [INFO] LOAD cpu=2.6% mem=+0.8% req_rate=0.00/min idle=True
2026-05-17 15:11:14,084 [INFO] ANALYZE_BEGIN n_pending=4078
2026-05-17 15:11:15,401 [INFO] ANALYZED exam=3e1vQ4sCvNlmEE4R8IKU email=jcrljenko@student.unipu.hr ts=1774279254268 status=NO_FACE_DETECTED
2026-05-17 15:11:16,402 [INFO] ANALYZE_STOP reason=busy processed=1
2026-05-17 15:11:16,515 [INFO] BATCH_WRITE items=1
2026-05-17 15:11:27,516 [INFO] LOAD cpu=5.6% mem=+0.2% req_rate=0.00/min idle=False
2026-05-17 15:11:38,517 [INFO] LOAD cpu=7.6% mem=+0.7% req_rate=0.00/min idle=False
2026-05-17 15:11:49,518 [INFO] LOAD cpu=10.1% mem=+1.8% req_rate=0.00/min idle=False
2026-05-17 15:12:00,520 [INFO] LOAD cpu=6.2% mem=+0.8% req_rate=0.00/min idle=False
2026-05-17 15:12:14,496 [INFO] LOAD cpu=2.8% mem=+1.0% req_rate=0.00/min idle=True
2026-05-17 15:12:14,497 [INFO] ANALYZE_BEGIN n_pending=4077
2026-05-17 15:12:15,498 [INFO] ANALYZE_STOP reason=busy processed=0
2026-05-17 15:12:26,499 [INFO] LOAD cpu=2.0% mem=+0.6% req_rate=0.00/min idle=True
2026-05-17 15:12:26,499 [INFO] ANALYZE_BEGIN n_pending=4077
2026-05-17 15:12:27,840 [INFO] ANALYZED exam=3e1vQ4sCvNlmEE4R8IKU email=jcrljenko@student.unipu.hr ts=1774280082091 status=FACE_DETECTED
2026-05-17 15:12:28,974 [INFO] ANALYZED exam=3e1vQ4sCvNlmEE4R8IKU email=jcrljenko@student.unipu.hr ts=1774280084343 status=NO_FACE_DETECTED
2026-05-17 15:12:29,974 [INFO] ANALYZE_STOP reason=busy processed=2
2026-05-17 15:12:30,093 [INFO] BATCH_WRITE items=2
2026-05-17 15:12:41,094 [INFO] LOAD cpu=2.4% mem=+0.6% req_rate=0.00/min idle=True
2026-05-17 15:12:41,095 [INFO] ANALYZE_BEGIN n_pending=4075
2026-05-17 15:12:42,449 [INFO] ANALYZED exam=3e1vQ4sCvNlmEE4R8IKU email=jcrljenko@student.unipu.hr ts=1774280086188 status=NO_FACE_DETECTED
2026-05-17 15:12:43,450 [INFO] ANALYZE_STOP reason=busy processed=1
2026-05-17 15:12:43,565 [INFO] BATCH_WRITE items=1
2026-05-17 15:12:54,566 [INFO] LOAD cpu=3.6% mem=+1.9% req_rate=0.00/min idle=True
2026-05-17 15:12:54,566 [INFO] ANALYZE_BEGIN n_pending=4074
2026-05-17 15:12:55,567 [INFO] ANALYZE_STOP reason=busy processed=0
2026-05-17 15:13:06,568 [INFO] LOAD cpu=6.3% mem=+1.5% req_rate=0.00/min idle=False
2026-05-17 15:13:17,569 [INFO] LOAD cpu=8.0% mem=+1.2% req_rate=0.00/min idle=False
2026-05-17 15:13:31,549 [INFO] LOAD cpu=14.1% mem=+2.9% req_rate=0.00/min idle=False
2026-05-17 15:13:42,583 [INFO] LOAD cpu=14.5% mem=+15.7% req_rate=0.00/min idle=False
2026-05-17 15:13:53,629 [INFO] LOAD cpu=23.2% mem=+16.4% req_rate=0.00/min idle=False
2026-05-17 15:14:04,682 [INFO] LOAD cpu=36.1% mem=+16.8% req_rate=0.00/min idle=False
2026-05-17 15:14:15,736 [INFO] LOAD cpu=19.3% mem=+16.1% req_rate=0.00/min idle=False
2026-05-17 15:14:26,781 [INFO] LOAD cpu=12.9% mem=+16.1% req_rate=0.00/min idle=False
2026-05-17 15:14:40,884 [INFO] LOAD cpu=21.3% mem=+16.8% req_rate=0.00/min idle=False
2026-05-17 15:14:51,926 [INFO] LOAD cpu=21.2% mem=+17.6% req_rate=0.00/min idle=False
2026-05-17 15:15:02,963 [INFO] LOAD cpu=17.2% mem=+16.5% req_rate=0.00/min idle=False
2026-05-17 15:15:13,996 [INFO] LOAD cpu=18.2% mem=+17.5% req_rate=0.00/min idle=False
2026-05-17 15:15:25,030 [INFO] LOAD cpu=17.0% mem=+16.5% req_rate=0.00/min idle=False
2026-05-17 15:15:36,066 [INFO] LOAD cpu=16.6% mem=+16.3% req_rate=0.00/min idle=False
2026-05-17 15:15:49,800 [INFO] LOAD cpu=15.0% mem=+16.3% req_rate=0.00/min idle=False
2026-05-17 15:16:00,808 [INFO] LOAD cpu=24.1% mem=+5.2% req_rate=0.00/min idle=False
2026-05-17 15:16:11,811 [INFO] LOAD cpu=19.8% mem=+7.6% req_rate=0.00/min idle=False
2026-05-17 15:16:22,833 [INFO] LOAD cpu=30.7% mem=+15.8% req_rate=0.00/min idle=False
2026-05-17 15:16:33,870 [INFO] LOAD cpu=15.4% mem=+16.0% req_rate=0.00/min idle=False
2026-05-17 15:16:44,914 [INFO] LOAD cpu=13.7% mem=+16.0% req_rate=0.00/min idle=False
2026-05-17 15:16:59,440 [INFO] LOAD cpu=86.1% mem=+-10.1% req_rate=0.00/min idle=False
2026-05-17 15:17:10,523 [INFO] LOAD cpu=45.8% mem=+-3.7% req_rate=0.00/min idle=False
2026-05-17 15:17:21,589 [INFO] LOAD cpu=63.2% mem=+5.4% req_rate=0.00/min idle=False
2026-05-17 15:17:32,644 [INFO] LOAD cpu=25.6% mem=+6.7% req_rate=0.00/min idle=False
2026-05-17 15:17:43,692 [INFO] LOAD cpu=24.6% mem=+11.5% req_rate=0.00/min idle=False
2026-05-17 15:17:54,738 [INFO] LOAD cpu=19.8% mem=+8.8% req_rate=0.00/min idle=False
2026-05-17 15:18:08,643 [INFO] LOAD cpu=18.1% mem=+7.1% req_rate=0.00/min idle=False
2026-05-17 15:18:19,683 [INFO] LOAD cpu=15.6% mem=+7.7% req_rate=0.00/min idle=False
2026-05-17 15:18:30,722 [INFO] LOAD cpu=20.8% mem=+7.0% req_rate=0.00/min idle=False
2026-05-17 15:18:41,758 [INFO] LOAD cpu=17.8% mem=+9.6% req_rate=0.00/min idle=False
2026-05-17 15:18:52,793 [INFO] LOAD cpu=14.7% mem=+7.5% req_rate=0.00/min idle=False
2026-05-17 15:19:03,802 [INFO] LOAD cpu=21.4% mem=+-5.3% req_rate=0.00/min idle=False
2026-05-17 15:19:18,216 [INFO] LOAD cpu=8.9% mem=+-4.1% req_rate=4.16/min idle=False
2026-05-17 15:19:57,384 [INFO] STARTUP pid=68644 cwd=/media/gamedisk/Zadace/Faks/FaceQuizNovi/face-quiz-backend bucket=face-quiz-media env=production
2026-05-17 15:19:59,916 [INFO] BASELINE mem=54.3%
2026-05-17 15:20:00,923 [INFO] LOAD cpu=23.3% mem=+0.3% req_rate=0.00/min idle=False
2026-05-17 15:20:11,924 [INFO] LOAD cpu=3.9% mem=+1.3% req_rate=0.00/min idle=True
2026-05-17 15:20:11,925 [INFO] ANALYZE_BEGIN n_pending=4074
2026-05-17 15:20:12,926 [INFO] ANALYZE_STOP reason=busy processed=0
2026-05-17 15:20:23,927 [INFO] LOAD cpu=3.6% mem=+-0.6% req_rate=0.00/min idle=True
2026-05-17 15:20:23,927 [INFO] ANALYZE_BEGIN n_pending=4074
2026-05-17 15:20:26,461 [INFO] ANALYZED exam=3e1vQ4sCvNlmEE4R8IKU email=jcrljenko@student.unipu.hr ts=1774280088022 status=NO_FACE_DETECTED
2026-05-17 15:20:27,462 [INFO] ANALYZE_STOP reason=busy processed=1
2026-05-17 15:20:27,878 [INFO] BATCH_WRITE items=1
2026-05-17 15:20:38,879 [INFO] LOAD cpu=1.8% mem=+0.4% req_rate=0.00/min idle=True
2026-05-17 15:20:38,880 [INFO] ANALYZE_BEGIN n_pending=4073
2026-05-17 15:20:40,241 [INFO] ANALYZED exam=3e1vQ4sCvNlmEE4R8IKU email=jcrljenko@student.unipu.hr ts=1774280092367 status=NO_FACE_DETECTED
2026-05-17 15:20:41,388 [INFO] ANALYZED exam=3e1vQ4sCvNlmEE4R8IKU email=jcrljenko@student.unipu.hr ts=1774280150069 status=NO_FACE_DETECTED
2026-05-17 15:20:42,529 [INFO] ANALYZED exam=3e1vQ4sCvNlmEE4R8IKU email=jcrljenko@student.unipu.hr ts=1774280154138 status=NO_FACE_DETECTED
2026-05-17 15:20:43,681 [INFO] ANALYZED exam=3e1vQ4sCvNlmEE4R8IKU email=jcrljenko@student.unipu.hr ts=1774280159011 status=FACE_DETECTED
2026-05-17 15:20:44,682 [INFO] ANALYZE_STOP reason=busy processed=4
2026-05-17 15:20:44,815 [INFO] BATCH_WRITE items=4
2026-05-17 15:20:55,816 [INFO] LOAD cpu=3.0% mem=+-1.1% req_rate=0.00/min idle=True
2026-05-17 15:20:55,816 [INFO] ANALYZE_BEGIN n_pending=4069
2026-05-17 15:20:57,153 [INFO] ANALYZED exam=3e1vQ4sCvNlmEE4R8IKU email=jcrljenko@student.unipu.hr ts=1774280168160 status=NO_FACE_DETECTED
2026-05-17 15:20:58,153 [INFO] ANALYZE_STOP reason=busy processed=1
2026-05-17 15:20:58,269 [INFO] BATCH_WRITE items=1
2026-05-17 15:21:12,180 [INFO] LOAD cpu=5.5% mem=+-0.9% req_rate=0.00/min idle=False
2026-05-17 15:21:23,181 [INFO] LOAD cpu=2.1% mem=+-1.0% req_rate=0.00/min idle=True
2026-05-17 15:21:23,181 [INFO] ANALYZE_BEGIN n_pending=4068
2026-05-17 15:21:24,513 [INFO] ANALYZED exam=3e1vQ4sCvNlmEE4R8IKU email=jcrljenko@student.unipu.hr ts=1774280176312 status=NO_FACE_DETECTED
2026-05-17 15:21:25,515 [INFO] ANALYZE_STOP reason=busy processed=1
2026-05-17 15:21:25,640 [INFO] BATCH_WRITE items=1
2026-05-17 15:21:36,641 [INFO] LOAD cpu=1.3% mem=+1.2% req_rate=0.00/min idle=True
2026-05-17 15:21:36,642 [INFO] ANALYZE_BEGIN n_pending=4067
2026-05-17 15:21:37,974 [INFO] ANALYZED exam=3e1vQ4sCvNlmEE4R8IKU email=jcrljenko@student.unipu.hr ts=1774280181447 status=NO_FACE_DETECTED
2026-05-17 15:21:39,116 [INFO] ANALYZED exam=3e1vQ4sCvNlmEE4R8IKU email=jcrljenko@student.unipu.hr ts=1774280190392 status=FACE_DETECTED
2026-05-17 15:21:40,245 [INFO] ANALYZED exam=3e1vQ4sCvNlmEE4R8IKU email=jcrljenko@student.unipu.hr ts=1774280198580 status=NO_FACE_DETECTED
2026-05-17 15:21:41,378 [INFO] ANALYZED exam=3e1vQ4sCvNlmEE4R8IKU email=jcrljenko@student.unipu.hr ts=1774280320945 status=NO_FACE_DETECTED
2026-05-17 15:21:42,379 [INFO] ANALYZE_STOP reason=busy processed=4
2026-05-17 15:21:42,507 [INFO] BATCH_WRITE items=4
2026-05-17 15:21:53,508 [INFO] LOAD cpu=4.9% mem=+-2.5% req_rate=0.00/min idle=True
2026-05-17 15:21:53,509 [INFO] ANALYZE_BEGIN n_pending=4063
2026-05-17 15:21:54,877 [INFO] ANALYZED exam=3e1vQ4sCvNlmEE4R8IKU email=jcrljenko@student.unipu.hr ts=1774280338506 status=NO_FACE_DETECTED
2026-05-17 15:21:55,878 [INFO] ANALYZE_STOP reason=busy processed=1
2026-05-17 15:21:55,994 [INFO] BATCH_WRITE items=1
2026-05-17 15:21:56,259 [INFO] SIGNAL received signal=2; will exit after current cycle
2026-05-17 15:21:56,392 [INFO] SIGNAL received signal=15; will exit after current cycle
2026-05-17 15:21:57,365 [INFO] SIGNAL received signal=2; will exit after current cycle
2026-05-17 15:22:05,994 [INFO] SHUTDOWN flushed=0
2026-05-17 15:22:13,721 [INFO] STARTUP pid=69946 cwd=/media/gamedisk/Zadace/Faks/FaceQuizNovi/face-quiz-backend bucket=face-quiz-media env=production
2026-05-17 15:22:16,170 [INFO] BASELINE mem=53.8%
2026-05-17 15:22:17,177 [INFO] LOAD cpu=5.4% mem=+0.0% req_rate=0.00/min idle=False
2026-05-17 15:22:28,178 [INFO] LOAD cpu=3.2% mem=+0.8% req_rate=5.45/min idle=False
2026-05-17 15:22:39,179 [INFO] LOAD cpu=7.4% mem=+-0.3% req_rate=5.45/min idle=False
2026-05-17 15:22:40,884 [INFO] SIGNAL received signal=2; will exit after current cycle
2026-05-17 15:22:41,057 [INFO] SIGNAL received signal=15; will exit after current cycle
2026-05-17 15:22:49,180 [INFO] SHUTDOWN flushed=0
2026-05-17 15:29:10,919 [INFO] STARTUP pid=70826 cwd=/media/gamedisk/Zadace/Faks/FaceQuizNovi/face-quiz-backend bucket=face-quiz-media env=production
2026-05-17 15:29:11,687 [INFO] SIGNAL received signal=15; will exit after current cycle
2026-05-17 15:29:13,386 [INFO] BASELINE mem=55.5%
2026-05-17 15:29:13,393 [INFO] SHUTDOWN flushed=0
2026-05-17 15:29:31,659 [INFO] STARTUP pid=70926 cwd=/media/gamedisk/Zadace/Faks/FaceQuizNovi/face-quiz-backend bucket=face-quiz-media env=production
2026-05-17 15:29:32,499 [INFO] SIGNAL received signal=15; will exit after current cycle
2026-05-17 15:29:34,134 [INFO] BASELINE mem=53.7%
2026-05-17 15:29:34,140 [INFO] SHUTDOWN flushed=0
2026-05-17 15:30:58,661 [INFO] STARTUP pid=71077 cwd=/media/gamedisk/Zadace/Faks/FaceQuizNovi/face-quiz-backend bucket=face-quiz-media env=production
2026-05-17 15:31:00,429 [INFO] SIGNAL received signal=15; will exit after current cycle
2026-05-17 15:31:01,114 [INFO] BASELINE mem=55.2%
2026-05-17 15:31:01,120 [INFO] SHUTDOWN flushed=0
2026-05-17 15:34:01,902 [INFO] STARTUP pid=71580 cwd=/media/gamedisk/Zadace/Faks/FaceQuizNovi/face-quiz-backend bucket=face-quiz-media env=production
2026-05-17 15:34:04,352 [INFO] BASELINE mem=56.2%
2026-05-17 15:34:05,359 [INFO] LOAD cpu=7.0% mem=+0.0% req_rate=0.00/min idle=False
2026-05-17 15:34:16,360 [INFO] LOAD cpu=9.1% mem=+0.9% req_rate=27.27/min idle=False
2026-05-17 15:34:27,361 [INFO] LOAD cpu=2.0% mem=+0.0% req_rate=16.36/min idle=False
2026-05-17 15:34:38,363 [INFO] LOAD cpu=4.0% mem=+0.0% req_rate=16.36/min idle=False
2026-05-17 15:34:49,364 [INFO] LOAD cpu=2.7% mem=+-0.1% req_rate=0.00/min idle=True
2026-05-17 15:34:49,364 [INFO] ANALYZE_BEGIN n_pending=4062
2026-05-17 15:34:51,934 [INFO] ANALYZED exam=3e1vQ4sCvNlmEE4R8IKU email=jcrljenko@student.unipu.hr ts=1774280344144 status=NO_FACE_DETECTED
2026-05-17 15:34:53,100 [INFO] ANALYZED exam=3e1vQ4sCvNlmEE4R8IKU email=jcrljenko@student.unipu.hr ts=1774280360543 status=NO_FACE_DETECTED
2026-05-17 15:34:54,222 [INFO] ANALYZED exam=3e1vQ4sCvNlmEE4R8IKU email=jcrljenko@student.unipu.hr ts=1774280362141 status=NO_FACE_DETECTED
2026-05-17 15:34:55,373 [INFO] ANALYZED exam=3e1vQ4sCvNlmEE4R8IKU email=jcrljenko@student.unipu.hr ts=1774280477852 status=NO_FACE_DETECTED
2026-05-17 15:34:56,522 [INFO] ANALYZED exam=3e1vQ4sCvNlmEE4R8IKU email=jcrljenko@student.unipu.hr ts=1774280483326 status=NO_FACE_DETECTED
2026-05-17 15:34:57,669 [INFO] ANALYZED exam=3e1vQ4sCvNlmEE4R8IKU email=jcrljenko@student.unipu.hr ts=1774280491306 status=NO_FACE_DETECTED
2026-05-17 15:34:58,815 [INFO] ANALYZED exam=3e1vQ4sCvNlmEE4R8IKU email=jcrljenko@student.unipu.hr ts=1774280495442 status=NO_FACE_DETECTED
2026-05-17 15:34:59,960 [INFO] ANALYZED exam=3e1vQ4sCvNlmEE4R8IKU email=jcrljenko@student.unipu.hr ts=1774296641895 status=NO_FACE_DETECTED
2026-05-17 15:35:01,113 [INFO] ANALYZED exam=3e1vQ4sCvNlmEE4R8IKU email=jcrljenko@student.unipu.hr ts=1774296647477 status=NO_FACE_DETECTED
2026-05-17 15:35:02,114 [INFO] ANALYZE_STOP reason=busy processed=9
2026-05-17 15:35:02,532 [INFO] BATCH_WRITE items=9
2026-05-17 15:35:16,680 [INFO] LOAD cpu=1.9% mem=+-0.1% req_rate=0.00/min idle=True
2026-05-17 15:35:16,680 [INFO] ANALYZE_BEGIN n_pending=4053
2026-05-17 15:35:17,821 [INFO] ANALYZED exam=3e1vQ4sCvNlmEE4R8IKU email=jcrljenko@student.unipu.hr ts=1774296650246 status=NO_FACE_DETECTED
2026-05-17 15:35:18,953 [INFO] ANALYZED exam=3e1vQ4sCvNlmEE4R8IKU email=jcrljenko@student.unipu.hr ts=1774296654055 status=NO_FACE_DETECTED
2026-05-17 15:35:20,077 [INFO] ANALYZED exam=3e1vQ4sCvNlmEE4R8IKU email=jcrljenko@student.unipu.hr ts=1774296656822 status=NO_FACE_DETECTED
2026-05-17 15:35:21,205 [INFO] ANALYZED exam=3e1vQ4sCvNlmEE4R8IKU email=jcrljenko@student.unipu.hr ts=1774297119863 status=NO_FACE_DETECTED
2026-05-17 15:35:22,319 [INFO] ANALYZED exam=3e1vQ4sCvNlmEE4R8IKU email=jcrljenko@student.unipu.hr ts=1774297123934 status=NO_FACE_DETECTED
2026-05-17 15:35:23,433 [INFO] ANALYZED exam=3e1vQ4sCvNlmEE4R8IKU email=jcrljenko@student.unipu.hr ts=1774297128771 status=NO_FACE_DETECTED
2026-05-17 15:35:24,726 [INFO] ANALYZED exam=WsLJfd9yNOTd1LT90wxr email=jcrljenko@student.unipu.hr ts=1771104353036 status=FACE_DETECTED
2026-05-17 15:35:25,726 [INFO] ANALYZE_STOP reason=busy processed=7
2026-05-17 15:35:25,868 [INFO] BATCH_WRITE items=7
2026-05-17 15:35:36,869 [INFO] LOAD cpu=2.3% mem=+-0.2% req_rate=0.00/min idle=True
2026-05-17 15:35:36,869 [INFO] ANALYZE_BEGIN n_pending=4046
2026-05-17 15:35:38,425 [INFO] ANALYZED exam=WsLJfd9yNOTd1LT90wxr email=jcrljenko@student.unipu.hr ts=1771104362992 status=FACE_DETECTED
2026-05-17 15:35:39,793 [INFO] ANALYZED exam=WsLJfd9yNOTd1LT90wxr email=jcrljenko@student.unipu.hr ts=1771104371572 status=FACE_DETECTED
2026-05-17 15:35:41,147 [INFO] ANALYZED exam=WsLJfd9yNOTd1LT90wxr email=jcrljenko@student.unipu.hr ts=1771104379184 status=FACE_DETECTED
2026-05-17 15:35:42,467 [INFO] ANALYZED exam=WsLJfd9yNOTd1LT90wxr email=jcrljenko@student.unipu.hr ts=1771104382776 status=FACE_DETECTED
2026-05-17 15:35:43,769 [INFO] ANALYZED exam=WsLJfd9yNOTd1LT90wxr email=jcrljenko@student.unipu.hr ts=1771104389201 status=FACE_DETECTED
2026-05-17 15:35:45,044 [INFO] ANALYZED exam=WsLJfd9yNOTd1LT90wxr email=jcrljenko@student.unipu.hr ts=1771104395891 status=FACE_DETECTED
2026-05-17 15:35:46,234 [INFO] ANALYZED exam=WsLJfd9yNOTd1LT90wxr email=jcrljenko@student.unipu.hr ts=1771459511997 status=NO_FACE_DETECTED
2026-05-17 15:35:47,429 [INFO] ANALYZED exam=WsLJfd9yNOTd1LT90wxr email=jcrljenko@student.unipu.hr ts=1771459514976 status=NO_FACE_DETECTED
2026-05-17 15:35:48,625 [INFO] ANALYZED exam=WsLJfd9yNOTd1LT90wxr email=jcrljenko@student.unipu.hr ts=1771459522746 status=NO_FACE_DETECTED
2026-05-17 15:35:49,753 [INFO] ANALYZED exam=WsLJfd9yNOTd1LT90wxr email=jcrljenko@student.unipu.hr ts=1771459528702 status=NO_FACE_DETECTED
2026-05-17 15:35:50,905 [INFO] ANALYZED exam=WsLJfd9yNOTd1LT90wxr email=jcrljenko@student.unipu.hr ts=1771459531459 status=NO_FACE_DETECTED
2026-05-17 15:35:52,047 [INFO] ANALYZED exam=WsLJfd9yNOTd1LT90wxr email=jcrljenko@student.unipu.hr ts=1771460171659 status=NO_FACE_DETECTED
2026-05-17 15:35:53,196 [INFO] ANALYZED exam=WsLJfd9yNOTd1LT90wxr email=jcrljenko@student.unipu.hr ts=1771460175735 status=NO_FACE_DETECTED
2026-05-17 15:35:54,315 [INFO] ANALYZED exam=WsLJfd9yNOTd1LT90wxr email=jcrljenko@student.unipu.hr ts=1771460178699 status=NO_FACE_DETECTED
2026-05-17 15:35:55,443 [INFO] ANALYZED exam=WsLJfd9yNOTd1LT90wxr email=jcrljenko@student.unipu.hr ts=1771460188551 status=NO_FACE_DETECTED
2026-05-17 15:35:56,561 [INFO] ANALYZED exam=WsLJfd9yNOTd1LT90wxr email=jcrljenko@student.unipu.hr ts=1771461140900 status=NO_FACE_DETECTED
2026-05-17 15:35:57,707 [INFO] ANALYZED exam=WsLJfd9yNOTd1LT90wxr email=jcrljenko@student.unipu.hr ts=1771461148286 status=NO_FACE_DETECTED
2026-05-17 15:35:58,823 [INFO] ANALYZED exam=WsLJfd9yNOTd1LT90wxr email=jcrljenko@student.unipu.hr ts=1771461155280 status=NO_FACE_DETECTED
2026-05-17 15:35:59,964 [INFO] ANALYZED exam=WsLJfd9yNOTd1LT90wxr email=jcrljenko@student.unipu.hr ts=1771461190801 status=NO_FACE_DETECTED
2026-05-17 15:36:01,113 [INFO] ANALYZED exam=WsLJfd9yNOTd1LT90wxr email=jcrljenko@student.unipu.hr ts=1771461192307 status=NO_FACE_DETECTED
2026-05-17 15:36:02,235 [INFO] ANALYZED exam=WsLJfd9yNOTd1LT90wxr email=jcrljenko@student.unipu.hr ts=1771461200245 status=NO_FACE_DETECTED
2026-05-17 15:36:03,365 [INFO] ANALYZED exam=WsLJfd9yNOTd1LT90wxr email=jcrljenko@student.unipu.hr ts=1771461202435 status=NO_FACE_DETECTED
2026-05-17 15:36:04,511 [INFO] ANALYZED exam=WsLJfd9yNOTd1LT90wxr email=jcrljenko@student.unipu.hr ts=1771461244431 status=NO_FACE_DETECTED
2026-05-17 15:36:05,643 [INFO] ANALYZED exam=WsLJfd9yNOTd1LT90wxr email=jcrljenko@student.unipu.hr ts=1771461246983 status=NO_FACE_DETECTED
2026-05-17 15:36:06,644 [INFO] ANALYZE_STOP reason=busy processed=24
2026-05-17 15:36:06,801 [INFO] BATCH_WRITE items=24
2026-05-17 15:36:17,802 [INFO] LOAD cpu=2.9% mem=+0.0% req_rate=0.00/min idle=True
2026-05-17 15:36:17,803 [INFO] ANALYZE_BEGIN n_pending=4022
2026-05-17 15:36:19,168 [INFO] ANALYZED exam=WsLJfd9yNOTd1LT90wxr email=jcrljenko@student.unipu.hr ts=1771461248968 status=NO_FACE_DETECTED
2026-05-17 15:36:20,295 [INFO] ANALYZED exam=WsLJfd9yNOTd1LT90wxr email=jcrljenko@student.unipu.hr ts=1771461252994 status=NO_FACE_DETECTED
2026-05-17 15:36:21,439 [INFO] ANALYZED exam=WsLJfd9yNOTd1LT90wxr email=jcrljenko@student.unipu.hr ts=1771461257943 status=NO_FACE_DETECTED
2026-05-17 15:36:22,578 [INFO] ANALYZED exam=WsLJfd9yNOTd1LT90wxr email=jcrljenko@student.unipu.hr ts=1771461262902 status=NO_FACE_DETECTED
2026-05-17 15:36:23,705 [INFO] ANALYZED exam=WsLJfd9yNOTd1LT90wxr email=jcrljenko@student.unipu.hr ts=1771461268229 status=NO_FACE_DETECTED
2026-05-17 15:36:24,831 [INFO] ANALYZED exam=WsLJfd9yNOTd1LT90wxr email=jcrljenko@student.unipu.hr ts=1771462980799 status=NO_FACE_DETECTED
2026-05-17 15:36:25,832 [INFO] ANALYZE_STOP reason=busy processed=6
2026-05-17 15:36:25,993 [INFO] BATCH_WRITE items=6
2026-05-17 15:36:36,994 [INFO] LOAD cpu=1.8% mem=+-0.3% req_rate=0.00/min idle=True
2026-05-17 15:36:36,995 [INFO] ANALYZE_BEGIN n_pending=4016
2026-05-17 15:36:37,995 [INFO] ANALYZE_STOP reason=busy processed=0
2026-05-17 15:36:48,997 [INFO] LOAD cpu=1.6% mem=+-0.7% req_rate=0.00/min idle=True
2026-05-17 15:36:48,997 [INFO] ANALYZE_BEGIN n_pending=4016
2026-05-17 15:36:50,289 [INFO] ANALYZED exam=WsLJfd9yNOTd1LT90wxr email=jcrljenko@student.unipu.hr ts=1771462986403 status=NO_FACE_DETECTED
2026-05-17 15:36:51,433 [INFO] ANALYZED exam=WsLJfd9yNOTd1LT90wxr email=jcrljenko@student.unipu.hr ts=1771462995102 status=NO_FACE_DETECTED
2026-05-17 15:36:52,776 [INFO] ANALYZED exam=WsLJfd9yNOTd1LT90wxr email=jcrljenko@student.unipu.hr ts=1771777057657 status=FACE_DETECTED
2026-05-17 15:36:54,105 [INFO] ANALYZED exam=WsLJfd9yNOTd1LT90wxr email=jcrljenko@student.unipu.hr ts=1771777065807 status=FACE_DETECTED
2026-05-17 15:36:55,213 [INFO] ANALYZED exam=WsLJfd9yNOTd1LT90wxr email=jcrljenko@student.unipu.hr ts=1773216740788 status=NO_FACE_DETECTED
2026-05-17 15:36:56,325 [INFO] ANALYZED exam=WsLJfd9yNOTd1LT90wxr email=jcrljenko@student.unipu.hr ts=1773216743751 status=NO_FACE_DETECTED
2026-05-17 15:36:57,438 [INFO] ANALYZED exam=WsLJfd9yNOTd1LT90wxr email=jcrljenko@student.unipu.hr ts=1773216748299 status=NO_FACE_DETECTED
2026-05-17 15:36:58,562 [INFO] ANALYZED exam=WsLJfd9yNOTd1LT90wxr email=jcrljenko@student.unipu.hr ts=1773674932682 status=FACE_DETECTED
2026-05-17 15:36:59,702 [INFO] ANALYZED exam=WsLJfd9yNOTd1LT90wxr email=jcrljenko@student.unipu.hr ts=1773674935048 status=FACE_DETECTED
2026-05-17 15:37:00,862 [INFO] ANALYZED exam=WsLJfd9yNOTd1LT90wxr email=jcrljenko@student.unipu.hr ts=1773674935747 status=FACE_DETECTED
2026-05-17 15:37:01,996 [INFO] ANALYZED exam=WsLJfd9yNOTd1LT90wxr email=jcrljenko@student.unipu.hr ts=1774272883534 status=NO_FACE_DETECTED
2026-05-17 15:37:03,129 [INFO] ANALYZED exam=WsLJfd9yNOTd1LT90wxr email=jcrljenko@student.unipu.hr ts=1774272890509 status=NO_FACE_DETECTED
2026-05-17 15:37:04,130 [INFO] ANALYZE_STOP reason=busy processed=12
2026-05-17 15:37:04,388 [INFO] BATCH_WRITE items=12
2026-05-17 15:37:15,389 [INFO] LOAD cpu=1.8% mem=+-0.4% req_rate=0.00/min idle=True
2026-05-17 15:37:15,389 [INFO] ANALYZE_BEGIN n_pending=4004
2026-05-17 15:37:16,752 [INFO] ANALYZED exam=WsLJfd9yNOTd1LT90wxr email=jcrljenko@student.unipu.hr ts=1774280636942 status=NO_FACE_DETECTED
2026-05-17 15:37:17,880 [INFO] ANALYZED exam=WsLJfd9yNOTd1LT90wxr email=jcrljenko@student.unipu.hr ts=1774280645555 status=NO_FACE_DETECTED
2026-05-17 15:37:19,000 [INFO] ANALYZED exam=WsLJfd9yNOTd1LT90wxr email=jcrljenko@student.unipu.hr ts=1776373896566 status=NO_FACE_DETECTED
2026-05-17 15:37:20,131 [INFO] ANALYZED exam=WsLJfd9yNOTd1LT90wxr email=jcrljenko@student.unipu.hr ts=1776373897154 status=NO_FACE_DETECTED
2026-05-17 15:37:21,260 [INFO] ANALYZED exam=WsLJfd9yNOTd1LT90wxr email=jcrljenko@student.unipu.hr ts=1776373902964 status=NO_FACE_DETECTED
2026-05-17 15:37:22,391 [INFO] ANALYZED exam=WsLJfd9yNOTd1LT90wxr email=jcrljenko@student.unipu.hr ts=1776373907676 status=NO_FACE_DETECTED
2026-05-17 15:37:23,513 [INFO] ANALYZED exam=WsLJfd9yNOTd1LT90wxr email=jcrljenko@student.unipu.hr ts=1776373915392 status=NO_FACE_DETECTED
2026-05-17 15:37:24,667 [INFO] ANALYZED exam=WsLJfd9yNOTd1LT90wxr email=jcrljenko@student.unipu.hr ts=1777818259300 status=FACE_DETECTED
2026-05-17 15:37:25,833 [INFO] ANALYZED exam=WsLJfd9yNOTd1LT90wxr email=jcrljenko@student.unipu.hr ts=1777818260376 status=FACE_DETECTED
2026-05-17 15:37:26,996 [INFO] ANALYZED exam=WsLJfd9yNOTd1LT90wxr email=jcrljenko@student.unipu.hr ts=1777818264060 status=NO_FACE_DETECTED
2026-05-17 15:37:28,143 [INFO] ANALYZED exam=WsLJfd9yNOTd1LT90wxr email=jcrljenko@student.unipu.hr ts=1777818289593 status=FACE_DETECTED
2026-05-17 15:37:29,289 [INFO] ANALYZED exam=WsLJfd9yNOTd1LT90wxr email=jcrljenko@student.unipu.hr ts=1777818294921 status=FACE_DETECTED
2026-05-17 15:37:30,429 [INFO] ANALYZED exam=WsLJfd9yNOTd1LT90wxr email=jcrljenko@student.unipu.hr ts=1777818297605 status=FACE_DETECTED
2026-05-17 15:37:31,557 [INFO] ANALYZED exam=WsLJfd9yNOTd1LT90wxr email=jcrljenko@student.unipu.hr ts=1777821981159 status=FACE_DETECTED
2026-05-17 15:37:32,714 [INFO] ANALYZED exam=WsLJfd9yNOTd1LT90wxr email=jcrljenko@student.unipu.hr ts=1777821987691 status=FACE_DETECTED
2026-05-17 15:37:33,854 [INFO] ANALYZED exam=WsLJfd9yNOTd1LT90wxr email=jcrljenko@student.unipu.hr ts=1777821991137 status=FACE_DETECTED
2026-05-17 15:37:34,967 [INFO] ANALYZED exam=WsLJfd9yNOTd1LT90wxr email=jcrljenko@student.unipu.hr ts=1777822001754 status=NO_FACE_DETECTED
2026-05-17 15:37:36,136 [INFO] ANALYZED exam=WsLJfd9yNOTd1LT90wxr email=jcrljenko@student.unipu.hr ts=1777822610503 status=FACE_DETECTED
2026-05-17 15:37:37,265 [INFO] ANALYZED exam=WsLJfd9yNOTd1LT90wxr email=jcrljenko@student.unipu.hr ts=1777822617755 status=NO_FACE_DETECTED
2026-05-17 15:37:38,405 [INFO] ANALYZED exam=WsLJfd9yNOTd1LT90wxr email=jcrljenko@student.unipu.hr ts=1777822622603 status=FACE_DETECTED
2026-05-17 15:37:39,512 [INFO] ANALYZED exam=WsLJfd9yNOTd1LT90wxr email=jcrljenko@student.unipu.hr ts=1777822630254 status=NO_FACE_DETECTED
2026-05-17 15:37:40,647 [INFO] ANALYZED exam=WsLJfd9yNOTd1LT90wxr email=jcrljenko@student.unipu.hr ts=1777822646173 status=FACE_DETECTED
2026-05-17 15:37:41,783 [INFO] ANALYZED exam=WsLJfd9yNOTd1LT90wxr email=jcrljenko@student.unipu.hr ts=1777822652581 status=NO_FACE_DETECTED
2026-05-17 15:37:42,905 [INFO] ANALYZED exam=WsLJfd9yNOTd1LT90wxr email=jcrljenko@student.unipu.hr ts=1778058186104 status=FACE_DETECTED
2026-05-17 15:37:44,033 [INFO] ANALYZED exam=WsLJfd9yNOTd1LT90wxr email=jcrljenko@student.unipu.hr ts=1778058190038 status=FACE_DETECTED
2026-05-17 15:37:45,189 [INFO] ANALYZED exam=WsLJfd9yNOTd1LT90wxr email=jcrljenko@student.unipu.hr ts=1778058198073 status=FACE_DETECTED
2026-05-17 15:37:46,317 [INFO] ANALYZED exam=WsLJfd9yNOTd1LT90wxr email=jcrljenko@student.unipu.hr ts=1778058200209 status=FACE_DETECTED
2026-05-17 15:37:47,462 [INFO] ANALYZED exam=WsLJfd9yNOTd1LT90wxr email=jcrljenko@student.unipu.hr ts=1778058205061 status=FACE_DETECTED
2026-05-17 15:37:48,595 [INFO] ANALYZED exam=WsLJfd9yNOTd1LT90wxr email=jcrljenko@student.unipu.hr ts=1778058206931 status=FACE_DETECTED
2026-05-17 15:37:49,712 [INFO] ANALYZED exam=WsLJfd9yNOTd1LT90wxr email=jcrljenko@student.unipu.hr ts=1778058209984 status=FACE_DETECTED
2026-05-17 15:37:50,831 [INFO] ANALYZED exam=WsLJfd9yNOTd1LT90wxr email=jcrljenko@student.unipu.hr ts=1778058214015 status=FACE_DETECTED
2026-05-17 15:37:51,964 [INFO] ANALYZED exam=WsLJfd9yNOTd1LT90wxr email=jcrljenko@student.unipu.hr ts=1778080120263 status=FACE_DETECTED
2026-05-17 15:37:53,112 [INFO] ANALYZED exam=WsLJfd9yNOTd1LT90wxr email=jcrljenko@student.unipu.hr ts=1778080121223 status=FACE_DETECTED
2026-05-17 15:37:54,284 [INFO] ANALYZED exam=WsLJfd9yNOTd1LT90wxr email=jcrljenko@student.unipu.hr ts=1778080125057 status=FACE_DETECTED
2026-05-17 15:37:55,405 [INFO] ANALYZED exam=WsLJfd9yNOTd1LT90wxr email=jcrljenko@student.unipu.hr ts=1778080128879 status=FACE_DETECTED
2026-05-17 15:37:56,549 [INFO] ANALYZED exam=WsLJfd9yNOTd1LT90wxr email=jcrljenko@student.unipu.hr ts=1778080133655 status=FACE_DETECTED
2026-05-17 15:37:57,702 [INFO] ANALYZED exam=WsLJfd9yNOTd1LT90wxr email=jcrljenko@student.unipu.hr ts=1778084623987 status=MULTIPLE_FACES_DETECTED
2026-05-17 15:37:58,841 [INFO] ANALYZED exam=WsLJfd9yNOTd1LT90wxr email=jcrljenko@student.unipu.hr ts=1778084632513 status=FACE_DETECTED
2026-05-17 15:37:59,995 [INFO] ANALYZED exam=WsLJfd9yNOTd1LT90wxr email=jcrljenko@student.unipu.hr ts=1778084637401 status=MULTIPLE_FACES_DETECTED
2026-05-17 15:38:01,135 [INFO] ANALYZED exam=WsLJfd9yNOTd1LT90wxr email=jcrljenko@student.unipu.hr ts=1778085018189 status=FACE_DETECTED
2026-05-17 15:38:02,303 [INFO] ANALYZED exam=WsLJfd9yNOTd1LT90wxr email=jcrljenko@student.unipu.hr ts=1778085027640 status=FACE_DETECTED
2026-05-17 15:38:03,457 [INFO] ANALYZED exam=WsLJfd9yNOTd1LT90wxr email=jcrljenko@student.unipu.hr ts=1778085031551 status=FACE_DETECTED
2026-05-17 15:38:04,583 [INFO] ANALYZED exam=WsLJfd9yNOTd1LT90wxr email=jcrljenko@student.unipu.hr ts=1778085170983 status=FACE_DETECTED
2026-05-17 15:38:05,584 [INFO] ANALYZE_STOP reason=busy processed=43
2026-05-17 15:38:05,783 [INFO] BATCH_WRITE items=43
2026-05-17 15:38:20,100 [INFO] LOAD cpu=1.3% mem=+-0.5% req_rate=0.00/min idle=True
2026-05-17 15:38:20,100 [INFO] ANALYZE_BEGIN n_pending=3961
2026-05-17 15:38:21,254 [INFO] ANALYZED exam=WsLJfd9yNOTd1LT90wxr email=jcrljenko@student.unipu.hr ts=1778085174577 status=FACE_DETECTED
2026-05-17 15:38:22,390 [INFO] ANALYZED exam=WsLJfd9yNOTd1LT90wxr email=jcrljenko@student.unipu.hr ts=1778085182348 status=FACE_DETECTED
2026-05-17 15:38:23,522 [INFO] ANALYZED exam=WsLJfd9yNOTd1LT90wxr email=jcrljenko@student.unipu.hr ts=1778232364199 status=FACE_DETECTED
2026-05-17 15:38:24,642 [INFO] ANALYZED exam=WsLJfd9yNOTd1LT90wxr email=jcrljenko@student.unipu.hr ts=1778232365699 status=FACE_DETECTED
2026-05-17 15:38:25,777 [INFO] ANALYZED exam=WsLJfd9yNOTd1LT90wxr email=jcrljenko@student.unipu.hr ts=1778232376358 status=FACE_DETECTED
2026-05-17 15:38:26,909 [INFO] ANALYZED exam=WsLJfd9yNOTd1LT90wxr email=jcrljenko@student.unipu.hr ts=1778232387503 status=MULTIPLE_FACES_DETECTED
2026-05-17 15:38:28,059 [INFO] ANALYZED exam=WsLJfd9yNOTd1LT90wxr email=jcrljenko@student.unipu.hr ts=1778232391627 status=MULTIPLE_FACES_DETECTED
2026-05-17 15:38:29,228 [INFO] ANALYZED exam=WsLJfd9yNOTd1LT90wxr email=jcrljenko@student.unipu.hr ts=1778232417925 status=MULTIPLE_FACES_DETECTED
2026-05-17 15:38:30,354 [INFO] ANALYZED exam=WsLJfd9yNOTd1LT90wxr email=jcrljenko@student.unipu.hr ts=1778232419245 status=MULTIPLE_FACES_DETECTED
2026-05-17 15:38:31,489 [INFO] ANALYZED exam=WsLJfd9yNOTd1LT90wxr email=jcrljenko@student.unipu.hr ts=1778232420972 status=MULTIPLE_FACES_DETECTED
2026-05-17 15:38:32,638 [INFO] ANALYZED exam=WsLJfd9yNOTd1LT90wxr email=jcrljenko@student.unipu.hr ts=1778232425701 status=MULTIPLE_FACES_DETECTED
2026-05-17 15:38:33,784 [INFO] ANALYZED exam=WsLJfd9yNOTd1LT90wxr email=jcrljenko@student.unipu.hr ts=1778232428422 status=FACE_DETECTED
2026-05-17 15:38:34,914 [INFO] ANALYZED exam=WsLJfd9yNOTd1LT90wxr email=jcrljenko@student.unipu.hr ts=1778232433192 status=MULTIPLE_FACES_DETECTED
2026-05-17 15:38:36,041 [INFO] ANALYZED exam=WsLJfd9yNOTd1LT90wxr email=jcrljenko@student.unipu.hr ts=1778232436919 status=MULTIPLE_FACES_DETECTED
2026-05-17 15:38:37,178 [INFO] ANALYZED exam=WsLJfd9yNOTd1LT90wxr email=jcrljenko@student.unipu.hr ts=1778232510977 status=MULTIPLE_FACES_DETECTED
2026-05-17 15:38:38,319 [INFO] ANALYZED exam=WsLJfd9yNOTd1LT90wxr email=jcrljenko@student.unipu.hr ts=1778232520312 status=FACE_DETECTED
2026-05-17 15:38:39,320 [INFO] ANALYZE_STOP reason=busy processed=16
2026-05-17 15:38:39,448 [INFO] BATCH_WRITE items=16
2026-05-17 15:38:50,449 [INFO] LOAD cpu=1.2% mem=+-0.9% req_rate=0.00/min idle=True
2026-05-17 15:38:50,449 [INFO] ANALYZE_BEGIN n_pending=3945
2026-05-17 15:38:51,765 [INFO] ANALYZED exam=WsLJfd9yNOTd1LT90wxr email=jcrljenko@student.unipu.hr ts=1778232522240 status=MULTIPLE_FACES_DETECTED
2026-05-17 15:38:52,915 [INFO] ANALYZED exam=WsLJfd9yNOTd1LT90wxr email=jcrljenko@student.unipu.hr ts=1778232526967 status=MULTIPLE_FACES_DETECTED
2026-05-17 15:38:54,060 [INFO] ANALYZED exam=WsLJfd9yNOTd1LT90wxr email=jcrljenko@student.unipu.hr ts=1778232530699 status=MULTIPLE_FACES_DETECTED
2026-05-17 15:38:55,189 [INFO] ANALYZED exam=ktCd3zlLO4teevYVvnM3 email=jcrljenko@student.unipu.hr ts=1776376842973 status=NO_FACE_DETECTED
2026-05-17 15:38:56,190 [INFO] ANALYZE_STOP reason=busy processed=4
2026-05-17 15:38:56,312 [INFO] BATCH_WRITE items=4
2026-05-17 15:39:07,313 [INFO] LOAD cpu=1.6% mem=+-0.9% req_rate=0.00/min idle=True
2026-05-17 15:39:07,313 [INFO] ANALYZE_BEGIN n_pending=3941
2026-05-17 15:39:08,610 [INFO] ANALYZED exam=ktCd3zlLO4teevYVvnM3 email=jcrljenko@student.unipu.hr ts=1776376849198 status=NO_FACE_DETECTED
2026-05-17 15:39:09,735 [INFO] ANALYZED exam=ktCd3zlLO4teevYVvnM3 email=jcrljenko@student.unipu.hr ts=1776376852903 status=NO_FACE_DETECTED
2026-05-17 15:39:10,850 [INFO] ANALYZED exam=ktCd3zlLO4teevYVvnM3 email=jcrljenko@student.unipu.hr ts=1776377119662 status=NO_FACE_DETECTED
2026-05-17 15:39:11,851 [INFO] ANALYZE_STOP reason=busy processed=3
2026-05-17 15:39:11,977 [INFO] BATCH_WRITE items=3
2026-05-17 15:39:22,978 [INFO] LOAD cpu=1.3% mem=+-0.8% req_rate=0.00/min idle=True
2026-05-17 15:39:22,978 [INFO] ANALYZE_BEGIN n_pending=3938
2026-05-17 15:39:24,243 [INFO] ANALYZED exam=ktCd3zlLO4teevYVvnM3 email=jcrljenko@student.unipu.hr ts=1776377126100 status=NO_FACE_DETECTED
2026-05-17 15:39:25,367 [INFO] ANALYZED exam=ktCd3zlLO4teevYVvnM3 email=jcrljenko@student.unipu.hr ts=1776377812703 status=NO_FACE_DETECTED
2026-05-17 15:39:26,508 [INFO] ANALYZED exam=ktCd3zlLO4teevYVvnM3 email=jcrljenko@student.unipu.hr ts=1776377814788 status=NO_FACE_DETECTED
2026-05-17 15:39:27,636 [INFO] ANALYZED exam=ktCd3zlLO4teevYVvnM3 email=jcrljenko@student.unipu.hr ts=1776377817396 status=NO_FACE_DETECTED
2026-05-17 15:39:28,761 [INFO] ANALYZED exam=ktCd3zlLO4teevYVvnM3 email=jcrljenko@student.unipu.hr ts=1776377820796 status=NO_FACE_DETECTED
2026-05-17 15:39:29,887 [INFO] ANALYZED exam=ktCd3zlLO4teevYVvnM3 email=jcrljenko@student.unipu.hr ts=1776377821276 status=NO_FACE_DETECTED
2026-05-17 15:39:31,020 [INFO] ANALYZED exam=ktCd3zlLO4teevYVvnM3 email=jcrljenko@student.unipu.hr ts=1776377823713 status=NO_FACE_DETECTED
2026-05-17 15:39:32,160 [INFO] ANALYZED exam=ktCd3zlLO4teevYVvnM3 email=jcrljenko@student.unipu.hr ts=1776377825023 status=NO_FACE_DETECTED
2026-05-17 15:39:33,282 [INFO] ANALYZED exam=ktCd3zlLO4teevYVvnM3 email=jcrljenko@student.unipu.hr ts=1776377970245 status=NO_FACE_DETECTED
2026-05-17 15:39:34,402 [INFO] ANALYZED exam=ktCd3zlLO4teevYVvnM3 email=jcrljenko@student.unipu.hr ts=1776377971661 status=NO_FACE_DETECTED
2026-05-17 15:39:35,528 [INFO] ANALYZED exam=ktCd3zlLO4teevYVvnM3 email=jcrljenko@student.unipu.hr ts=1776377975377 status=NO_FACE_DETECTED
2026-05-17 15:39:36,700 [INFO] ANALYZED exam=ktCd3zlLO4teevYVvnM3 email=jcrljenko@student.unipu.hr ts=1776378497379 status=NO_FACE_DETECTED
2026-05-17 15:39:37,840 [INFO] ANALYZED exam=ktCd3zlLO4teevYVvnM3 email=jcrljenko@student.unipu.hr ts=1776378501030 status=NO_FACE_DETECTED
2026-05-17 15:39:38,973 [INFO] ANALYZED exam=tQoHDQTrz1iAzcfYrbTF email=abozinovi@student.unipu.hr ts=1777835777088 status=FACE_DETECTED
2026-05-17 15:39:40,125 [INFO] ANALYZED exam=tQoHDQTrz1iAzcfYrbTF email=abozinovi@student.unipu.hr ts=1777835778912 status=FACE_DETECTED
2026-05-17 15:39:41,247 [INFO] ANALYZED exam=tQoHDQTrz1iAzcfYrbTF email=abozinovi@student.unipu.hr ts=1777835788454 status=FACE_DETECTED
2026-05-17 15:39:42,371 [INFO] ANALYZED exam=tQoHDQTrz1iAzcfYrbTF email=abozinovi@student.unipu.hr ts=1777835793203 status=FACE_DETECTED
2026-05-17 15:39:43,508 [INFO] ANALYZED exam=tQoHDQTrz1iAzcfYrbTF email=abozinovi@student.unipu.hr ts=1777835797803 status=FACE_DETECTED
2026-05-17 15:39:44,633 [INFO] ANALYZED exam=tQoHDQTrz1iAzcfYrbTF email=abozinovi@student.unipu.hr ts=1777835803416 status=FACE_DETECTED
2026-05-17 15:39:45,634 [INFO] ANALYZE_STOP reason=busy processed=19
2026-05-17 15:39:45,766 [INFO] BATCH_WRITE items=19
2026-05-17 15:39:56,767 [INFO] LOAD cpu=2.7% mem=+-1.0% req_rate=0.00/min idle=True
2026-05-17 15:39:56,768 [INFO] ANALYZE_BEGIN n_pending=3919
2026-05-17 15:39:58,048 [INFO] ANALYZED exam=tQoHDQTrz1iAzcfYrbTF email=abozinovi@student.unipu.hr ts=1777835812996 status=FACE_DETECTED
2026-05-17 15:39:59,186 [INFO] ANALYZED exam=tQoHDQTrz1iAzcfYrbTF email=abozinovi@student.unipu.hr ts=1777835817722 status=FACE_DETECTED
2026-05-17 15:40:00,316 [INFO] ANALYZED exam=tQoHDQTrz1iAzcfYrbTF email=abozinovi@student.unipu.hr ts=1777835820306 status=FACE_DETECTED
2026-05-17 15:40:01,451 [INFO] ANALYZED exam=tQoHDQTrz1iAzcfYrbTF email=abozinovi@student.unipu.hr ts=1777835824894 status=FACE_DETECTED
2026-05-17 15:40:02,602 [INFO] ANALYZED exam=tQoHDQTrz1iAzcfYrbTF email=abozinovi@student.unipu.hr ts=1777835832461 status=FACE_DETECTED
2026-05-17 15:40:03,766 [INFO] ANALYZED exam=tQoHDQTrz1iAzcfYrbTF email=abozinovi@student.unipu.hr ts=1777835834190 status=FACE_DETECTED
2026-05-17 15:40:04,897 [INFO] ANALYZED exam=tQoHDQTrz1iAzcfYrbTF email=abozinovi@student.unipu.hr ts=1777835842769 status=FACE_DETECTED
2026-05-17 15:40:06,025 [INFO] ANALYZED exam=tQoHDQTrz1iAzcfYrbTF email=abozinovi@student.unipu.hr ts=1777835850490 status=FACE_DETECTED
2026-05-17 15:40:07,153 [INFO] ANALYZED exam=tQoHDQTrz1iAzcfYrbTF email=abozinovi@student.unipu.hr ts=1777835857285 status=FACE_DETECTED
2026-05-17 15:40:08,154 [INFO] ANALYZE_STOP reason=busy processed=9
2026-05-17 15:40:08,290 [INFO] BATCH_WRITE items=9
2026-05-17 15:40:19,291 [INFO] LOAD cpu=2.6% mem=+-0.8% req_rate=0.00/min idle=True
2026-05-17 15:40:19,291 [INFO] ANALYZE_BEGIN n_pending=3910
2026-05-17 15:40:20,573 [INFO] ANALYZED exam=tQoHDQTrz1iAzcfYrbTF email=abozinovi@student.unipu.hr ts=1777835863019 status=FACE_DETECTED
2026-05-17 15:40:21,720 [INFO] ANALYZED exam=tQoHDQTrz1iAzcfYrbTF email=abozinovi@student.unipu.hr ts=1777835869660 status=FACE_DETECTED
2026-05-17 15:40:22,840 [INFO] ANALYZED exam=tQoHDQTrz1iAzcfYrbTF email=abozinovi@student.unipu.hr ts=1777835872390 status=FACE_DETECTED
2026-05-17 15:40:23,978 [INFO] ANALYZED exam=tQoHDQTrz1iAzcfYrbTF email=abozinovi@student.unipu.hr ts=1777835881985 status=FACE_DETECTED
2026-05-17 15:40:25,121 [INFO] ANALYZED exam=tQoHDQTrz1iAzcfYrbTF email=abozinovi@student.unipu.hr ts=1777835892704 status=FACE_DETECTED
2026-05-17 15:40:26,253 [INFO] ANALYZED exam=tQoHDQTrz1iAzcfYrbTF email=abozinovi@student.unipu.hr ts=1777835899408 status=FACE_DETECTED
2026-05-17 15:40:27,378 [INFO] ANALYZED exam=tQoHDQTrz1iAzcfYrbTF email=abozinovi@student.unipu.hr ts=1777835903154 status=FACE_DETECTED
2026-05-17 15:40:28,500 [INFO] ANALYZED exam=tQoHDQTrz1iAzcfYrbTF email=abozinovi@student.unipu.hr ts=1777835907728 status=FACE_DETECTED
2026-05-17 15:40:29,626 [INFO] ANALYZED exam=tQoHDQTrz1iAzcfYrbTF email=abozinovi@student.unipu.hr ts=1777835911317 status=FACE_DETECTED
2026-05-17 15:40:30,766 [INFO] ANALYZED exam=tQoHDQTrz1iAzcfYrbTF email=abozinovi@student.unipu.hr ts=1777835912898 status=FACE_DETECTED
2026-05-17 15:40:31,925 [INFO] ANALYZED exam=tQoHDQTrz1iAzcfYrbTF email=abozinovi@student.unipu.hr ts=1777835917466 status=FACE_DETECTED
2026-05-17 15:40:33,059 [INFO] ANALYZED exam=tQoHDQTrz1iAzcfYrbTF email=abozinovi@student.unipu.hr ts=1777835922116 status=FACE_DETECTED
2026-05-17 15:40:34,196 [INFO] ANALYZED exam=tQoHDQTrz1iAzcfYrbTF email=abozinovi@student.unipu.hr ts=1777835926708 status=FACE_DETECTED
2026-05-17 15:40:35,334 [INFO] ANALYZED exam=tQoHDQTrz1iAzcfYrbTF email=abozinovi@student.unipu.hr ts=1777835928290 status=FACE_DETECTED
2026-05-17 15:40:36,460 [INFO] ANALYZED exam=tQoHDQTrz1iAzcfYrbTF email=abozinovi@student.unipu.hr ts=1777835932862 status=FACE_DETECTED
2026-05-17 15:40:37,595 [INFO] ANALYZED exam=tQoHDQTrz1iAzcfYrbTF email=abozinovi@student.unipu.hr ts=1777835939461 status=FACE_DETECTED
2026-05-17 15:40:38,741 [INFO] ANALYZED exam=tQoHDQTrz1iAzcfYrbTF email=abozinovi@student.unipu.hr ts=1777835949199 status=FACE_DETECTED
2026-05-17 15:40:39,871 [INFO] ANALYZED exam=tQoHDQTrz1iAzcfYrbTF email=abozinovi@student.unipu.hr ts=1777835950889 status=FACE_DETECTED
2026-05-17 15:40:41,003 [INFO] ANALYZED exam=tQoHDQTrz1iAzcfYrbTF email=abozinovi@student.unipu.hr ts=1777835955450 status=FACE_DETECTED
2026-05-17 15:40:42,137 [INFO] ANALYZED exam=tQoHDQTrz1iAzcfYrbTF email=abozinovi@student.unipu.hr ts=1777835957017 status=FACE_DETECTED
2026-05-17 15:40:43,316 [INFO] ANALYZED exam=tQoHDQTrz1iAzcfYrbTF email=abozinovi@student.unipu.hr ts=1777835962601 status=FACE_DETECTED
2026-05-17 15:40:44,443 [INFO] ANALYZED exam=tQoHDQTrz1iAzcfYrbTF email=abozinovi@student.unipu.hr ts=1777835973192 status=FACE_DETECTED
2026-05-17 15:40:45,585 [INFO] ANALYZED exam=tQoHDQTrz1iAzcfYrbTF email=abozinovi@student.unipu.hr ts=1777835974914 status=FACE_DETECTED
2026-05-17 15:40:46,715 [INFO] ANALYZED exam=tQoHDQTrz1iAzcfYrbTF email=abozinovi@student.unipu.hr ts=1777835981503 status=FACE_DETECTED
2026-05-17 15:40:47,843 [INFO] ANALYZED exam=tQoHDQTrz1iAzcfYrbTF email=abozinovi@student.unipu.hr ts=1777835992189 status=FACE_DETECTED
2026-05-17 15:40:48,968 [INFO] ANALYZED exam=tQoHDQTrz1iAzcfYrbTF email=abozinovi@student.unipu.hr ts=1777835993893 status=FACE_DETECTED
2026-05-17 15:40:50,100 [INFO] ANALYZED exam=tQoHDQTrz1iAzcfYrbTF email=abozinovi@student.unipu.hr ts=1777836000479 status=FACE_DETECTED
2026-05-17 15:40:51,245 [INFO] ANALYZED exam=tQoHDQTrz1iAzcfYrbTF email=abozinovi@student.unipu.hr ts=1777836009198 status=FACE_DETECTED
2026-05-17 15:40:52,377 [INFO] ANALYZED exam=tQoHDQTrz1iAzcfYrbTF email=abozinovi@student.unipu.hr ts=1777836016921 status=FACE_DETECTED
2026-05-17 15:40:53,516 [INFO] ANALYZED exam=tQoHDQTrz1iAzcfYrbTF email=abozinovi@student.unipu.hr ts=1777836025642 status=FACE_DETECTED
2026-05-17 15:40:54,655 [INFO] ANALYZED exam=tQoHDQTrz1iAzcfYrbTF email=abozinovi@student.unipu.hr ts=1777836031349 status=FACE_DETECTED
2026-05-17 15:40:55,796 [INFO] ANALYZED exam=tQoHDQTrz1iAzcfYrbTF email=abozinovi@student.unipu.hr ts=1777836033935 status=FACE_DETECTED
2026-05-17 15:40:56,939 [INFO] ANALYZED exam=tQoHDQTrz1iAzcfYrbTF email=abozinovi@student.unipu.hr ts=1777836037482 status=FACE_DETECTED
2026-05-17 15:40:58,072 [INFO] ANALYZED exam=tQoHDQTrz1iAzcfYrbTF email=abozinovi@student.unipu.hr ts=1777836039035 status=FACE_DETECTED
2026-05-17 15:40:59,200 [INFO] ANALYZED exam=tQoHDQTrz1iAzcfYrbTF email=abozinovi@student.unipu.hr ts=1777836041601 status=FACE_DETECTED
2026-05-17 15:41:00,332 [INFO] ANALYZED exam=tQoHDQTrz1iAzcfYrbTF email=abozinovi@student.unipu.hr ts=1777836043155 status=FACE_DETECTED
2026-05-17 15:41:01,464 [INFO] ANALYZED exam=tQoHDQTrz1iAzcfYrbTF email=abozinovi@student.unipu.hr ts=1777836051746 status=FACE_DETECTED
2026-05-17 15:41:02,594 [INFO] ANALYZED exam=tQoHDQTrz1iAzcfYrbTF email=abozinovi@student.unipu.hr ts=1777836054447 status=FACE_DETECTED
2026-05-17 15:41:03,722 [INFO] ANALYZED exam=tQoHDQTrz1iAzcfYrbTF email=abozinovi@student.unipu.hr ts=1777836062010 status=FACE_DETECTED
2026-05-17 15:41:04,842 [INFO] ANALYZED exam=tQoHDQTrz1iAzcfYrbTF email=abozinovi@student.unipu.hr ts=1777836068526 status=FACE_DETECTED
2026-05-17 15:41:05,961 [INFO] ANALYZED exam=tQoHDQTrz1iAzcfYrbTF email=abozinovi@student.unipu.hr ts=1777836072085 status=FACE_DETECTED
2026-05-17 15:41:07,094 [INFO] ANALYZED exam=tQoHDQTrz1iAzcfYrbTF email=abozinovi@student.unipu.hr ts=1777836077662 status=FACE_DETECTED
2026-05-17 15:41:08,232 [INFO] ANALYZED exam=tQoHDQTrz1iAzcfYrbTF email=abozinovi@student.unipu.hr ts=1777836081236 status=FACE_DETECTED
2026-05-17 15:41:09,369 [INFO] ANALYZED exam=tQoHDQTrz1iAzcfYrbTF email=abozinovi@student.unipu.hr ts=1777836084814 status=FACE_DETECTED
2026-05-17 15:41:10,501 [INFO] ANALYZED exam=tQoHDQTrz1iAzcfYrbTF email=abozinovi@student.unipu.hr ts=1777836093383 status=FACE_DETECTED
2026-05-17 15:41:11,501 [INFO] ANALYZE_STOP reason=busy processed=45
2026-05-17 15:41:11,697 [INFO] BATCH_WRITE items=45
2026-05-17 15:41:26,310 [INFO] LOAD cpu=2.5% mem=+-0.9% req_rate=0.00/min idle=True
2026-05-17 15:41:26,310 [INFO] ANALYZE_BEGIN n_pending=3865
2026-05-17 15:41:27,449 [INFO] ANALYZED exam=tQoHDQTrz1iAzcfYrbTF email=abozinovi@student.unipu.hr ts=1777836097938 status=FACE_DETECTED
2026-05-17 15:41:28,569 [INFO] ANALYZED exam=tQoHDQTrz1iAzcfYrbTF email=abozinovi@student.unipu.hr ts=1777836103500 status=FACE_DETECTED
2026-05-17 15:41:29,732 [INFO] ANALYZED exam=tQoHDQTrz1iAzcfYrbTF email=abozinovi@student.unipu.hr ts=1777836108075 status=FACE_DETECTED
2026-05-17 15:41:30,876 [INFO] ANALYZED exam=tQoHDQTrz1iAzcfYrbTF email=abozinovi@student.unipu.hr ts=1777836109641 status=FACE_DETECTED
2026-05-17 15:41:32,011 [INFO] ANALYZED exam=tQoHDQTrz1iAzcfYrbTF email=abozinovi@student.unipu.hr ts=1777836120223 status=FACE_DETECTED
2026-05-17 15:41:33,145 [INFO] ANALYZED exam=tQoHDQTrz1iAzcfYrbTF email=abozinovi@student.unipu.hr ts=1777836128823 status=FACE_DETECTED
2026-05-17 15:41:34,268 [INFO] ANALYZED exam=tQoHDQTrz1iAzcfYrbTF email=abozinovi@student.unipu.hr ts=1777836131395 status=FACE_DETECTED
2026-05-17 15:41:35,395 [INFO] ANALYZED exam=tQoHDQTrz1iAzcfYrbTF email=abozinovi@student.unipu.hr ts=1777836134974 status=FACE_DETECTED
2026-05-17 15:41:36,524 [INFO] ANALYZED exam=tQoHDQTrz1iAzcfYrbTF email=abozinovi@student.unipu.hr ts=1777836142585 status=FACE_DETECTED
2026-05-17 15:41:37,646 [INFO] ANALYZED exam=tQoHDQTrz1iAzcfYrbTF email=abozinovi@student.unipu.hr ts=1777836147389 status=FACE_DETECTED
2026-05-17 15:41:38,778 [INFO] ANALYZED exam=tQoHDQTrz1iAzcfYrbTF email=abozinovi@student.unipu.hr ts=1777836155876 status=FACE_DETECTED
2026-05-17 15:41:39,898 [INFO] ANALYZED exam=tQoHDQTrz1iAzcfYrbTF email=abozinovi@student.unipu.hr ts=1777836164430 status=FACE_DETECTED
2026-05-17 15:41:41,041 [INFO] ANALYZED exam=tQoHDQTrz1iAzcfYrbTF email=abozinovi@student.unipu.hr ts=1777836168991 status=FACE_DETECTED
2026-05-17 15:41:42,187 [INFO] ANALYZED exam=tQoHDQTrz1iAzcfYrbTF email=abozinovi@student.unipu.hr ts=1777836179587 status=FACE_DETECTED
2026-05-17 15:41:43,319 [INFO] ANALYZED exam=tQoHDQTrz1iAzcfYrbTF email=abozinovi@student.unipu.hr ts=1777836189177 status=FACE_DETECTED
2026-05-17 15:41:44,447 [INFO] ANALYZED exam=tQoHDQTrz1iAzcfYrbTF email=abozinovi@student.unipu.hr ts=1777836191798 status=FACE_DETECTED
2026-05-17 15:41:45,583 [INFO] ANALYZED exam=tQoHDQTrz1iAzcfYrbTF email=abozinovi@student.unipu.hr ts=1777836199425 status=FACE_DETECTED
2026-05-17 15:41:46,716 [INFO] ANALYZED exam=tQoHDQTrz1iAzcfYrbTF email=abozinovi@student.unipu.hr ts=1777836207021 status=FACE_DETECTED
2026-05-17 15:41:47,849 [INFO] ANALYZED exam=tQoHDQTrz1iAzcfYrbTF email=abozinovi@student.unipu.hr ts=1777836213587 status=FACE_DETECTED
2026-05-17 15:41:48,979 [INFO] ANALYZED exam=tQoHDQTrz1iAzcfYrbTF email=abozinovi@student.unipu.hr ts=1777836221153 status=FACE_DETECTED
2026-05-17 15:41:50,126 [INFO] ANALYZED exam=tQoHDQTrz1iAzcfYrbTF email=abozinovi@student.unipu.hr ts=1777836230744 status=FACE_DETECTED
2026-05-17 15:41:51,256 [INFO] ANALYZED exam=tQoHDQTrz1iAzcfYrbTF email=abozinovi@student.unipu.hr ts=1777836236352 status=FACE_DETECTED
2026-05-17 15:41:52,381 [INFO] ANALYZED exam=tQoHDQTrz1iAzcfYrbTF email=abozinovi@student.unipu.hr ts=1777836240903 status=FACE_DETECTED
2026-05-17 15:41:53,514 [INFO] ANALYZED exam=tQoHDQTrz1iAzcfYrbTF email=abozinovi@student.unipu.hr ts=1777836251484 status=FACE_DETECTED
2026-05-17 15:41:54,644 [INFO] ANALYZED exam=tQoHDQTrz1iAzcfYrbTF email=abozinovi@student.unipu.hr ts=1777836254189 status=FACE_DETECTED
2026-05-17 15:41:55,776 [INFO] ANALYZED exam=tQoHDQTrz1iAzcfYrbTF email=abozinovi@student.unipu.hr ts=1777836256683 status=FACE_DETECTED
2026-05-17 15:41:56,949 [INFO] ANALYZED exam=tQoHDQTrz1iAzcfYrbTF email=abozinovi@student.unipu.hr ts=1777836266328 status=FACE_DETECTED
2026-05-17 15:41:58,066 [INFO] ANALYZED exam=tQoHDQTrz1iAzcfYrbTF email=abozinovi@student.unipu.hr ts=1777836273914 status=FACE_DETECTED
2026-05-17 15:41:59,187 [INFO] ANALYZED exam=tQoHDQTrz1iAzcfYrbTF email=abozinovi@student.unipu.hr ts=1777836277516 status=FACE_DETECTED
2026-05-17 15:42:00,188 [INFO] ANALYZE_STOP reason=busy processed=29
2026-05-17 15:42:00,362 [INFO] BATCH_WRITE items=29
2026-05-17 15:42:11,363 [INFO] LOAD cpu=4.9% mem=+-0.7% req_rate=0.00/min idle=True
2026-05-17 15:42:11,364 [INFO] ANALYZE_BEGIN n_pending=3836
2026-05-17 15:42:12,666 [INFO] ANALYZED exam=tQoHDQTrz1iAzcfYrbTF email=abozinovi@student.unipu.hr ts=1777836281398 status=FACE_DETECTED
2026-05-17 15:42:13,795 [INFO] ANALYZED exam=tQoHDQTrz1iAzcfYrbTF email=abozinovi@student.unipu.hr ts=1777836282943 status=FACE_DETECTED
2026-05-17 15:42:14,940 [INFO] ANALYZED exam=tQoHDQTrz1iAzcfYrbTF email=abozinovi@student.unipu.hr ts=1777836286508 status=FACE_DETECTED
2026-05-17 15:42:16,057 [INFO] ANALYZED exam=tQoHDQTrz1iAzcfYrbTF email=abozinovi@student.unipu.hr ts=1777836294194 status=FACE_DETECTED
2026-05-17 15:42:17,183 [INFO] ANALYZED exam=tQoHDQTrz1iAzcfYrbTF email=abozinovi@student.unipu.hr ts=1777836302816 status=FACE_DETECTED
2026-05-17 15:42:18,295 [INFO] ANALYZED exam=tQoHDQTrz1iAzcfYrbTF email=abozinovi@student.unipu.hr ts=1777836304529 status=FACE_DETECTED
2026-05-17 15:42:19,446 [INFO] ANALYZED exam=tQoHDQTrz1iAzcfYrbTF email=abozinovi@student.unipu.hr ts=1777836313095 status=FACE_DETECTED
2026-05-17 15:42:20,573 [INFO] ANALYZED exam=tQoHDQTrz1iAzcfYrbTF email=abozinovi@student.unipu.hr ts=1777836314705 status=FACE_DETECTED
2026-05-17 15:42:21,574 [INFO] ANALYZE_STOP reason=busy processed=8
2026-05-17 15:42:21,684 [INFO] BATCH_WRITE items=8
2026-05-17 15:42:32,685 [INFO] LOAD cpu=2.1% mem=+-1.2% req_rate=0.00/min idle=True
2026-05-17 15:42:32,685 [INFO] ANALYZE_BEGIN n_pending=3828
2026-05-17 15:42:33,969 [INFO] ANALYZED exam=tQoHDQTrz1iAzcfYrbTF email=abozinovi@student.unipu.hr ts=1777836319246 status=FACE_DETECTED
2026-05-17 15:42:35,081 [INFO] ANALYZED exam=tQoHDQTrz1iAzcfYrbTF email=abozinovi@student.unipu.hr ts=1777836320813 status=FACE_DETECTED
2026-05-17 15:42:36,202 [INFO] ANALYZED exam=tQoHDQTrz1iAzcfYrbTF email=abozinovi@student.unipu.hr ts=1777836323365 status=FACE_DETECTED
2026-05-17 15:42:37,335 [INFO] ANALYZED exam=tQoHDQTrz1iAzcfYrbTF email=abozinovi@student.unipu.hr ts=1777836325935 status=FACE_DETECTED
2026-05-17 15:42:38,461 [INFO] ANALYZED exam=tQoHDQTrz1iAzcfYrbTF email=abozinovi@student.unipu.hr ts=1777836331498 status=FACE_DETECTED
2026-05-17 15:42:39,582 [INFO] ANALYZED exam=tQoHDQTrz1iAzcfYrbTF email=abozinovi@student.unipu.hr ts=1777836338079 status=FACE_DETECTED
2026-05-17 15:42:40,706 [INFO] ANALYZED exam=tQoHDQTrz1iAzcfYrbTF email=abozinovi@student.unipu.hr ts=1777836339838 status=FACE_DETECTED
2026-05-17 15:42:41,845 [INFO] ANALYZED exam=tQoHDQTrz1iAzcfYrbTF email=abozinovi@student.unipu.hr ts=1777836348426 status=FACE_DETECTED
2026-05-17 15:42:42,984 [INFO] ANALYZED exam=tQoHDQTrz1iAzcfYrbTF email=abozinovi@student.unipu.hr ts=1777836356352 status=FACE_DETECTED
2026-05-17 15:42:44,105 [INFO] ANALYZED exam=tQoHDQTrz1iAzcfYrbTF email=abozinovi@student.unipu.hr ts=1777836363965 status=FACE_DETECTED
2026-05-17 15:42:45,259 [INFO] ANALYZED exam=tQoHDQTrz1iAzcfYrbTF email=abozinovi@student.unipu.hr ts=1777836372562 status=FACE_DETECTED
2026-05-17 15:42:46,383 [INFO] ANALYZED exam=tQoHDQTrz1iAzcfYrbTF email=abozinovi@student.unipu.hr ts=1777836375151 status=FACE_DETECTED
2026-05-17 15:42:47,516 [INFO] ANALYZED exam=tQoHDQTrz1iAzcfYrbTF email=abozinovi@student.unipu.hr ts=1777836385730 status=FACE_DETECTED
2026-05-17 15:42:48,650 [INFO] ANALYZED exam=tQoHDQTrz1iAzcfYrbTF email=abozinovi@student.unipu.hr ts=1777836392444 status=FACE_DETECTED
2026-05-17 15:42:49,767 [INFO] ANALYZED exam=tQoHDQTrz1iAzcfYrbTF email=abozinovi@student.unipu.hr ts=1777836398023 status=FACE_DETECTED
2026-05-17 15:42:50,912 [INFO] ANALYZED exam=tQoHDQTrz1iAzcfYrbTF email=abozinovi@student.unipu.hr ts=1777836405606 status=FACE_DETECTED
2026-05-17 15:42:52,036 [INFO] ANALYZED exam=tQoHDQTrz1iAzcfYrbTF email=abozinovi@student.unipu.hr ts=1777836412377 status=FACE_DETECTED
2026-05-17 15:42:53,161 [INFO] ANALYZED exam=tQoHDQTrz1iAzcfYrbTF email=abozinovi@student.unipu.hr ts=1777836416079 status=FACE_DETECTED
2026-05-17 15:42:54,285 [INFO] ANALYZED exam=tQoHDQTrz1iAzcfYrbTF email=abozinovi@student.unipu.hr ts=1777836417662 status=FACE_DETECTED
2026-05-17 15:42:55,425 [INFO] ANALYZED exam=tQoHDQTrz1iAzcfYrbTF email=abozinovi@student.unipu.hr ts=1777836425251 status=FACE_DETECTED
2026-05-17 15:42:56,547 [INFO] ANALYZED exam=tQoHDQTrz1iAzcfYrbTF email=abozinovi@student.unipu.hr ts=1777836431954 status=FACE_DETECTED
2026-05-17 15:42:57,548 [INFO] ANALYZE_STOP reason=busy processed=21
2026-05-17 15:42:57,677 [INFO] BATCH_WRITE items=21
2026-05-17 15:43:08,678 [INFO] LOAD cpu=1.3% mem=+-1.4% req_rate=0.00/min idle=True
2026-05-17 15:43:08,679 [INFO] ANALYZE_BEGIN n_pending=3807
2026-05-17 15:43:09,955 [INFO] ANALYZED exam=tQoHDQTrz1iAzcfYrbTF email=abozinovi@student.unipu.hr ts=1777836433660 status=FACE_DETECTED
2026-05-17 15:43:10,956 [INFO] ANALYZE_STOP reason=busy processed=1
2026-05-17 15:43:11,054 [INFO] BATCH_WRITE items=1
2026-05-17 15:43:22,055 [INFO] LOAD cpu=1.5% mem=+-1.1% req_rate=0.00/min idle=True
2026-05-17 15:43:22,055 [INFO] ANALYZE_BEGIN n_pending=3806
2026-05-17 15:43:23,347 [INFO] ANALYZED exam=tQoHDQTrz1iAzcfYrbTF email=abozinovi@student.unipu.hr ts=1777836441201 status=FACE_DETECTED
2026-05-17 15:43:24,466 [INFO] ANALYZED exam=tQoHDQTrz1iAzcfYrbTF email=abozinovi@student.unipu.hr ts=1777836448938 status=FACE_DETECTED
2026-05-17 15:43:25,615 [INFO] ANALYZED exam=tQoHDQTrz1iAzcfYrbTF email=abozinovi@student.unipu.hr ts=1777836457701 status=FACE_DETECTED
2026-05-17 15:43:26,774 [INFO] ANALYZED exam=tQoHDQTrz1iAzcfYrbTF email=abozinovi@student.unipu.hr ts=1777836464409 status=FACE_DETECTED
2026-05-17 15:43:27,899 [INFO] ANALYZED exam=tQoHDQTrz1iAzcfYrbTF email=adrascic@student.unipu.hr ts=1777221514671 status=FACE_DETECTED
2026-05-17 15:43:29,035 [INFO] ANALYZED exam=tQoHDQTrz1iAzcfYrbTF email=adrascic@student.unipu.hr ts=1777221520440 status=FACE_DETECTED
2026-05-17 15:43:30,165 [INFO] ANALYZED exam=tQoHDQTrz1iAzcfYrbTF email=adrascic@student.unipu.hr ts=1777221523233 status=FACE_DETECTED
2026-05-17 15:43:31,166 [INFO] ANALYZE_STOP reason=busy processed=7
2026-05-17 15:43:31,279 [INFO] BATCH_WRITE items=7
2026-05-17 15:43:42,280 [INFO] LOAD cpu=2.1% mem=+-1.0% req_rate=0.00/min idle=True
2026-05-17 15:43:42,280 [INFO] ANALYZE_BEGIN n_pending=3799
2026-05-17 15:43:43,556 [INFO] ANALYZED exam=tQoHDQTrz1iAzcfYrbTF email=adrascic@student.unipu.hr ts=1777221527141 status=FACE_DETECTED
2026-05-17 15:43:44,682 [INFO] ANALYZED exam=tQoHDQTrz1iAzcfYrbTF email=adrascic@student.unipu.hr ts=1777221530882 status=FACE_DETECTED
2026-05-17 15:43:45,802 [INFO] ANALYZED exam=tQoHDQTrz1iAzcfYrbTF email=adrascic@student.unipu.hr ts=1777221538867 status=FACE_DETECTED
2026-05-17 15:43:46,934 [INFO] ANALYZED exam=tQoHDQTrz1iAzcfYrbTF email=adrascic@student.unipu.hr ts=1777221547745 status=FACE_DETECTED
2026-05-17 15:43:48,055 [INFO] ANALYZED exam=tQoHDQTrz1iAzcfYrbTF email=adrascic@student.unipu.hr ts=1777221556609 status=FACE_DETECTED
2026-05-17 15:43:49,181 [INFO] ANALYZED exam=tQoHDQTrz1iAzcfYrbTF email=adrascic@student.unipu.hr ts=1777221566489 status=FACE_DETECTED
2026-05-17 15:43:50,304 [INFO] ANALYZED exam=tQoHDQTrz1iAzcfYrbTF email=adrascic@student.unipu.hr ts=1777221572345 status=FACE_DETECTED
2026-05-17 15:43:51,305 [INFO] ANALYZE_STOP reason=busy processed=7
2026-05-17 15:43:51,420 [INFO] BATCH_WRITE items=7
2026-05-17 15:44:05,261 [INFO] LOAD cpu=5.1% mem=+-0.8% req_rate=0.00/min idle=False
2026-05-17 15:44:16,262 [INFO] LOAD cpu=3.3% mem=+-0.8% req_rate=0.00/min idle=True
2026-05-17 15:44:16,263 [INFO] ANALYZE_BEGIN n_pending=3792
2026-05-17 15:44:17,536 [INFO] ANALYZED exam=tQoHDQTrz1iAzcfYrbTF email=adrascic@student.unipu.hr ts=1777221577045 status=FACE_DETECTED
2026-05-17 15:44:18,658 [INFO] ANALYZED exam=tQoHDQTrz1iAzcfYrbTF email=adrascic@student.unipu.hr ts=1777221582769 status=FACE_DETECTED
2026-05-17 15:44:19,783 [INFO] ANALYZED exam=tQoHDQTrz1iAzcfYrbTF email=adrascic@student.unipu.hr ts=1777221592506 status=FACE_DETECTED
2026-05-17 15:44:20,904 [INFO] ANALYZED exam=tQoHDQTrz1iAzcfYrbTF email=adrascic@student.unipu.hr ts=1777221595377 status=FACE_DETECTED
2026-05-17 15:44:21,905 [INFO] ANALYZE_STOP reason=busy processed=4
2026-05-17 15:44:22,018 [INFO] BATCH_WRITE items=4
2026-05-17 15:44:33,019 [INFO] LOAD cpu=1.8% mem=+-0.9% req_rate=0.00/min idle=True
2026-05-17 15:44:33,019 [INFO] ANALYZE_BEGIN n_pending=3788
2026-05-17 15:44:34,296 [INFO] ANALYZED exam=tQoHDQTrz1iAzcfYrbTF email=adrascic@student.unipu.hr ts=1777221597106 status=FACE_DETECTED
2026-05-17 15:44:35,419 [INFO] ANALYZED exam=tQoHDQTrz1iAzcfYrbTF email=adrascic@student.unipu.hr ts=1777221602874 status=FACE_DETECTED
2026-05-17 15:44:36,568 [INFO] ANALYZED exam=tQoHDQTrz1iAzcfYrbTF email=adrascic@student.unipu.hr ts=1777221611603 status=FACE_DETECTED
2026-05-17 15:44:37,704 [INFO] ANALYZED exam=tQoHDQTrz1iAzcfYrbTF email=adrascic@student.unipu.hr ts=1777221620472 status=FACE_DETECTED
2026-05-17 15:44:38,823 [INFO] ANALYZED exam=tQoHDQTrz1iAzcfYrbTF email=adrascic@student.unipu.hr ts=1777221629354 status=FACE_DETECTED
2026-05-17 15:44:39,948 [INFO] ANALYZED exam=tQoHDQTrz1iAzcfYrbTF email=adrascic@student.unipu.hr ts=1777221639183 status=FACE_DETECTED
2026-05-17 15:44:41,077 [INFO] ANALYZED exam=tQoHDQTrz1iAzcfYrbTF email=adrascic@student.unipu.hr ts=1777221646046 status=FACE_DETECTED
2026-05-17 15:44:42,217 [INFO] ANALYZED exam=tQoHDQTrz1iAzcfYrbTF email=adrascic@student.unipu.hr ts=1777221651933 status=FACE_DETECTED
2026-05-17 15:44:43,345 [INFO] ANALYZED exam=tQoHDQTrz1iAzcfYrbTF email=adrascic@student.unipu.hr ts=1777221659641 status=FACE_DETECTED
2026-05-17 15:44:44,485 [INFO] ANALYZED exam=tQoHDQTrz1iAzcfYrbTF email=adrascic@student.unipu.hr ts=1777221666489 status=NO_FACE_DETECTED
2026-05-17 15:44:45,606 [INFO] ANALYZED exam=tQoHDQTrz1iAzcfYrbTF email=adrascic@student.unipu.hr ts=1777221673321 status=FACE_DETECTED
2026-05-17 15:44:46,745 [INFO] ANALYZED exam=tQoHDQTrz1iAzcfYrbTF email=adrascic@student.unipu.hr ts=1777221684167 status=FACE_DETECTED
2026-05-17 15:44:47,863 [INFO] ANALYZED exam=tQoHDQTrz1iAzcfYrbTF email=adrascic@student.unipu.hr ts=1777221686075 status=FACE_DETECTED
2026-05-17 15:44:49,007 [INFO] ANALYZED exam=tQoHDQTrz1iAzcfYrbTF email=adrascic@student.unipu.hr ts=1777221691793 status=FACE_DETECTED
2026-05-17 15:44:50,149 [INFO] ANALYZED exam=tQoHDQTrz1iAzcfYrbTF email=adrascic@student.unipu.hr ts=1777221697513 status=FACE_DETECTED
2026-05-17 15:44:51,271 [INFO] ANALYZED exam=tQoHDQTrz1iAzcfYrbTF email=adrascic@student.unipu.hr ts=1777221701240 status=FACE_DETECTED
2026-05-17 15:44:52,426 [INFO] ANALYZED exam=tQoHDQTrz1iAzcfYrbTF email=adrascic@student.unipu.hr ts=1777221706955 status=FACE_DETECTED
2026-05-17 15:44:53,596 [INFO] ANALYZED exam=tQoHDQTrz1iAzcfYrbTF email=adrascic@student.unipu.hr ts=1777221711713 status=FACE_DETECTED
2026-05-17 15:44:54,719 [INFO] ANALYZED exam=tQoHDQTrz1iAzcfYrbTF email=adrascic@student.unipu.hr ts=1777221713394 status=FACE_DETECTED
2026-05-17 15:44:55,840 [INFO] ANALYZED exam=tQoHDQTrz1iAzcfYrbTF email=adrascic@student.unipu.hr ts=1777221717120 status=FACE_DETECTED
2026-05-17 15:44:56,978 [INFO] ANALYZED exam=tQoHDQTrz1iAzcfYrbTF email=adrascic@student.unipu.hr ts=1777221720060 status=FACE_DETECTED
2026-05-17 15:44:58,113 [INFO] ANALYZED exam=tQoHDQTrz1iAzcfYrbTF email=adrascic@student.unipu.hr ts=1777221724548 status=FACE_DETECTED
2026-05-17 15:44:59,240 [INFO] ANALYZED exam=tQoHDQTrz1iAzcfYrbTF email=adrascic@student.unipu.hr ts=1777221726258 status=FACE_DETECTED
2026-05-17 15:45:00,389 [INFO] ANALYZED exam=tQoHDQTrz1iAzcfYrbTF email=adrascic@student.unipu.hr ts=1777221735955 status=FACE_DETECTED
2026-05-17 15:45:01,517 [INFO] ANALYZED exam=tQoHDQTrz1iAzcfYrbTF email=adrascic@student.unipu.hr ts=1777221740906 status=NO_FACE_DETECTED
2026-05-17 15:45:02,665 [INFO] ANALYZED exam=tQoHDQTrz1iAzcfYrbTF email=adrascic@student.unipu.hr ts=1777221742628 status=NO_FACE_DETECTED
2026-05-17 15:45:03,820 [INFO] ANALYZED exam=tQoHDQTrz1iAzcfYrbTF email=adrascic@student.unipu.hr ts=1777221746299 status=FACE_DETECTED
2026-05-17 15:45:04,939 [INFO] ANALYZED exam=tQoHDQTrz1iAzcfYrbTF email=adrascic@student.unipu.hr ts=1777221747966 status=FACE_DETECTED
2026-05-17 15:45:06,091 [INFO] ANALYZED exam=tQoHDQTrz1iAzcfYrbTF email=adrascic@student.unipu.hr ts=1777221750675 status=FACE_DETECTED
2026-05-17 15:45:07,210 [INFO] ANALYZED exam=tQoHDQTrz1iAzcfYrbTF email=adrascic@student.unipu.hr ts=1777221756387 status=NO_FACE_DETECTED
2026-05-17 15:45:08,354 [INFO] ANALYZED exam=tQoHDQTrz1iAzcfYrbTF email=adrascic@student.unipu.hr ts=1777221763087 status=FACE_DETECTED
2026-05-17 15:45:09,355 [INFO] ANALYZE_STOP reason=busy processed=31
2026-05-17 15:45:09,490 [INFO] BATCH_WRITE items=31
2026-05-17 15:45:20,491 [INFO] LOAD cpu=1.3% mem=+-0.8% req_rate=0.00/min idle=True
2026-05-17 15:45:20,491 [INFO] ANALYZE_BEGIN n_pending=3757
2026-05-17 15:45:21,804 [INFO] ANALYZED exam=tQoHDQTrz1iAzcfYrbTF email=adrascic@student.unipu.hr ts=1777221766967 status=FACE_DETECTED
2026-05-17 15:45:22,949 [INFO] ANALYZED exam=tQoHDQTrz1iAzcfYrbTF email=adrascic@student.unipu.hr ts=1777221774698 status=FACE_DETECTED
2026-05-17 15:45:24,068 [INFO] ANALYZED exam=tQoHDQTrz1iAzcfYrbTF email=adrascic@student.unipu.hr ts=1777221777545 status=FACE_DETECTED
2026-05-17 15:45:25,192 [INFO] ANALYZED exam=tQoHDQTrz1iAzcfYrbTF email=adrascic@student.unipu.hr ts=1777221782244 status=FACE_DETECTED
2026-05-17 15:45:26,322 [INFO] ANALYZED exam=tQoHDQTrz1iAzcfYrbTF email=adrascic@student.unipu.hr ts=1777221783939 status=NO_FACE_DETECTED
2026-05-17 15:45:27,485 [INFO] ANALYZED exam=tQoHDQTrz1iAzcfYrbTF email=adrascic@student.unipu.hr ts=1777221787647 status=FACE_DETECTED
2026-05-17 15:45:28,609 [INFO] ANALYZED exam=tQoHDQTrz1iAzcfYrbTF email=adrascic@student.unipu.hr ts=1777221791373 status=FACE_DETECTED
2026-05-17 15:45:29,749 [INFO] ANALYZED exam=tQoHDQTrz1iAzcfYrbTF email=adrascic@student.unipu.hr ts=1777221795133 status=FACE_DETECTED
2026-05-17 15:45:30,885 [INFO] ANALYZED exam=tQoHDQTrz1iAzcfYrbTF email=adrascic@student.unipu.hr ts=1777221804839 status=FACE_DETECTED
2026-05-17 15:45:32,108 [INFO] ANALYZED exam=tQoHDQTrz1iAzcfYrbTF email=adrascic@student.unipu.hr ts=1777221815714 status=FACE_DETECTED
2026-05-17 15:45:33,229 [INFO] ANALYZED exam=tQoHDQTrz1iAzcfYrbTF email=adrascic@student.unipu.hr ts=1777221820583 status=FACE_DETECTED
2026-05-17 15:45:34,351 [INFO] ANALYZED exam=tQoHDQTrz1iAzcfYrbTF email=adrascic@student.unipu.hr ts=1777221823334 status=FACE_DETECTED
2026-05-17 15:45:35,486 [INFO] ANALYZED exam=tQoHDQTrz1iAzcfYrbTF email=adrascic@student.unipu.hr ts=1777221834063 status=FACE_DETECTED
2026-05-17 15:45:36,605 [INFO] ANALYZED exam=tQoHDQTrz1iAzcfYrbTF email=adrascic@student.unipu.hr ts=1777221836935 status=NO_FACE_DETECTED
2026-05-17 15:45:37,733 [INFO] ANALYZED exam=tQoHDQTrz1iAzcfYrbTF email=adrascic@student.unipu.hr ts=1777221839664 status=NO_FACE_DETECTED
2026-05-17 15:45:38,859 [INFO] ANALYZED exam=tQoHDQTrz1iAzcfYrbTF email=adrascic@student.unipu.hr ts=1777221845390 status=FACE_DETECTED
2026-05-17 15:45:39,991 [INFO] ANALYZED exam=tQoHDQTrz1iAzcfYrbTF email=adrascic@student.unipu.hr ts=1777221854143 status=FACE_DETECTED
2026-05-17 15:45:41,151 [INFO] ANALYZED exam=tQoHDQTrz1iAzcfYrbTF email=adrascic@student.unipu.hr ts=1777221859960 status=FACE_DETECTED
2026-05-17 15:45:42,271 [INFO] ANALYZED exam=tQoHDQTrz1iAzcfYrbTF email=adrascic@student.unipu.hr ts=1777221867666 status=FACE_DETECTED
2026-05-17 15:45:43,272 [INFO] ANALYZE_STOP reason=busy processed=19
2026-05-17 15:45:43,496 [INFO] BATCH_WRITE items=19
2026-05-17 15:45:54,497 [INFO] LOAD cpu=1.1% mem=+-1.1% req_rate=0.00/min idle=True
2026-05-17 15:45:54,497 [INFO] ANALYZE_BEGIN n_pending=3738
2026-05-17 15:45:55,795 [INFO] ANALYZED exam=tQoHDQTrz1iAzcfYrbTF email=adrascic@student.unipu.hr ts=1777221878526 status=FACE_DETECTED
2026-05-17 15:45:56,916 [INFO] ANALYZED exam=tQoHDQTrz1iAzcfYrbTF email=adrascic@student.unipu.hr ts=1777221882389 status=FACE_DETECTED
2026-05-17 15:45:58,069 [INFO] ANALYZED exam=tQoHDQTrz1iAzcfYrbTF email=adrascic@student.unipu.hr ts=1777221888134 status=FACE_DETECTED
2026-05-17 15:45:59,222 [INFO] ANALYZED exam=tQoHDQTrz1iAzcfYrbTF email=adrascic@student.unipu.hr ts=1777221895865 status=FACE_DETECTED
2026-05-17 15:46:00,343 [INFO] ANALYZED exam=tQoHDQTrz1iAzcfYrbTF email=adrascic@student.unipu.hr ts=1777221898752 status=FACE_DETECTED
2026-05-17 15:46:01,344 [INFO] ANALYZE_STOP reason=busy processed=5
2026-05-17 15:46:01,497 [INFO] BATCH_WRITE items=5
2026-05-17 15:46:12,498 [INFO] LOAD cpu=1.5% mem=+-0.9% req_rate=0.00/min idle=True
2026-05-17 15:46:12,499 [INFO] ANALYZE_BEGIN n_pending=3733
2026-05-17 15:46:13,786 [INFO] ANALYZED exam=tQoHDQTrz1iAzcfYrbTF email=adrascic@student.unipu.hr ts=1777221906482 status=FACE_DETECTED
2026-05-17 15:46:14,923 [INFO] ANALYZED exam=tQoHDQTrz1iAzcfYrbTF email=adrascic@student.unipu.hr ts=1777221915417 status=FACE_DETECTED
2026-05-17 15:46:16,046 [INFO] ANALYZED exam=tQoHDQTrz1iAzcfYrbTF email=adrascic@student.unipu.hr ts=1777221923291 status=FACE_DETECTED
2026-05-17 15:46:17,169 [INFO] ANALYZED exam=tQoHDQTrz1iAzcfYrbTF email=adrascic@student.unipu.hr ts=1777221929177 status=FACE_DETECTED
2026-05-17 15:46:18,170 [INFO] ANALYZE_STOP reason=busy processed=4
2026-05-17 15:46:18,280 [INFO] BATCH_WRITE items=4
2026-05-17 15:46:32,089 [INFO] LOAD cpu=1.1% mem=+-1.1% req_rate=0.00/min idle=True
2026-05-17 15:46:32,090 [INFO] ANALYZE_BEGIN n_pending=3729
2026-05-17 15:46:33,229 [INFO] ANALYZED exam=tQoHDQTrz1iAzcfYrbTF email=adrascic@student.unipu.hr ts=1777221934953 status=FACE_DETECTED
2026-05-17 15:46:34,358 [INFO] ANALYZED exam=tQoHDQTrz1iAzcfYrbTF email=adrascic@student.unipu.hr ts=1777221942712 status=FACE_DETECTED
2026-05-17 15:46:35,517 [INFO] ANALYZED exam=tQoHDQTrz1iAzcfYrbTF email=adrascic@student.unipu.hr ts=1777221952538 status=FACE_DETECTED
2026-05-17 15:46:36,640 [INFO] ANALYZED exam=tQoHDQTrz1iAzcfYrbTF email=adrascic@student.unipu.hr ts=1777221957434 status=FACE_DETECTED
2026-05-17 15:46:37,772 [INFO] ANALYZED exam=tQoHDQTrz1iAzcfYrbTF email=adrascic@student.unipu.hr ts=1777221964162 status=FACE_DETECTED
2026-05-17 15:46:38,893 [INFO] ANALYZED exam=tQoHDQTrz1iAzcfYrbTF email=adrascic@student.unipu.hr ts=1777221975026 status=FACE_DETECTED
2026-05-17 15:46:40,022 [INFO] ANALYZED exam=tQoHDQTrz1iAzcfYrbTF email=adrascic@student.unipu.hr ts=1777221979850 status=NO_FACE_DETECTED
2026-05-17 15:46:41,146 [INFO] ANALYZED exam=tQoHDQTrz1iAzcfYrbTF email=adrascic@student.unipu.hr ts=1777221989596 status=FACE_DETECTED
2026-05-17 15:46:42,290 [INFO] ANALYZED exam=tQoHDQTrz1iAzcfYrbTF email=adrascic@student.unipu.hr ts=1777221996441 status=NO_FACE_DETECTED
2026-05-17 15:46:43,428 [INFO] ANALYZED exam=tQoHDQTrz1iAzcfYrbTF email=adrascic@student.unipu.hr ts=1777222007289 status=FACE_DETECTED
2026-05-17 15:46:44,619 [INFO] ANALYZED exam=tQoHDQTrz1iAzcfYrbTF email=adrascic@student.unipu.hr ts=1777222014155 status=FACE_DETECTED
2026-05-17 15:46:45,755 [INFO] ANALYZED exam=tQoHDQTrz1iAzcfYrbTF email=adrascic@student.unipu.hr ts=1777222022046 status=FACE_DETECTED
2026-05-17 15:46:46,885 [INFO] ANALYZED exam=tQoHDQTrz1iAzcfYrbTF email=adrascic@student.unipu.hr ts=1777222031923 status=FACE_DETECTED
2026-05-17 15:46:48,019 [INFO] ANALYZED exam=tQoHDQTrz1iAzcfYrbTF email=adrascic@student.unipu.hr ts=1777222037777 status=FACE_DETECTED
2026-05-17 15:46:49,146 [INFO] ANALYZED exam=tQoHDQTrz1iAzcfYrbTF email=adrascic@student.unipu.hr ts=1777222041478 status=FACE_DETECTED
2026-05-17 15:46:50,291 [INFO] ANALYZED exam=tQoHDQTrz1iAzcfYrbTF email=adrascic@student.unipu.hr ts=1777222048215 status=NO_FACE_DETECTED
2026-05-17 15:46:51,412 [INFO] ANALYZED exam=tQoHDQTrz1iAzcfYrbTF email=adrascic@student.unipu.hr ts=1777222057055 status=FACE_DETECTED
2026-05-17 15:46:52,550 [INFO] ANALYZED exam=tQoHDQTrz1iAzcfYrbTF email=adrascic@student.unipu.hr ts=1777222062885 status=FACE_DETECTED
2026-05-17 15:46:53,686 [INFO] ANALYZED exam=tQoHDQTrz1iAzcfYrbTF email=adrascic@student.unipu.hr ts=1777222068596 status=NO_FACE_DETECTED
2026-05-17 15:46:54,830 [INFO] ANALYZED exam=tQoHDQTrz1iAzcfYrbTF email=adrascic@student.unipu.hr ts=1777222071296 status=FACE_DETECTED
2026-05-17 15:46:55,831 [INFO] ANALYZE_STOP reason=busy processed=20
2026-05-17 15:46:55,977 [INFO] BATCH_WRITE items=20
2026-05-17 15:47:06,978 [INFO] LOAD cpu=2.3% mem=+-1.1% req_rate=0.00/min idle=True
2026-05-17 15:47:06,978 [INFO] ANALYZE_BEGIN n_pending=3709
2026-05-17 15:47:08,262 [INFO] ANALYZED exam=tQoHDQTrz1iAzcfYrbTF email=adrascic@student.unipu.hr ts=1777222081973 status=NO_FACE_DETECTED
2026-05-17 15:47:09,429 [INFO] ANALYZED exam=tQoHDQTrz1iAzcfYrbTF email=adrascic@student.unipu.hr ts=1777222085877 status=FACE_DETECTED
2026-05-17 15:47:10,550 [INFO] ANALYZED exam=tQoHDQTrz1iAzcfYrbTF email=adrascic@student.unipu.hr ts=1777222088628 status=NO_FACE_DETECTED
2026-05-17 15:47:11,551 [INFO] ANALYZE_STOP reason=busy processed=3
2026-05-17 15:47:11,656 [INFO] BATCH_WRITE items=3
2026-05-17 15:47:22,657 [INFO] LOAD cpu=1.5% mem=+-0.9% req_rate=0.00/min idle=True
2026-05-17 15:47:22,657 [INFO] ANALYZE_BEGIN n_pending=3706
2026-05-17 15:47:23,947 [INFO] ANALYZED exam=tQoHDQTrz1iAzcfYrbTF email=adrascic@student.unipu.hr ts=1777222090416 status=NO_FACE_DETECTED
2026-05-17 15:47:25,083 [INFO] ANALYZED exam=tQoHDQTrz1iAzcfYrbTF email=adrascic@student.unipu.hr ts=1777222101315 status=NO_FACE_DETECTED
2026-05-17 15:47:26,209 [INFO] ANALYZED exam=tQoHDQTrz1iAzcfYrbTF email=adrascic@student.unipu.hr ts=1777222112245 status=NO_FACE_DETECTED
2026-05-17 15:47:27,332 [INFO] ANALYZED exam=tQoHDQTrz1iAzcfYrbTF email=adrascic@student.unipu.hr ts=1777222114189 status=NO_FACE_DETECTED
2026-05-17 15:47:28,467 [INFO] ANALYZED exam=tQoHDQTrz1iAzcfYrbTF email=adrascic@student.unipu.hr ts=1777222121977 status=FACE_DETECTED
2026-05-17 15:47:29,605 [INFO] ANALYZED exam=tQoHDQTrz1iAzcfYrbTF email=adrascic@student.unipu.hr ts=1777222125873 status=NO_FACE_DETECTED
2026-05-17 15:47:30,728 [INFO] ANALYZED exam=tQoHDQTrz1iAzcfYrbTF email=adrascic@student.unipu.hr ts=1777222133646 status=NO_FACE_DETECTED
2026-05-17 15:47:31,861 [INFO] ANALYZED exam=tQoHDQTrz1iAzcfYrbTF email=adrascic@student.unipu.hr ts=1777222138527 status=NO_FACE_DETECTED
2026-05-17 15:47:32,862 [INFO] ANALYZE_STOP reason=busy processed=8
2026-05-17 15:47:32,973 [INFO] BATCH_WRITE items=8
2026-05-17 15:47:43,974 [INFO] LOAD cpu=1.5% mem=+-1.0% req_rate=0.00/min idle=True
2026-05-17 15:47:43,974 [INFO] ANALYZE_BEGIN n_pending=3698
2026-05-17 15:47:45,243 [INFO] ANALYZED exam=tQoHDQTrz1iAzcfYrbTF email=adrascic@student.unipu.hr ts=1777222148245 status=NO_FACE_DETECTED
2026-05-17 15:47:46,363 [INFO] ANALYZED exam=tQoHDQTrz1iAzcfYrbTF email=adrascic@student.unipu.hr ts=1777222155176 status=FACE_DETECTED
2026-05-17 15:47:47,505 [INFO] ANALYZED exam=tQoHDQTrz1iAzcfYrbTF email=adrascic@student.unipu.hr ts=1777222165042 status=NO_FACE_DETECTED
2026-05-17 15:47:48,625 [INFO] ANALYZED exam=tQoHDQTrz1iAzcfYrbTF email=adrascic@student.unipu.hr ts=1777222170965 status=NO_FACE_DETECTED
2026-05-17 15:47:49,762 [INFO] ANALYZED exam=tQoHDQTrz1iAzcfYrbTF email=adrascic@student.unipu.hr ts=1777222172745 status=NO_FACE_DETECTED
2026-05-17 15:47:50,908 [INFO] ANALYZED exam=tQoHDQTrz1iAzcfYrbTF email=adrascic@student.unipu.hr ts=1777222178521 status=FACE_DETECTED
2026-05-17 15:47:52,055 [INFO] ANALYZED exam=tQoHDQTrz1iAzcfYrbTF email=adrascic@student.unipu.hr ts=1777222189313 status=NO_FACE_DETECTED
2026-05-17 15:47:53,192 [INFO] ANALYZED exam=tQoHDQTrz1iAzcfYrbTF email=adrascic@student.unipu.hr ts=1777222193162 status=NO_FACE_DETECTED
2026-05-17 15:47:54,318 [INFO] ANALYZED exam=tQoHDQTrz1iAzcfYrbTF email=adrascic@student.unipu.hr ts=1777222202879 status=NO_FACE_DETECTED
2026-05-17 15:47:55,435 [INFO] ANALYZED exam=tQoHDQTrz1iAzcfYrbTF email=adrascic@student.unipu.hr ts=1777222212785 status=FACE_DETECTED
2026-05-17 15:47:56,551 [INFO] ANALYZED exam=tQoHDQTrz1iAzcfYrbTF email=adrascic@student.unipu.hr ts=1777222214665 status=NO_FACE_DETECTED
2026-05-17 15:47:57,665 [INFO] ANALYZED exam=tQoHDQTrz1iAzcfYrbTF email=adrascic@student.unipu.hr ts=1777222218432 status=NO_FACE_DETECTED
2026-05-17 15:47:58,815 [INFO] ANALYZED exam=tQoHDQTrz1iAzcfYrbTF email=adrascic@student.unipu.hr ts=1777222222151 status=FACE_DETECTED
2026-05-17 15:47:59,946 [INFO] ANALYZED exam=tQoHDQTrz1iAzcfYrbTF email=adrascic@student.unipu.hr ts=1777222227889 status=NO_FACE_DETECTED
2026-05-17 15:48:01,103 [INFO] ANALYZED exam=tQoHDQTrz1iAzcfYrbTF email=adrascic@student.unipu.hr ts=1777222230603 status=FACE_DETECTED
2026-05-17 15:48:02,252 [INFO] ANALYZED exam=tQoHDQTrz1iAzcfYrbTF email=adrascic@student.unipu.hr ts=1777222233347 status=NO_FACE_DETECTED
2026-05-17 15:48:03,378 [INFO] ANALYZED exam=tQoHDQTrz1iAzcfYrbTF email=adrascic@student.unipu.hr ts=1777222236046 status=NO_FACE_DETECTED
2026-05-17 15:48:04,515 [INFO] ANALYZED exam=tQoHDQTrz1iAzcfYrbTF email=adrascic@student.unipu.hr ts=1777222243779 status=FACE_DETECTED
2026-05-17 15:48:05,654 [INFO] ANALYZED exam=tQoHDQTrz1iAzcfYrbTF email=adrascic@student.unipu.hr ts=1777222251659 status=NO_FACE_DETECTED
2026-05-17 15:48:06,768 [INFO] ANALYZED exam=tQoHDQTrz1iAzcfYrbTF email=adrascic@student.unipu.hr ts=1777222259450 status=NO_FACE_DETECTED
2026-05-17 15:48:07,950 [INFO] ANALYZED exam=tQoHDQTrz1iAzcfYrbTF email=adrascic@student.unipu.hr ts=1777222269330 status=FACE_DETECTED
2026-05-17 15:48:09,066 [INFO] ANALYZED exam=tQoHDQTrz1iAzcfYrbTF email=adrascic@student.unipu.hr ts=1777222274221 status=FACE_DETECTED
2026-05-17 15:48:10,246 [INFO] ANALYZED exam=tQoHDQTrz1iAzcfYrbTF email=adrascic@student.unipu.hr ts=1777222278012 status=NO_FACE_DETECTED
2026-05-17 15:48:11,247 [INFO] ANALYZE_STOP reason=busy processed=23
2026-05-17 15:48:11,397 [INFO] BATCH_WRITE items=23
2026-05-17 15:48:22,398 [INFO] LOAD cpu=1.4% mem=+-1.0% req_rate=0.00/min idle=True
2026-05-17 15:48:22,399 [INFO] ANALYZE_BEGIN n_pending=3675
2026-05-17 15:48:23,678 [INFO] ANALYZED exam=tQoHDQTrz1iAzcfYrbTF email=adrascic@student.unipu.hr ts=1777222287555 status=FACE_DETECTED
2026-05-17 15:48:24,812 [INFO] ANALYZED exam=tQoHDQTrz1iAzcfYrbTF email=adrascic@student.unipu.hr ts=1777222290355 status=NO_FACE_DETECTED
2026-05-17 15:48:25,949 [INFO] ANALYZED exam=tQoHDQTrz1iAzcfYrbTF email=adrascic@student.unipu.hr ts=1777222295100 status=NO_FACE_DETECTED
2026-05-17 15:48:27,082 [INFO] ANALYZED exam=tQoHDQTrz1iAzcfYrbTF email=adrascic@student.unipu.hr ts=1777222299797 status=NO_FACE_DETECTED
2026-05-17 15:48:28,207 [INFO] ANALYZED exam=tQoHDQTrz1iAzcfYrbTF email=adrascic@student.unipu.hr ts=1777222310500 status=NO_FACE_DETECTED
2026-05-17 15:48:29,342 [INFO] ANALYZED exam=tQoHDQTrz1iAzcfYrbTF email=adrascic@student.unipu.hr ts=1777222314350 status=NO_FACE_DETECTED
2026-05-17 15:48:30,455 [INFO] ANALYZED exam=tQoHDQTrz1iAzcfYrbTF email=adrascic@student.unipu.hr ts=1777222317039 status=NO_FACE_DETECTED
2026-05-17 15:48:31,591 [INFO] ANALYZED exam=tQoHDQTrz1iAzcfYrbTF email=adrascic@student.unipu.hr ts=1777222322743 status=NO_FACE_DETECTED
2026-05-17 15:48:32,711 [INFO] ANALYZED exam=tQoHDQTrz1iAzcfYrbTF email=adrascic@student.unipu.hr ts=1777222326462 status=NO_FACE_DETECTED
2026-05-17 15:48:33,873 [INFO] ANALYZED exam=tQoHDQTrz1iAzcfYrbTF email=adrascic@student.unipu.hr ts=1777222334171 status=NO_FACE_DETECTED
2026-05-17 15:48:34,984 [INFO] ANALYZED exam=tQoHDQTrz1iAzcfYrbTF email=aorlovic@student.unipu.hr ts=1777146950987 status=NO_FACE_DETECTED
2026-05-17 15:48:36,095 [INFO] ANALYZED exam=tQoHDQTrz1iAzcfYrbTF email=aorlovic@student.unipu.hr ts=1777146952837 status=NO_FACE_DETECTED
2026-05-17 15:48:37,202 [INFO] ANALYZED exam=tQoHDQTrz1iAzcfYrbTF email=aorlovic@student.unipu.hr ts=1777146962350 status=NO_FACE_DETECTED
2026-05-17 15:48:38,308 [INFO] ANALYZED exam=tQoHDQTrz1iAzcfYrbTF email=aorlovic@student.unipu.hr ts=1777146972000 status=NO_FACE_DETECTED
2026-05-17 15:48:39,421 [INFO] ANALYZED exam=tQoHDQTrz1iAzcfYrbTF email=aorlovic@student.unipu.hr ts=1777146973642 status=NO_FACE_DETECTED
2026-05-17 15:48:40,533 [INFO] ANALYZED exam=tQoHDQTrz1iAzcfYrbTF email=aorlovic@student.unipu.hr ts=1777146979096 status=NO_FACE_DETECTED
2026-05-17 15:48:41,646 [INFO] ANALYZED exam=tQoHDQTrz1iAzcfYrbTF email=aorlovic@student.unipu.hr ts=1777146989541 status=NO_FACE_DETECTED
2026-05-17 15:48:42,759 [INFO] ANALYZED exam=tQoHDQTrz1iAzcfYrbTF email=aorlovic@student.unipu.hr ts=1777146996238 status=NO_FACE_DETECTED
2026-05-17 15:48:43,868 [INFO] ANALYZED exam=tQoHDQTrz1iAzcfYrbTF email=aorlovic@student.unipu.hr ts=1777146998839 status=NO_FACE_DETECTED
2026-05-17 15:48:44,984 [INFO] ANALYZED exam=tQoHDQTrz1iAzcfYrbTF email=aorlovic@student.unipu.hr ts=1777147008300 status=NO_FACE_DETECTED
2026-05-17 15:48:46,101 [INFO] ANALYZED exam=tQoHDQTrz1iAzcfYrbTF email=aorlovic@student.unipu.hr ts=1777190269012 status=NO_FACE_DETECTED
2026-05-17 15:48:47,102 [INFO] ANALYZE_STOP reason=busy processed=21
2026-05-17 15:48:47,234 [INFO] BATCH_WRITE items=21
2026-05-17 15:48:58,235 [INFO] LOAD cpu=1.6% mem=+-1.0% req_rate=0.00/min idle=True
2026-05-17 15:48:58,236 [INFO] ANALYZE_BEGIN n_pending=3654
2026-05-17 15:48:59,504 [INFO] ANALYZED exam=tQoHDQTrz1iAzcfYrbTF email=aorlovic@student.unipu.hr ts=1777190269933 status=NO_FACE_DETECTED
2026-05-17 15:49:00,620 [INFO] ANALYZED exam=tQoHDQTrz1iAzcfYrbTF email=aorlovic@student.unipu.hr ts=1777190272334 status=NO_FACE_DETECTED
2026-05-17 15:49:01,734 [INFO] ANALYZED exam=tQoHDQTrz1iAzcfYrbTF email=aorlovic@student.unipu.hr ts=1777190281853 status=NO_FACE_DETECTED
2026-05-17 15:49:02,844 [INFO] ANALYZED exam=tQoHDQTrz1iAzcfYrbTF email=aorlovic@student.unipu.hr ts=1777190285553 status=NO_FACE_DETECTED
2026-05-17 15:49:03,960 [INFO] ANALYZED exam=tQoHDQTrz1iAzcfYrbTF email=aorlovic@student.unipu.hr ts=1777190294033 status=NO_FACE_DETECTED
2026-05-17 15:49:05,073 [INFO] ANALYZED exam=tQoHDQTrz1iAzcfYrbTF email=aorlovic@student.unipu.hr ts=1777190297657 status=NO_FACE_DETECTED
2026-05-17 15:49:06,191 [INFO] ANALYZED exam=tQoHDQTrz1iAzcfYrbTF email=aorlovic@student.unipu.hr ts=1777190308247 status=NO_FACE_DETECTED
2026-05-17 15:49:07,304 [INFO] ANALYZED exam=tQoHDQTrz1iAzcfYrbTF email=aorlovic@student.unipu.hr ts=1777190312984 status=NO_FACE_DETECTED
2026-05-17 15:49:08,417 [INFO] ANALYZED exam=tQoHDQTrz1iAzcfYrbTF email=aorlovic@student.unipu.hr ts=1777190319662 status=NO_FACE_DETECTED
2026-05-17 15:49:09,535 [INFO] ANALYZED exam=tQoHDQTrz1iAzcfYrbTF email=aorlovic@student.unipu.hr ts=1777190328293 status=NO_FACE_DETECTED
2026-05-17 15:49:10,647 [INFO] ANALYZED exam=tQoHDQTrz1iAzcfYrbTF email=aorlovic@student.unipu.hr ts=1777190337966 status=NO_FACE_DETECTED
2026-05-17 15:49:11,648 [INFO] ANALYZE_STOP reason=busy processed=11
2026-05-17 15:49:11,758 [INFO] BATCH_WRITE items=11
2026-05-17 15:49:25,887 [INFO] LOAD cpu=1.6% mem=+-0.7% req_rate=0.00/min idle=True
2026-05-17 15:49:25,888 [INFO] ANALYZE_BEGIN n_pending=3643
2026-05-17 15:49:27,001 [INFO] ANALYZED exam=tQoHDQTrz1iAzcfYrbTF email=aorlovic@student.unipu.hr ts=1777190339613 status=NO_FACE_DETECTED
2026-05-17 15:49:28,114 [INFO] ANALYZED exam=tQoHDQTrz1iAzcfYrbTF email=aorlovic@student.unipu.hr ts=1777190342092 status=NO_FACE_DETECTED
2026-05-17 15:49:29,226 [INFO] ANALYZED exam=tQoHDQTrz1iAzcfYrbTF email=aorlovic@student.unipu.hr ts=1777190347673 status=NO_FACE_DETECTED
2026-05-17 15:49:30,339 [INFO] ANALYZED exam=tQoHDQTrz1iAzcfYrbTF email=aorlovic@student.unipu.hr ts=1777190349153 status=NO_FACE_DETECTED
2026-05-17 15:49:31,447 [INFO] ANALYZED exam=tQoHDQTrz1iAzcfYrbTF email=aorlovic@student.unipu.hr ts=1777190352733 status=NO_FACE_DETECTED
2026-05-17 15:49:32,558 [INFO] ANALYZED exam=tQoHDQTrz1iAzcfYrbTF email=aorlovic@student.unipu.hr ts=1777190358233 status=NO_FACE_DETECTED
2026-05-17 15:49:33,670 [INFO] ANALYZED exam=tQoHDQTrz1iAzcfYrbTF email=aorlovic@student.unipu.hr ts=1777190368733 status=NO_FACE_DETECTED
2026-05-17 15:49:34,783 [INFO] ANALYZED exam=tQoHDQTrz1iAzcfYrbTF email=aorlovic@student.unipu.hr ts=1777190379353 status=NO_FACE_DETECTED
2026-05-17 15:49:35,896 [INFO] ANALYZED exam=tQoHDQTrz1iAzcfYrbTF email=aorlovic@student.unipu.hr ts=1777190385033 status=NO_FACE_DETECTED
2026-05-17 15:49:37,009 [INFO] ANALYZED exam=tQoHDQTrz1iAzcfYrbTF email=aorlovic@student.unipu.hr ts=1777190390653 status=NO_FACE_DETECTED
2026-05-17 15:49:38,123 [INFO] ANALYZED exam=tQoHDQTrz1iAzcfYrbTF email=aorlovic@student.unipu.hr ts=1777190394257 status=NO_FACE_DETECTED
2026-05-17 15:49:39,231 [INFO] ANALYZED exam=tQoHDQTrz1iAzcfYrbTF email=aorlovic@student.unipu.hr ts=1777190400758 status=NO_FACE_DETECTED
2026-05-17 15:49:40,345 [INFO] ANALYZED exam=tQoHDQTrz1iAzcfYrbTF email=aorlovic@student.unipu.hr ts=1777190409393 status=NO_FACE_DETECTED
2026-05-17 15:49:41,457 [INFO] ANALYZED exam=tQoHDQTrz1iAzcfYrbTF email=aorlovic@student.unipu.hr ts=1777190411151 status=NO_FACE_DETECTED
2026-05-17 15:49:42,569 [INFO] ANALYZED exam=tQoHDQTrz1iAzcfYrbTF email=aorlovic@student.unipu.hr ts=1777190421673 status=NO_FACE_DETECTED
2026-05-17 15:49:43,683 [INFO] ANALYZED exam=tQoHDQTrz1iAzcfYrbTF email=aorlovic@student.unipu.hr ts=1777190425344 status=NO_FACE_DETECTED
2026-05-17 15:49:44,795 [INFO] ANALYZED exam=tQoHDQTrz1iAzcfYrbTF email=aorlovic@student.unipu.hr ts=1777190427913 status=NO_FACE_DETECTED
2026-05-17 15:49:45,908 [INFO] ANALYZED exam=tQoHDQTrz1iAzcfYrbTF email=aorlovic@student.unipu.hr ts=1777190429413 status=NO_FACE_DETECTED
2026-05-17 15:49:47,022 [INFO] ANALYZED exam=tQoHDQTrz1iAzcfYrbTF email=aorlovic@student.unipu.hr ts=1777190433013 status=NO_FACE_DETECTED
2026-05-17 15:49:48,132 [INFO] ANALYZED exam=tQoHDQTrz1iAzcfYrbTF email=aorlovic@student.unipu.hr ts=1777190443493 status=NO_FACE_DETECTED
2026-05-17 15:49:49,245 [INFO] ANALYZED exam=tQoHDQTrz1iAzcfYrbTF email=aorlovic@student.unipu.hr ts=1777190445667 status=NO_FACE_DETECTED
2026-05-17 15:49:50,359 [INFO] ANALYZED exam=tQoHDQTrz1iAzcfYrbTF email=aorlovic@student.unipu.hr ts=1777190453171 status=NO_FACE_DETECTED
2026-05-17 15:49:51,469 [INFO] ANALYZED exam=tQoHDQTrz1iAzcfYrbTF email=aorlovic@student.unipu.hr ts=1777190463868 status=NO_FACE_DETECTED
2026-05-17 15:49:52,584 [INFO] ANALYZED exam=tQoHDQTrz1iAzcfYrbTF email=aorlovic@student.unipu.hr ts=1777190470793 status=NO_FACE_DETECTED
2026-05-17 15:49:53,697 [INFO] ANALYZED exam=tQoHDQTrz1iAzcfYrbTF email=aorlovic@student.unipu.hr ts=1777190480457 status=NO_FACE_DETECTED
2026-05-17 15:49:54,802 [INFO] ANALYZED exam=tQoHDQTrz1iAzcfYrbTF email=aorlovic@student.unipu.hr ts=1777190487082 status=NO_FACE_DETECTED
2026-05-17 15:49:55,921 [INFO] ANALYZED exam=tQoHDQTrz1iAzcfYrbTF email=aorlovic@student.unipu.hr ts=1777190497693 status=NO_FACE_DETECTED
2026-05-17 15:49:57,036 [INFO] ANALYZED exam=tQoHDQTrz1iAzcfYrbTF email=aorlovic@student.unipu.hr ts=1777190499321 status=NO_FACE_DETECTED
2026-05-17 15:49:58,151 [INFO] ANALYZED exam=tQoHDQTrz1iAzcfYrbTF email=aorlovic@student.unipu.hr ts=1777190500872 status=NO_FACE_DETECTED
2026-05-17 15:49:59,266 [INFO] ANALYZED exam=tQoHDQTrz1iAzcfYrbTF email=aorlovic@student.unipu.hr ts=1777190503353 status=NO_FACE_DETECTED
2026-05-17 15:50:00,379 [INFO] ANALYZED exam=tQoHDQTrz1iAzcfYrbTF email=aorlovic@student.unipu.hr ts=1777190512853 status=NO_FACE_DETECTED
2026-05-17 15:50:01,494 [INFO] ANALYZED exam=tQoHDQTrz1iAzcfYrbTF email=aorlovic@student.unipu.hr ts=1777190516493 status=NO_FACE_DETECTED
2026-05-17 15:50:02,607 [INFO] ANALYZED exam=tQoHDQTrz1iAzcfYrbTF email=aorlovic@student.unipu.hr ts=1777190518010 status=NO_FACE_DETECTED
2026-05-17 15:50:03,712 [INFO] ANALYZED exam=tQoHDQTrz1iAzcfYrbTF email=aorlovic@student.unipu.hr ts=1777190523673 status=NO_FACE_DETECTED
2026-05-17 15:50:04,818 [INFO] ANALYZED exam=tQoHDQTrz1iAzcfYrbTF email=aorlovic@student.unipu.hr ts=1777190531163 status=NO_FACE_DETECTED
2026-05-17 15:50:05,935 [INFO] ANALYZED exam=tQoHDQTrz1iAzcfYrbTF email=aorlovic@student.unipu.hr ts=1777190539773 status=NO_FACE_DETECTED
2026-05-17 15:50:07,048 [INFO] ANALYZED exam=tQoHDQTrz1iAzcfYrbTF email=aorlovic@student.unipu.hr ts=1777190550441 status=NO_FACE_DETECTED
2026-05-17 15:50:08,159 [INFO] ANALYZED exam=tQoHDQTrz1iAzcfYrbTF email=aorlovic@student.unipu.hr ts=1777190561073 status=NO_FACE_DETECTED
2026-05-17 15:50:09,276 [INFO] ANALYZED exam=tQoHDQTrz1iAzcfYrbTF email=aorlovic@student.unipu.hr ts=1777190569706 status=NO_FACE_DETECTED
2026-05-17 15:50:10,389 [INFO] ANALYZED exam=tQoHDQTrz1iAzcfYrbTF email=aorlovic@student.unipu.hr ts=1777190579356 status=NO_FACE_DETECTED
2026-05-17 15:50:11,500 [INFO] ANALYZED exam=tQoHDQTrz1iAzcfYrbTF email=aorlovic@student.unipu.hr ts=1777190589984 status=NO_FACE_DETECTED
2026-05-17 15:50:12,614 [INFO] ANALYZED exam=tQoHDQTrz1iAzcfYrbTF email=aorlovic@student.unipu.hr ts=1777190592587 status=NO_FACE_DETECTED
2026-05-17 15:50:13,725 [INFO] ANALYZED exam=tQoHDQTrz1iAzcfYrbTF email=aorlovic@student.unipu.hr ts=1777190595056 status=NO_FACE_DETECTED
2026-05-17 15:50:14,836 [INFO] ANALYZED exam=tQoHDQTrz1iAzcfYrbTF email=aorlovic@student.unipu.hr ts=1777190598474 status=NO_FACE_DETECTED
2026-05-17 15:50:15,951 [INFO] ANALYZED exam=tQoHDQTrz1iAzcfYrbTF email=aorlovic@student.unipu.hr ts=1777190601932 status=NO_FACE_DETECTED
2026-05-17 15:50:17,062 [INFO] ANALYZED exam=tQoHDQTrz1iAzcfYrbTF email=aorlovic@student.unipu.hr ts=1777190606375 status=NO_FACE_DETECTED
2026-05-17 15:50:18,176 [INFO] ANALYZED exam=tQoHDQTrz1iAzcfYrbTF email=aorlovic@student.unipu.hr ts=1777190615875 status=NO_FACE_DETECTED
2026-05-17 15:50:19,285 [INFO] ANALYZED exam=tQoHDQTrz1iAzcfYrbTF email=aorlovic@student.unipu.hr ts=1777190625422 status=NO_FACE_DETECTED
2026-05-17 15:50:20,397 [INFO] ANALYZED exam=tQoHDQTrz1iAzcfYrbTF email=aorlovic@student.unipu.hr ts=1777190633038 status=NO_FACE_DETECTED
2026-05-17 15:50:21,506 [INFO] ANALYZED exam=tQoHDQTrz1iAzcfYrbTF email=aperic2@student.unipu.hr ts=1777834469952 status=NO_FACE_DETECTED
2026-05-17 15:50:22,617 [INFO] ANALYZED exam=tQoHDQTrz1iAzcfYrbTF email=aperic2@student.unipu.hr ts=1777834474640 status=NO_FACE_DETECTED
2026-05-17 15:50:23,730 [INFO] ANALYZED exam=tQoHDQTrz1iAzcfYrbTF email=aperic2@student.unipu.hr ts=1777834476807 status=NO_FACE_DETECTED
2026-05-17 15:50:24,843 [INFO] ANALYZED exam=tQoHDQTrz1iAzcfYrbTF email=aperic2@student.unipu.hr ts=1777834479872 status=NO_FACE_DETECTED
2026-05-17 15:50:25,950 [INFO] ANALYZED exam=tQoHDQTrz1iAzcfYrbTF email=aperic2@student.unipu.hr ts=1777834490852 status=NO_FACE_DETECTED
2026-05-17 15:50:27,063 [INFO] ANALYZED exam=tQoHDQTrz1iAzcfYrbTF email=aperic2@student.unipu.hr ts=1777834500884 status=NO_FACE_DETECTED
2026-05-17 15:50:28,173 [INFO] ANALYZED exam=tQoHDQTrz1iAzcfYrbTF email=aperic2@student.unipu.hr ts=1777834504932 status=NO_FACE_DETECTED
2026-05-17 15:50:29,282 [INFO] ANALYZED exam=tQoHDQTrz1iAzcfYrbTF email=aperic2@student.unipu.hr ts=1777834506824 status=NO_FACE_DETECTED
2026-05-17 15:50:30,394 [INFO] ANALYZED exam=tQoHDQTrz1iAzcfYrbTF email=aperic2@student.unipu.hr ts=1777834516652 status=NO_FACE_DETECTED
2026-05-17 15:50:31,505 [INFO] ANALYZED exam=tQoHDQTrz1iAzcfYrbTF email=aperic2@student.unipu.hr ts=1777834519742 status=NO_FACE_DETECTED
2026-05-17 15:50:32,672 [INFO] ANALYZED exam=tQoHDQTrz1iAzcfYrbTF email=aperic2@student.unipu.hr ts=1777834521767 status=NO_FACE_DETECTED
2026-05-17 15:50:33,782 [INFO] ANALYZED exam=tQoHDQTrz1iAzcfYrbTF email=aperic2@student.unipu.hr ts=1777834529809 status=NO_FACE_DETECTED
2026-05-17 15:50:34,895 [INFO] ANALYZED exam=tQoHDQTrz1iAzcfYrbTF email=aperic2@student.unipu.hr ts=1777834534947 status=NO_FACE_DETECTED
2026-05-17 15:50:36,010 [INFO] ANALYZED exam=tQoHDQTrz1iAzcfYrbTF email=aperic2@student.unipu.hr ts=1777834537062 status=NO_FACE_DETECTED
2026-05-17 15:50:37,011 [INFO] ANALYZE_STOP reason=busy processed=63
2026-05-17 15:50:37,221 [INFO] BATCH_WRITE items=63
2026-05-17 15:50:48,222 [INFO] LOAD cpu=1.5% mem=+-0.9% req_rate=0.00/min idle=True
2026-05-17 15:50:48,223 [INFO] ANALYZE_BEGIN n_pending=3580
2026-05-17 15:50:49,505 [INFO] ANALYZED exam=tQoHDQTrz1iAzcfYrbTF email=aperic2@student.unipu.hr ts=1777834541494 status=NO_FACE_DETECTED
2026-05-17 15:50:50,616 [INFO] ANALYZED exam=tQoHDQTrz1iAzcfYrbTF email=aperic2@student.unipu.hr ts=1777834550662 status=NO_FACE_DETECTED
2026-05-17 15:50:51,725 [INFO] ANALYZED exam=tQoHDQTrz1iAzcfYrbTF email=aperic2@student.unipu.hr ts=1777834562193 status=NO_FACE_DETECTED
2026-05-17 15:50:52,836 [INFO] ANALYZED exam=tQoHDQTrz1iAzcfYrbTF email=aperic2@student.unipu.hr ts=1777834568954 status=NO_FACE_DETECTED
2026-05-17 15:50:53,951 [INFO] ANALYZED exam=tQoHDQTrz1iAzcfYrbTF email=aperic2@student.unipu.hr ts=1777834571115 status=NO_FACE_DETECTED
2026-05-17 15:50:55,065 [INFO] ANALYZED exam=tQoHDQTrz1iAzcfYrbTF email=aperic2@student.unipu.hr ts=1777834572221 status=NO_FACE_DETECTED
2026-05-17 15:50:56,178 [INFO] ANALYZED exam=tQoHDQTrz1iAzcfYrbTF email=aperic2@student.unipu.hr ts=1777834574832 status=NO_FACE_DETECTED
2026-05-17 15:50:57,179 [INFO] ANALYZE_STOP reason=busy processed=7
2026-05-17 15:50:57,299 [INFO] BATCH_WRITE items=7
2026-05-17 15:51:08,299 [INFO] LOAD cpu=1.6% mem=+-0.9% req_rate=0.00/min idle=True
2026-05-17 15:51:08,300 [INFO] ANALYZE_BEGIN n_pending=3573
2026-05-17 15:51:09,582 [INFO] ANALYZED exam=tQoHDQTrz1iAzcfYrbTF email=aperic2@student.unipu.hr ts=1777834581066 status=NO_FACE_DETECTED
2026-05-17 15:51:10,692 [INFO] ANALYZED exam=tQoHDQTrz1iAzcfYrbTF email=aperic2@student.unipu.hr ts=1777834584832 status=NO_FACE_DETECTED
2026-05-17 15:51:11,806 [INFO] ANALYZED exam=tQoHDQTrz1iAzcfYrbTF email=aperic2@student.unipu.hr ts=1777834588586 status=NO_FACE_DETECTED
2026-05-17 15:51:12,977 [INFO] ANALYZED exam=tQoHDQTrz1iAzcfYrbTF email=aperic2@student.unipu.hr ts=1777834591344 status=NO_FACE_DETECTED
2026-05-17 15:51:14,136 [INFO] ANALYZED exam=tQoHDQTrz1iAzcfYrbTF email=aperic2@student.unipu.hr ts=1777834593515 status=NO_FACE_DETECTED
2026-05-17 15:51:15,247 [INFO] ANALYZED exam=tQoHDQTrz1iAzcfYrbTF email=aperic2@student.unipu.hr ts=1777834595557 status=NO_FACE_DETECTED
2026-05-17 15:51:16,355 [INFO] ANALYZED exam=tQoHDQTrz1iAzcfYrbTF email=aperic2@student.unipu.hr ts=1777834596539 status=NO_FACE_DETECTED
2026-05-17 15:51:17,460 [INFO] ANALYZED exam=tQoHDQTrz1iAzcfYrbTF email=aperic2@student.unipu.hr ts=1777834599387 status=NO_FACE_DETECTED
2026-05-17 15:51:18,574 [INFO] ANALYZED exam=tQoHDQTrz1iAzcfYrbTF email=aperic2@student.unipu.hr ts=1777834602287 status=NO_FACE_DETECTED
2026-05-17 15:51:19,685 [INFO] ANALYZED exam=tQoHDQTrz1iAzcfYrbTF email=aperic2@student.unipu.hr ts=1777834604482 status=NO_FACE_DETECTED
2026-05-17 15:51:20,796 [INFO] ANALYZED exam=tQoHDQTrz1iAzcfYrbTF email=aperic2@student.unipu.hr ts=1777834606144 status=NO_FACE_DETECTED
2026-05-17 15:51:21,904 [INFO] ANALYZED exam=tQoHDQTrz1iAzcfYrbTF email=aperic2@student.unipu.hr ts=1777834609044 status=NO_FACE_DETECTED
2026-05-17 15:51:23,018 [INFO] ANALYZED exam=tQoHDQTrz1iAzcfYrbTF email=aperic2@student.unipu.hr ts=1777834614262 status=NO_FACE_DETECTED
2026-05-17 15:51:24,128 [INFO] ANALYZED exam=tQoHDQTrz1iAzcfYrbTF email=aperic2@student.unipu.hr ts=1777834618340 status=NO_FACE_DETECTED
2026-05-17 15:51:25,240 [INFO] ANALYZED exam=tQoHDQTrz1iAzcfYrbTF email=aperic2@student.unipu.hr ts=1777834620557 status=NO_FACE_DETECTED
2026-05-17 15:51:26,354 [INFO] ANALYZED exam=tQoHDQTrz1iAzcfYrbTF email=aperic2@student.unipu.hr ts=1777834626357 status=NO_FACE_DETECTED
2026-05-17 15:51:27,468 [INFO] ANALYZED exam=tQoHDQTrz1iAzcfYrbTF email=aperic2@student.unipu.hr ts=1777834630772 status=NO_FACE_DETECTED
2026-05-17 15:51:28,581 [INFO] ANALYZED exam=tQoHDQTrz1iAzcfYrbTF email=aperic2@student.unipu.hr ts=1777834634202 status=NO_FACE_DETECTED
2026-05-17 15:51:29,692 [INFO] ANALYZED exam=tQoHDQTrz1iAzcfYrbTF email=aperic2@student.unipu.hr ts=1777834639612 status=NO_FACE_DETECTED
2026-05-17 15:51:30,804 [INFO] ANALYZED exam=tQoHDQTrz1iAzcfYrbTF email=aperic2@student.unipu.hr ts=1777834642559 status=NO_FACE_DETECTED
2026-05-17 15:51:31,916 [INFO] ANALYZED exam=tQoHDQTrz1iAzcfYrbTF email=aperic2@student.unipu.hr ts=1777834645379 status=NO_FACE_DETECTED
2026-05-17 15:51:33,027 [INFO] ANALYZED exam=tQoHDQTrz1iAzcfYrbTF email=aperic2@student.unipu.hr ts=1777834652347 status=NO_FACE_DETECTED
2026-05-17 15:51:34,138 [INFO] ANALYZED exam=tQoHDQTrz1iAzcfYrbTF email=aperic2@student.unipu.hr ts=1777834652884 status=NO_FACE_DETECTED
2026-05-17 15:51:35,253 [INFO] ANALYZED exam=tQoHDQTrz1iAzcfYrbTF email=aperic2@student.unipu.hr ts=1777834655294 status=NO_FACE_DETECTED
2026-05-17 15:51:36,370 [INFO] ANALYZED exam=tQoHDQTrz1iAzcfYrbTF email=aperic2@student.unipu.hr ts=1777834658340 status=NO_FACE_DETECTED
2026-05-17 15:51:37,480 [INFO] ANALYZED exam=tQoHDQTrz1iAzcfYrbTF email=aperic2@student.unipu.hr ts=1777834664654 status=NO_FACE_DETECTED
2026-05-17 15:51:38,605 [INFO] ANALYZED exam=tQoHDQTrz1iAzcfYrbTF email=aperic2@student.unipu.hr ts=1777834670647 status=NO_FACE_DETECTED
2026-05-17 15:51:39,712 [INFO] ANALYZED exam=tQoHDQTrz1iAzcfYrbTF email=aperic2@student.unipu.hr ts=1777834673389 status=NO_FACE_DETECTED
2026-05-17 15:51:40,713 [INFO] ANALYZE_STOP reason=busy processed=28
2026-05-17 15:51:40,858 [INFO] BATCH_WRITE items=28
2026-05-17 15:51:51,859 [INFO] LOAD cpu=2.9% mem=+-0.8% req_rate=0.00/min idle=True
2026-05-17 15:51:51,859 [INFO] ANALYZE_BEGIN n_pending=3545
2026-05-17 15:51:53,110 [INFO] ANALYZED exam=tQoHDQTrz1iAzcfYrbTF email=aperic2@student.unipu.hr ts=1777834674645 status=NO_FACE_DETECTED
2026-05-17 15:51:54,223 [INFO] ANALYZED exam=tQoHDQTrz1iAzcfYrbTF email=aperic2@student.unipu.hr ts=1777834676190 status=NO_FACE_DETECTED
2026-05-17 15:51:55,335 [INFO] ANALYZED exam=tQoHDQTrz1iAzcfYrbTF email=aperic2@student.unipu.hr ts=1777834679767 status=NO_FACE_DETECTED
2026-05-17 15:51:56,444 [INFO] ANALYZED exam=tQoHDQTrz1iAzcfYrbTF email=aperic2@student.unipu.hr ts=1777834681152 status=NO_FACE_DETECTED
2026-05-17 15:51:57,554 [INFO] ANALYZED exam=tQoHDQTrz1iAzcfYrbTF email=aperic2@student.unipu.hr ts=1777834682720 status=NO_FACE_DETECTED
2026-05-17 15:51:58,668 [INFO] ANALYZED exam=tQoHDQTrz1iAzcfYrbTF email=aperic2@student.unipu.hr ts=1777834686254 status=NO_FACE_DETECTED
2026-05-17 15:51:59,793 [INFO] ANALYZED exam=tQoHDQTrz1iAzcfYrbTF email=aperic2@student.unipu.hr ts=1777834694604 status=NO_FACE_DETECTED
2026-05-17 15:52:00,909 [INFO] ANALYZED exam=tQoHDQTrz1iAzcfYrbTF email=aperic2@student.unipu.hr ts=1777834695081 status=NO_FACE_DETECTED
2026-05-17 15:52:02,025 [INFO] ANALYZED exam=tQoHDQTrz1iAzcfYrbTF email=aperic2@student.unipu.hr ts=1777834697767 status=NO_FACE_DETECTED
2026-05-17 15:52:03,163 [INFO] ANALYZED exam=tQoHDQTrz1iAzcfYrbTF email=aperic2@student.unipu.hr ts=1777834700589 status=NO_FACE_DETECTED
2026-05-17 15:52:04,279 [INFO] ANALYZED exam=tQoHDQTrz1iAzcfYrbTF email=aperic2@student.unipu.hr ts=1777834703437 status=NO_FACE_DETECTED
2026-05-17 15:52:05,395 [INFO] ANALYZED exam=tQoHDQTrz1iAzcfYrbTF email=aperic2@student.unipu.hr ts=1777834711282 status=NO_FACE_DETECTED
2026-05-17 15:52:06,507 [INFO] ANALYZED exam=tQoHDQTrz1iAzcfYrbTF email=aperic2@student.unipu.hr ts=1777834712549 status=NO_FACE_DETECTED
2026-05-17 15:52:07,620 [INFO] ANALYZED exam=tQoHDQTrz1iAzcfYrbTF email=aperic2@student.unipu.hr ts=1777834717449 status=NO_FACE_DETECTED
2026-05-17 15:52:08,736 [INFO] ANALYZED exam=tQoHDQTrz1iAzcfYrbTF email=aperic2@student.unipu.hr ts=1777834719824 status=NO_FACE_DETECTED
2026-05-17 15:52:09,853 [INFO] ANALYZED exam=tQoHDQTrz1iAzcfYrbTF email=aperic2@student.unipu.hr ts=1777834726557 status=NO_FACE_DETECTED
2026-05-17 15:52:10,971 [INFO] ANALYZED exam=tQoHDQTrz1iAzcfYrbTF email=aperic2@student.unipu.hr ts=1777834727869 status=NO_FACE_DETECTED
2026-05-17 15:52:12,097 [INFO] ANALYZED exam=tQoHDQTrz1iAzcfYrbTF email=aperic2@student.unipu.hr ts=1777834732132 status=NO_FACE_DETECTED
2026-05-17 15:52:13,211 [INFO] ANALYZED exam=tQoHDQTrz1iAzcfYrbTF email=aperic2@student.unipu.hr ts=1777834739489 status=NO_FACE_DETECTED
2026-05-17 15:52:14,329 [INFO] ANALYZED exam=tQoHDQTrz1iAzcfYrbTF email=aperic2@student.unipu.hr ts=1777834741569 status=NO_FACE_DETECTED
2026-05-17 15:52:15,445 [INFO] ANALYZED exam=tQoHDQTrz1iAzcfYrbTF email=aperic2@student.unipu.hr ts=1777834744651 status=NO_FACE_DETECTED
2026-05-17 15:52:16,559 [INFO] ANALYZED exam=tQoHDQTrz1iAzcfYrbTF email=aperic2@student.unipu.hr ts=1777834748559 status=NO_FACE_DETECTED
2026-05-17 15:52:17,675 [INFO] ANALYZED exam=tQoHDQTrz1iAzcfYrbTF email=aperic2@student.unipu.hr ts=1777834749655 status=NO_FACE_DETECTED
2026-05-17 15:52:18,791 [INFO] ANALYZED exam=tQoHDQTrz1iAzcfYrbTF email=aperic2@student.unipu.hr ts=1777834754557 status=NO_FACE_DETECTED
2026-05-17 15:52:19,903 [INFO] ANALYZED exam=tQoHDQTrz1iAzcfYrbTF email=aperic2@student.unipu.hr ts=1777834756674 status=NO_FACE_DETECTED
2026-05-17 15:52:21,020 [INFO] ANALYZED exam=tQoHDQTrz1iAzcfYrbTF email=aperic2@student.unipu.hr ts=1777834759602 status=NO_FACE_DETECTED
2026-05-17 15:52:22,132 [INFO] ANALYZED exam=tQoHDQTrz1iAzcfYrbTF email=aperic2@student.unipu.hr ts=1777834763417 status=NO_FACE_DETECTED
2026-05-17 15:52:23,244 [INFO] ANALYZED exam=tQoHDQTrz1iAzcfYrbTF email=aperic2@student.unipu.hr ts=1777834768714 status=NO_FACE_DETECTED
2026-05-17 15:52:24,360 [INFO] ANALYZED exam=tQoHDQTrz1iAzcfYrbTF email=aperic2@student.unipu.hr ts=1777834769519 status=NO_FACE_DETECTED
2026-05-17 15:52:25,476 [INFO] ANALYZED exam=tQoHDQTrz1iAzcfYrbTF email=aperic2@student.unipu.hr ts=1777834772432 status=NO_FACE_DETECTED
2026-05-17 15:52:26,590 [INFO] ANALYZED exam=tQoHDQTrz1iAzcfYrbTF email=aperic2@student.unipu.hr ts=1777834779757 status=NO_FACE_DETECTED
2026-05-17 15:52:27,702 [INFO] ANALYZED exam=tQoHDQTrz1iAzcfYrbTF email=aperic2@student.unipu.hr ts=1777834780429 status=NO_FACE_DETECTED
2026-05-17 15:52:28,814 [INFO] ANALYZED exam=tQoHDQTrz1iAzcfYrbTF email=aperic2@student.unipu.hr ts=1777834786607 status=NO_FACE_DETECTED
2026-05-17 15:52:29,927 [INFO] ANALYZED exam=tQoHDQTrz1iAzcfYrbTF email=aperic2@student.unipu.hr ts=1777834789710 status=NO_FACE_DETECTED
2026-05-17 15:52:31,042 [INFO] ANALYZED exam=tQoHDQTrz1iAzcfYrbTF email=aperic2@student.unipu.hr ts=1777834794957 status=NO_FACE_DETECTED
2026-05-17 15:52:32,157 [INFO] ANALYZED exam=tQoHDQTrz1iAzcfYrbTF email=aperic2@student.unipu.hr ts=1777834798657 status=NO_FACE_DETECTED
2026-05-17 15:52:33,269 [INFO] ANALYZED exam=tQoHDQTrz1iAzcfYrbTF email=aperic2@student.unipu.hr ts=1777834805859 status=NO_FACE_DETECTED
2026-05-17 15:52:34,385 [INFO] ANALYZED exam=tQoHDQTrz1iAzcfYrbTF email=aperic2@student.unipu.hr ts=1777834807202 status=NO_FACE_DETECTED
2026-05-17 15:52:35,496 [INFO] ANALYZED exam=tQoHDQTrz1iAzcfYrbTF email=aperic2@student.unipu.hr ts=1777834810299 status=NO_FACE_DETECTED
2026-05-17 15:52:36,605 [INFO] ANALYZED exam=tQoHDQTrz1iAzcfYrbTF email=aperic2@student.unipu.hr ts=1777834815012 status=NO_FACE_DETECTED
2026-05-17 15:52:37,718 [INFO] ANALYZED exam=tQoHDQTrz1iAzcfYrbTF email=aperic2@student.unipu.hr ts=1777834822058 status=NO_FACE_DETECTED
2026-05-17 15:52:38,835 [INFO] ANALYZED exam=tQoHDQTrz1iAzcfYrbTF email=aperic2@student.unipu.hr ts=1777834824436 status=NO_FACE_DETECTED
2026-05-17 15:52:39,951 [INFO] ANALYZED exam=tQoHDQTrz1iAzcfYrbTF email=aperic2@student.unipu.hr ts=1777834825444 status=NO_FACE_DETECTED
2026-05-17 15:52:41,067 [INFO] ANALYZED exam=tQoHDQTrz1iAzcfYrbTF email=aperic2@student.unipu.hr ts=1777834829412 status=NO_FACE_DETECTED
2026-05-17 15:52:42,181 [INFO] ANALYZED exam=tQoHDQTrz1iAzcfYrbTF email=aperic2@student.unipu.hr ts=1777834830414 status=NO_FACE_DETECTED
2026-05-17 15:52:43,294 [INFO] ANALYZED exam=tQoHDQTrz1iAzcfYrbTF email=aperic2@student.unipu.hr ts=1777834835354 status=NO_FACE_DETECTED
2026-05-17 15:52:44,407 [INFO] ANALYZED exam=tQoHDQTrz1iAzcfYrbTF email=aperic2@student.unipu.hr ts=1777834839192 status=NO_FACE_DETECTED
2026-05-17 15:52:45,408 [INFO] ANALYZE_STOP reason=busy processed=47
2026-05-17 15:52:45,606 [INFO] BATCH_WRITE items=47
2026-05-17 15:52:56,607 [INFO] LOAD cpu=2.8% mem=+-1.1% req_rate=0.00/min idle=True
2026-05-17 15:52:56,608 [INFO] ANALYZE_BEGIN n_pending=3498
2026-05-17 15:52:57,860 [INFO] ANALYZED exam=tQoHDQTrz1iAzcfYrbTF email=aperic2@student.unipu.hr ts=1777834842349 status=NO_FACE_DETECTED
2026-05-17 15:52:58,970 [INFO] ANALYZED exam=tQoHDQTrz1iAzcfYrbTF email=aperic2@student.unipu.hr ts=1777834844360 status=NO_FACE_DETECTED
2026-05-17 15:53:00,080 [INFO] ANALYZED exam=tQoHDQTrz1iAzcfYrbTF email=aperic2@student.unipu.hr ts=1777834845814 status=NO_FACE_DETECTED
2026-05-17 15:53:01,192 [INFO] ANALYZED exam=tQoHDQTrz1iAzcfYrbTF email=aperic2@student.unipu.hr ts=1777834848447 status=NO_FACE_DETECTED
2026-05-17 15:53:02,302 [INFO] ANALYZED exam=tQoHDQTrz1iAzcfYrbTF email=aperic2@student.unipu.hr ts=1777834853627 status=NO_FACE_DETECTED
2026-05-17 15:53:03,413 [INFO] ANALYZED exam=tQoHDQTrz1iAzcfYrbTF email=aperic2@student.unipu.hr ts=1777834856239 status=NO_FACE_DETECTED
2026-05-17 15:53:04,527 [INFO] ANALYZED exam=tQoHDQTrz1iAzcfYrbTF email=aperic2@student.unipu.hr ts=1777834858649 status=NO_FACE_DETECTED
2026-05-17 15:53:05,641 [INFO] ANALYZED exam=tQoHDQTrz1iAzcfYrbTF email=aperic2@student.unipu.hr ts=1777834863449 status=NO_FACE_DETECTED
2026-05-17 15:53:06,751 [INFO] ANALYZED exam=tQoHDQTrz1iAzcfYrbTF email=aperic2@student.unipu.hr ts=1777834867906 status=NO_FACE_DETECTED
2026-05-17 15:53:07,863 [INFO] ANALYZED exam=tQoHDQTrz1iAzcfYrbTF email=aperic2@student.unipu.hr ts=1777834875200 status=NO_FACE_DETECTED
2026-05-17 15:53:08,973 [INFO] ANALYZED exam=tQoHDQTrz1iAzcfYrbTF email=aperic2@student.unipu.hr ts=1777834876497 status=NO_FACE_DETECTED
2026-05-17 15:53:10,078 [INFO] ANALYZED exam=tQoHDQTrz1iAzcfYrbTF email=aperic2@student.unipu.hr ts=1777834884478 status=NO_FACE_DETECTED
2026-05-17 15:53:11,190 [INFO] ANALYZED exam=tQoHDQTrz1iAzcfYrbTF email=aperic2@student.unipu.hr ts=1777834888548 status=NO_FACE_DETECTED
2026-05-17 15:53:12,302 [INFO] ANALYZED exam=tQoHDQTrz1iAzcfYrbTF email=aperic2@student.unipu.hr ts=1777834894505 status=NO_FACE_DETECTED
2026-05-17 15:53:13,416 [INFO] ANALYZED exam=tQoHDQTrz1iAzcfYrbTF email=aperic2@student.unipu.hr ts=1777834897437 status=NO_FACE_DETECTED
2026-05-17 15:53:14,530 [INFO] ANALYZED exam=tQoHDQTrz1iAzcfYrbTF email=aperic2@student.unipu.hr ts=1777834901476 status=NO_FACE_DETECTED
2026-05-17 15:53:15,639 [INFO] ANALYZED exam=tQoHDQTrz1iAzcfYrbTF email=aperic2@student.unipu.hr ts=1777834905614 status=NO_FACE_DETECTED
2026-05-17 15:53:16,748 [INFO] ANALYZED exam=tQoHDQTrz1iAzcfYrbTF email=aperic2@student.unipu.hr ts=1777834913516 status=NO_FACE_DETECTED
2026-05-17 15:53:17,859 [INFO] ANALYZED exam=tQoHDQTrz1iAzcfYrbTF email=aperic2@student.unipu.hr ts=1777834916616 status=NO_FACE_DETECTED
2026-05-17 15:53:18,969 [INFO] ANALYZED exam=tQoHDQTrz1iAzcfYrbTF email=aperic2@student.unipu.hr ts=1777834920532 status=NO_FACE_DETECTED
2026-05-17 15:53:20,092 [INFO] ANALYZED exam=tQoHDQTrz1iAzcfYrbTF email=aperic2@student.unipu.hr ts=1777834922519 status=NO_FACE_DETECTED
2026-05-17 15:53:21,208 [INFO] ANALYZED exam=tQoHDQTrz1iAzcfYrbTF email=aperic2@student.unipu.hr ts=1777834929517 status=NO_FACE_DETECTED
2026-05-17 15:53:22,323 [INFO] ANALYZED exam=tQoHDQTrz1iAzcfYrbTF email=aperic2@student.unipu.hr ts=1777834932424 status=NO_FACE_DETECTED
2026-05-17 15:53:23,437 [INFO] ANALYZED exam=tQoHDQTrz1iAzcfYrbTF email=aperic2@student.unipu.hr ts=1777834940577 status=NO_FACE_DETECTED
2026-05-17 15:53:24,545 [INFO] ANALYZED exam=tQoHDQTrz1iAzcfYrbTF email=aperic2@student.unipu.hr ts=1777834941159 status=NO_FACE_DETECTED
2026-05-17 15:53:25,654 [INFO] ANALYZED exam=tQoHDQTrz1iAzcfYrbTF email=aperic2@student.unipu.hr ts=1777834944610 status=NO_FACE_DETECTED
2026-05-17 15:53:26,769 [INFO] ANALYZED exam=tQoHDQTrz1iAzcfYrbTF email=aperic2@student.unipu.hr ts=1777834948789 status=NO_FACE_DETECTED
2026-05-17 15:53:27,879 [INFO] ANALYZED exam=tQoHDQTrz1iAzcfYrbTF email=aperic2@student.unipu.hr ts=1777834949889 status=NO_FACE_DETECTED
2026-05-17 15:53:28,880 [INFO] ANALYZE_STOP reason=busy processed=28
2026-05-17 15:53:29,029 [INFO] BATCH_WRITE items=28
2026-05-17 15:53:40,030 [INFO] LOAD cpu=2.3% mem=+-0.9% req_rate=0.00/min idle=True
2026-05-17 15:53:40,031 [INFO] ANALYZE_BEGIN n_pending=3470
2026-05-17 15:53:41,294 [INFO] ANALYZED exam=tQoHDQTrz1iAzcfYrbTF email=aperic2@student.unipu.hr ts=1777834952769 status=NO_FACE_DETECTED
2026-05-17 15:53:42,406 [INFO] ANALYZED exam=tQoHDQTrz1iAzcfYrbTF email=aperic2@student.unipu.hr ts=1777834953085 status=NO_FACE_DETECTED
2026-05-17 15:53:43,522 [INFO] ANALYZED exam=tQoHDQTrz1iAzcfYrbTF email=aperic2@student.unipu.hr ts=1777834955964 status=NO_FACE_DETECTED
2026-05-17 15:53:44,632 [INFO] ANALYZED exam=tQoHDQTrz1iAzcfYrbTF email=aperic2@student.unipu.hr ts=1777834958224 status=NO_FACE_DETECTED
2026-05-17 15:53:45,741 [INFO] ANALYZED exam=tQoHDQTrz1iAzcfYrbTF email=aperic2@student.unipu.hr ts=1777834967034 status=NO_FACE_DETECTED
2026-05-17 15:53:46,852 [INFO] ANALYZED exam=tQoHDQTrz1iAzcfYrbTF email=aperic2@student.unipu.hr ts=1777834968324 status=NO_FACE_DETECTED
2026-05-17 15:53:47,957 [INFO] ANALYZED exam=tQoHDQTrz1iAzcfYrbTF email=aperic2@student.unipu.hr ts=1777834974094 status=NO_FACE_DETECTED
2026-05-17 15:53:49,065 [INFO] ANALYZED exam=tQoHDQTrz1iAzcfYrbTF email=aperic2@student.unipu.hr ts=1777834974499 status=NO_FACE_DETECTED
2026-05-17 15:53:50,173 [INFO] ANALYZED exam=tQoHDQTrz1iAzcfYrbTF email=aperic2@student.unipu.hr ts=1777834981862 status=NO_FACE_DETECTED
2026-05-17 15:53:51,281 [INFO] ANALYZED exam=tQoHDQTrz1iAzcfYrbTF email=aperic2@student.unipu.hr ts=1777834983209 status=NO_FACE_DETECTED
2026-05-17 15:53:52,392 [INFO] ANALYZED exam=tQoHDQTrz1iAzcfYrbTF email=aperic2@student.unipu.hr ts=1777834985474 status=NO_FACE_DETECTED
2026-05-17 15:53:53,504 [INFO] ANALYZED exam=tQoHDQTrz1iAzcfYrbTF email=aperic2@student.unipu.hr ts=1777834989252 status=NO_FACE_DETECTED
2026-05-17 15:53:54,618 [INFO] ANALYZED exam=tQoHDQTrz1iAzcfYrbTF email=aperic2@student.unipu.hr ts=1777834993562 status=NO_FACE_DETECTED
2026-05-17 15:53:55,732 [INFO] ANALYZED exam=tQoHDQTrz1iAzcfYrbTF email=aperic2@student.unipu.hr ts=1777834994159 status=NO_FACE_DETECTED
2026-05-17 15:53:56,846 [INFO] ANALYZED exam=tQoHDQTrz1iAzcfYrbTF email=aperic2@student.unipu.hr ts=1777835000862 status=NO_FACE_DETECTED
2026-05-17 15:53:57,958 [INFO] ANALYZED exam=tQoHDQTrz1iAzcfYrbTF email=aperic2@student.unipu.hr ts=1777835001434 status=NO_FACE_DETECTED
2026-05-17 15:53:59,070 [INFO] ANALYZED exam=tQoHDQTrz1iAzcfYrbTF email=aperic2@student.unipu.hr ts=1777835007598 status=NO_FACE_DETECTED
2026-05-17 15:54:00,183 [INFO] ANALYZED exam=tQoHDQTrz1iAzcfYrbTF email=aperic2@student.unipu.hr ts=1777835009779 status=NO_FACE_DETECTED
2026-05-17 15:54:01,184 [INFO] ANALYZE_STOP reason=busy processed=18
2026-05-17 15:54:01,333 [INFO] BATCH_WRITE items=18
2026-05-17 15:54:15,147 [INFO] LOAD cpu=1.6% mem=+-0.8% req_rate=0.00/min idle=True
2026-05-17 15:54:15,148 [INFO] ANALYZE_BEGIN n_pending=3452
2026-05-17 15:54:16,267 [INFO] ANALYZED exam=tQoHDQTrz1iAzcfYrbTF email=aperic2@student.unipu.hr ts=1777835015799 status=NO_FACE_DETECTED
2026-05-17 15:54:17,379 [INFO] ANALYZED exam=tQoHDQTrz1iAzcfYrbTF email=aperic2@student.unipu.hr ts=1777835019739 status=NO_FACE_DETECTED
2026-05-17 15:54:18,487 [INFO] ANALYZED exam=tQoHDQTrz1iAzcfYrbTF email=aperic2@student.unipu.hr ts=1777835020047 status=NO_FACE_DETECTED
2026-05-17 15:54:19,599 [INFO] ANALYZED exam=tQoHDQTrz1iAzcfYrbTF email=aperic2@student.unipu.hr ts=1777835025547 status=NO_FACE_DETECTED
2026-05-17 15:54:20,709 [INFO] ANALYZED exam=tQoHDQTrz1iAzcfYrbTF email=aperic2@student.unipu.hr ts=1777835028211 status=NO_FACE_DETECTED
2026-05-17 15:54:21,823 [INFO] ANALYZED exam=tQoHDQTrz1iAzcfYrbTF email=aperic2@student.unipu.hr ts=1777835030447 status=NO_FACE_DETECTED
2026-05-17 15:54:22,932 [INFO] ANALYZED exam=tQoHDQTrz1iAzcfYrbTF email=aperic2@student.unipu.hr ts=1777835034452 status=NO_FACE_DETECTED
2026-05-17 15:54:24,043 [INFO] ANALYZED exam=tQoHDQTrz1iAzcfYrbTF email=aperic2@student.unipu.hr ts=1777835037501 status=NO_FACE_DETECTED
2026-05-17 15:54:25,149 [INFO] ANALYZED exam=tQoHDQTrz1iAzcfYrbTF email=aperic2@student.unipu.hr ts=1777835038473 status=NO_FACE_DETECTED
2026-05-17 15:54:26,262 [INFO] ANALYZED exam=tQoHDQTrz1iAzcfYrbTF email=aperic2@student.unipu.hr ts=1777835043319 status=NO_FACE_DETECTED
2026-05-17 15:54:27,375 [INFO] ANALYZED exam=tQoHDQTrz1iAzcfYrbTF email=aperic2@student.unipu.hr ts=1777835049340 status=NO_FACE_DETECTED
2026-05-17 15:54:28,490 [INFO] ANALYZED exam=tQoHDQTrz1iAzcfYrbTF email=aperic2@student.unipu.hr ts=1777835050289 status=NO_FACE_DETECTED
2026-05-17 15:54:29,600 [INFO] ANALYZED exam=tQoHDQTrz1iAzcfYrbTF email=aperic2@student.unipu.hr ts=1777835054435 status=NO_FACE_DETECTED
2026-05-17 15:54:30,713 [INFO] ANALYZED exam=tQoHDQTrz1iAzcfYrbTF email=aperic2@student.unipu.hr ts=1777835057624 status=NO_FACE_DETECTED
2026-05-17 15:54:31,828 [INFO] ANALYZED exam=tQoHDQTrz1iAzcfYrbTF email=aperic2@student.unipu.hr ts=1777835059897 status=NO_FACE_DETECTED
2026-05-17 15:54:32,939 [INFO] ANALYZED exam=tQoHDQTrz1iAzcfYrbTF email=aperic2@student.unipu.hr ts=1777835063568 status=NO_FACE_DETECTED
2026-05-17 15:54:33,940 [INFO] ANALYZE_STOP reason=busy processed=16
2026-05-17 15:54:34,081 [INFO] BATCH_WRITE items=16
2026-05-17 15:54:45,082 [INFO] LOAD cpu=1.4% mem=+-1.0% req_rate=0.00/min idle=True
2026-05-17 15:54:45,083 [INFO] ANALYZE_BEGIN n_pending=3436
2026-05-17 15:54:46,368 [INFO] ANALYZED exam=tQoHDQTrz1iAzcfYrbTF email=aperic2@student.unipu.hr ts=1777835063875 status=NO_FACE_DETECTED
2026-05-17 15:54:47,474 [INFO] ANALYZED exam=tQoHDQTrz1iAzcfYrbTF email=aperic2@student.unipu.hr ts=1777835069495 status=NO_FACE_DETECTED
2026-05-17 15:54:48,587 [INFO] ANALYZED exam=tQoHDQTrz1iAzcfYrbTF email=aperic2@student.unipu.hr ts=1777835073692 status=NO_FACE_DETECTED
2026-05-17 15:54:49,697 [INFO] ANALYZED exam=tQoHDQTrz1iAzcfYrbTF email=aperic2@student.unipu.hr ts=1777835075082 status=NO_FACE_DETECTED
2026-05-17 15:54:50,806 [INFO] ANALYZED exam=tQoHDQTrz1iAzcfYrbTF email=aperic2@student.unipu.hr ts=1777835081069 status=NO_FACE_DETECTED
2026-05-17 15:54:51,915 [INFO] ANALYZED exam=tQoHDQTrz1iAzcfYrbTF email=aperic2@student.unipu.hr ts=1777835083972 status=NO_FACE_DETECTED
2026-05-17 15:54:53,027 [INFO] ANALYZED exam=tQoHDQTrz1iAzcfYrbTF email=aperic2@student.unipu.hr ts=1777835086957 status=NO_FACE_DETECTED
2026-05-17 15:54:54,141 [INFO] ANALYZED exam=tQoHDQTrz1iAzcfYrbTF email=aperic2@student.unipu.hr ts=1777835088534 status=NO_FACE_DETECTED
2026-05-17 15:54:55,248 [INFO] ANALYZED exam=tQoHDQTrz1iAzcfYrbTF email=aperic2@student.unipu.hr ts=1777835093809 status=NO_FACE_DETECTED
2026-05-17 15:54:56,359 [INFO] ANALYZED exam=tQoHDQTrz1iAzcfYrbTF email=aperic2@student.unipu.hr ts=1777835098201 status=NO_FACE_DETECTED
2026-05-17 15:54:57,466 [INFO] ANALYZED exam=tQoHDQTrz1iAzcfYrbTF email=aperic2@student.unipu.hr ts=1777835102649 status=NO_FACE_DETECTED
2026-05-17 15:54:58,577 [INFO] ANALYZED exam=tQoHDQTrz1iAzcfYrbTF email=aperic2@student.unipu.hr ts=1777835106154 status=NO_FACE_DETECTED
2026-05-17 15:54:59,690 [INFO] ANALYZED exam=tQoHDQTrz1iAzcfYrbTF email=aperic2@student.unipu.hr ts=1777835110666 status=NO_FACE_DETECTED
2026-05-17 15:55:00,804 [INFO] ANALYZED exam=tQoHDQTrz1iAzcfYrbTF email=aperic2@student.unipu.hr ts=1777835112737 status=NO_FACE_DETECTED
2026-05-17 15:55:01,917 [INFO] ANALYZED exam=tQoHDQTrz1iAzcfYrbTF email=aperic2@student.unipu.hr ts=1777835118594 status=NO_FACE_DETECTED
2026-05-17 15:55:03,030 [INFO] ANALYZED exam=tQoHDQTrz1iAzcfYrbTF email=aperic2@student.unipu.hr ts=1777835119319 status=NO_FACE_DETECTED
2026-05-17 15:55:04,031 [INFO] ANALYZE_STOP reason=busy processed=16
2026-05-17 15:55:04,186 [INFO] BATCH_WRITE items=16
2026-05-17 15:55:15,187 [INFO] LOAD cpu=1.5% mem=+-0.7% req_rate=0.00/min idle=True
2026-05-17 15:55:15,187 [INFO] ANALYZE_BEGIN n_pending=3420
2026-05-17 15:55:16,454 [INFO] ANALYZED exam=tQoHDQTrz1iAzcfYrbTF email=aperic2@student.unipu.hr ts=1777835122550 status=NO_FACE_DETECTED
2026-05-17 15:55:17,570 [INFO] ANALYZED exam=tQoHDQTrz1iAzcfYrbTF email=aperic2@student.unipu.hr ts=1777835124727 status=NO_FACE_DETECTED
2026-05-17 15:55:18,678 [INFO] ANALYZED exam=tQoHDQTrz1iAzcfYrbTF email=aperic2@student.unipu.hr ts=1777835128967 status=NO_FACE_DETECTED
2026-05-17 15:55:19,790 [INFO] ANALYZED exam=tQoHDQTrz1iAzcfYrbTF email=aperic2@student.unipu.hr ts=1777835135047 status=NO_FACE_DETECTED
2026-05-17 15:55:20,906 [INFO] ANALYZED exam=tQoHDQTrz1iAzcfYrbTF email=aperic2@student.unipu.hr ts=1777835137517 status=NO_FACE_DETECTED
2026-05-17 15:55:22,017 [INFO] ANALYZED exam=tQoHDQTrz1iAzcfYrbTF email=aperic2@student.unipu.hr ts=1777835143629 status=NO_FACE_DETECTED
2026-05-17 15:55:23,127 [INFO] ANALYZED exam=tQoHDQTrz1iAzcfYrbTF email=aperic2@student.unipu.hr ts=1777835146767 status=NO_FACE_DETECTED
2026-05-17 15:55:24,242 [INFO] ANALYZED exam=tQoHDQTrz1iAzcfYrbTF email=aperic2@student.unipu.hr ts=1777835152880 status=NO_FACE_DETECTED
2026-05-17 15:55:25,355 [INFO] ANALYZED exam=tQoHDQTrz1iAzcfYrbTF email=aperic2@student.unipu.hr ts=1777835154585 status=NO_FACE_DETECTED
2026-05-17 15:55:26,469 [INFO] ANALYZED exam=tQoHDQTrz1iAzcfYrbTF email=aperic2@student.unipu.hr ts=1777835157092 status=NO_FACE_DETECTED
2026-05-17 15:55:27,583 [INFO] ANALYZED exam=tQoHDQTrz1iAzcfYrbTF email=aperic2@student.unipu.hr ts=1777835160837 status=NO_FACE_DETECTED
2026-05-17 15:55:28,700 [INFO] ANALYZED exam=tQoHDQTrz1iAzcfYrbTF email=apucovic@student.unipu.hr ts=1777811472501 status=FACE_DETECTED
2026-05-17 15:55:29,835 [INFO] ANALYZED exam=tQoHDQTrz1iAzcfYrbTF email=apucovic@student.unipu.hr ts=1777811481417 status=FACE_DETECTED
2026-05-17 15:55:30,964 [INFO] ANALYZED exam=tQoHDQTrz1iAzcfYrbTF email=apucovic@student.unipu.hr ts=1777811491225 status=FACE_DETECTED
2026-05-17 15:55:32,086 [INFO] ANALYZED exam=tQoHDQTrz1iAzcfYrbTF email=apucovic@student.unipu.hr ts=1777811502061 status=FACE_DETECTED
2026-05-17 15:55:33,220 [INFO] ANALYZED exam=tQoHDQTrz1iAzcfYrbTF email=apucovic@student.unipu.hr ts=1777811509781 status=FACE_DETECTED
2026-05-17 15:55:34,341 [INFO] ANALYZED exam=tQoHDQTrz1iAzcfYrbTF email=apucovic@student.unipu.hr ts=1777811517655 status=FACE_DETECTED
2026-05-17 15:55:35,467 [INFO] ANALYZED exam=tQoHDQTrz1iAzcfYrbTF email=apucovic@student.unipu.hr ts=1777811521396 status=FACE_DETECTED
2026-05-17 15:55:36,599 [INFO] ANALYZED exam=tQoHDQTrz1iAzcfYrbTF email=apucovic@student.unipu.hr ts=1777811527004 status=FACE_DETECTED
2026-05-17 15:55:37,600 [INFO] ANALYZE_STOP reason=busy processed=19
2026-05-17 15:55:37,751 [INFO] BATCH_WRITE items=19
2026-05-17 15:55:48,752 [INFO] LOAD cpu=1.3% mem=+-0.9% req_rate=0.00/min idle=True
2026-05-17 15:55:48,753 [INFO] ANALYZE_BEGIN n_pending=3401
2026-05-17 15:55:50,052 [INFO] ANALYZED exam=tQoHDQTrz1iAzcfYrbTF email=apucovic@student.unipu.hr ts=1777811530620 status=FACE_DETECTED
2026-05-17 15:55:51,184 [INFO] ANALYZED exam=tQoHDQTrz1iAzcfYrbTF email=apucovic@student.unipu.hr ts=1777811537213 status=FACE_DETECTED
2026-05-17 15:55:52,317 [INFO] ANALYZED exam=tQoHDQTrz1iAzcfYrbTF email=apucovic@student.unipu.hr ts=1777811541950 status=FACE_DETECTED
2026-05-17 15:55:53,461 [INFO] ANALYZED exam=tQoHDQTrz1iAzcfYrbTF email=apucovic@student.unipu.hr ts=1777811550703 status=FACE_DETECTED
2026-05-17 15:55:54,599 [INFO] ANALYZED exam=tQoHDQTrz1iAzcfYrbTF email=apucovic@student.unipu.hr ts=1777811561504 status=FACE_DETECTED
2026-05-17 15:55:55,723 [INFO] ANALYZED exam=tQoHDQTrz1iAzcfYrbTF email=apucovic@student.unipu.hr ts=1777811565343 status=FACE_DETECTED
2026-05-17 15:55:56,867 [INFO] ANALYZED exam=tQoHDQTrz1iAzcfYrbTF email=apucovic@student.unipu.hr ts=1777811573973 status=NO_FACE_DETECTED
2026-05-17 15:55:57,997 [INFO] ANALYZED exam=tQoHDQTrz1iAzcfYrbTF email=apucovic@student.unipu.hr ts=1777811580751 status=NO_FACE_DETECTED
2026-05-17 15:55:59,127 [INFO] ANALYZED exam=tQoHDQTrz1iAzcfYrbTF email=apucovic@student.unipu.hr ts=1777811588498 status=NO_FACE_DETECTED
2026-05-17 15:56:00,248 [INFO] ANALYZED exam=tQoHDQTrz1iAzcfYrbTF email=apucovic@student.unipu.hr ts=1777811599243 status=NO_FACE_DETECTED
2026-05-17 15:56:01,379 [INFO] ANALYZED exam=tQoHDQTrz1iAzcfYrbTF email=apucovic@student.unipu.hr ts=1777811607971 status=NO_FACE_DETECTED
2026-05-17 15:56:02,515 [INFO] ANALYZED exam=tQoHDQTrz1iAzcfYrbTF email=apucovic@student.unipu.hr ts=1777811610745 status=NO_FACE_DETECTED
2026-05-17 15:56:03,648 [INFO] ANALYZED exam=tQoHDQTrz1iAzcfYrbTF email=apucovic@student.unipu.hr ts=1777811615368 status=NO_FACE_DETECTED
2026-05-17 15:56:04,790 [INFO] ANALYZED exam=tQoHDQTrz1iAzcfYrbTF email=apucovic@student.unipu.hr ts=1777811617069 status=NO_FACE_DETECTED
2026-05-17 15:56:05,913 [INFO] ANALYZED exam=tQoHDQTrz1iAzcfYrbTF email=apucovic@student.unipu.hr ts=1777811627746 status=NO_FACE_DETECTED
2026-05-17 15:56:07,036 [INFO] ANALYZED exam=tQoHDQTrz1iAzcfYrbTF email=apucovic@student.unipu.hr ts=1777811637447 status=NO_FACE_DETECTED
2026-05-17 15:56:08,156 [INFO] ANALYZED exam=tQoHDQTrz1iAzcfYrbTF email=apucovic@student.unipu.hr ts=1777811647240 status=FACE_DETECTED
2026-05-17 15:56:09,304 [INFO] ANALYZED exam=tQoHDQTrz1iAzcfYrbTF email=apucovic@student.unipu.hr ts=1777811652001 status=NO_FACE_DETECTED
2026-05-17 15:56:10,446 [INFO] ANALYZED exam=tQoHDQTrz1iAzcfYrbTF email=apucovic@student.unipu.hr ts=1777811653640 status=NO_FACE_DETECTED
2026-05-17 15:56:11,582 [INFO] ANALYZED exam=tQoHDQTrz1iAzcfYrbTF email=apucovic@student.unipu.hr ts=1777811659253 status=FACE_DETECTED
2026-05-17 15:56:12,704 [INFO] ANALYZED exam=tQoHDQTrz1iAzcfYrbTF email=apucovic@student.unipu.hr ts=1777811665889 status=NO_FACE_DETECTED
2026-05-17 15:56:13,842 [INFO] ANALYZED exam=tQoHDQTrz1iAzcfYrbTF email=apucovic@student.unipu.hr ts=1777811675652 status=FACE_DETECTED
2026-05-17 15:56:15,007 [INFO] ANALYZED exam=tQoHDQTrz1iAzcfYrbTF email=apucovic@student.unipu.hr ts=1777811677391 status=FACE_DETECTED
2026-05-17 15:56:16,136 [INFO] ANALYZED exam=tQoHDQTrz1iAzcfYrbTF email=apucovic@student.unipu.hr ts=1777811686979 status=FACE_DETECTED
2026-05-17 15:56:17,137 [INFO] ANALYZE_STOP reason=busy processed=24
2026-05-17 15:56:17,304 [INFO] BATCH_WRITE items=24
2026-05-17 15:56:28,305 [INFO] LOAD cpu=1.5% mem=+-0.9% req_rate=0.00/min idle=True
2026-05-17 15:56:28,305 [INFO] ANALYZE_BEGIN n_pending=3377
2026-05-17 15:56:29,607 [INFO] ANALYZED exam=tQoHDQTrz1iAzcfYrbTF email=apucovic@student.unipu.hr ts=1777811693783 status=NO_FACE_DETECTED
2026-05-17 15:56:30,727 [INFO] ANALYZED exam=tQoHDQTrz1iAzcfYrbTF email=apucovic@student.unipu.hr ts=1777811699515 status=NO_FACE_DETECTED
2026-05-17 15:56:31,871 [INFO] ANALYZED exam=tQoHDQTrz1iAzcfYrbTF email=apucovic@student.unipu.hr ts=1777811707152 status=FACE_DETECTED
2026-05-17 15:56:32,997 [INFO] ANALYZED exam=tQoHDQTrz1iAzcfYrbTF email=apucovic@student.unipu.hr ts=1777811712887 status=FACE_DETECTED
2026-05-17 15:56:34,124 [INFO] ANALYZED exam=tQoHDQTrz1iAzcfYrbTF email=apucovic@student.unipu.hr ts=1777811718557 status=FACE_DETECTED
2026-05-17 15:56:35,296 [INFO] ANALYZED exam=tQoHDQTrz1iAzcfYrbTF email=apucovic@student.unipu.hr ts=1777811728222 status=FACE_DETECTED
2026-05-17 15:56:36,427 [INFO] ANALYZED exam=tQoHDQTrz1iAzcfYrbTF email=apucovic@student.unipu.hr ts=1777811729997 status=NO_FACE_DETECTED
2026-05-17 15:56:37,552 [INFO] ANALYZED exam=tQoHDQTrz1iAzcfYrbTF email=apucovic@student.unipu.hr ts=1777811737638 status=NO_FACE_DETECTED
2026-05-17 15:56:38,685 [INFO] ANALYZED exam=tQoHDQTrz1iAzcfYrbTF email=apucovic@student.unipu.hr ts=1777811745475 status=NO_FACE_DETECTED
2026-05-17 15:56:39,810 [INFO] ANALYZED exam=tQoHDQTrz1iAzcfYrbTF email=apucovic@student.unipu.hr ts=1777811753245 status=NO_FACE_DETECTED
2026-05-17 15:56:40,931 [INFO] ANALYZED exam=tQoHDQTrz1iAzcfYrbTF email=apucovic@student.unipu.hr ts=1777811760104 status=FACE_DETECTED
2026-05-17 15:56:42,086 [INFO] ANALYZED exam=tQoHDQTrz1iAzcfYrbTF email=apucovic@student.unipu.hr ts=1777811765860 status=FACE_DETECTED
2026-05-17 15:56:43,225 [INFO] ANALYZED exam=tQoHDQTrz1iAzcfYrbTF email=apucovic@student.unipu.hr ts=1777811776480 status=FACE_DETECTED
2026-05-17 15:56:44,351 [INFO] ANALYZED exam=tQoHDQTrz1iAzcfYrbTF email=apucovic@student.unipu.hr ts=1777811779276 status=NO_FACE_DETECTED
2026-05-17 15:56:45,502 [INFO] ANALYZED exam=tQoHDQTrz1iAzcfYrbTF email=apucovic@student.unipu.hr ts=1777811785916 status=FACE_DETECTED
2026-05-17 15:56:46,630 [INFO] ANALYZED exam=tQoHDQTrz1iAzcfYrbTF email=apucovic@student.unipu.hr ts=1777811787609 status=NO_FACE_DETECTED
2026-05-17 15:56:47,762 [INFO] ANALYZED exam=tQoHDQTrz1iAzcfYrbTF email=apucovic@student.unipu.hr ts=1777811795202 status=NO_FACE_DETECTED
2026-05-17 15:56:48,901 [INFO] ANALYZED exam=tQoHDQTrz1iAzcfYrbTF email=apucovic@student.unipu.hr ts=1777811803031 status=FACE_DETECTED
2026-05-17 15:56:50,034 [INFO] ANALYZED exam=tQoHDQTrz1iAzcfYrbTF email=apucovic@student.unipu.hr ts=1777811804770 status=FACE_DETECTED
2026-05-17 15:56:51,035 [INFO] ANALYZE_STOP reason=busy processed=19
2026-05-17 15:56:51,180 [INFO] BATCH_WRITE items=19
2026-05-17 15:57:02,181 [INFO] LOAD cpu=3.2% mem=+-1.0% req_rate=0.00/min idle=True
2026-05-17 15:57:02,181 [INFO] ANALYZE_BEGIN n_pending=3358
2026-05-17 15:57:03,456 [INFO] ANALYZED exam=tQoHDQTrz1iAzcfYrbTF email=apucovic@student.unipu.hr ts=1777811813486 status=FACE_DETECTED
2026-05-17 15:57:04,621 [INFO] ANALYZED exam=tQoHDQTrz1iAzcfYrbTF email=apucovic@student.unipu.hr ts=1777811822257 status=NO_FACE_DETECTED
2026-05-17 15:57:05,768 [INFO] ANALYZED exam=tQoHDQTrz1iAzcfYrbTF email=apucovic@student.unipu.hr ts=1777811827133 status=FACE_DETECTED
2026-05-17 15:57:06,893 [INFO] ANALYZED exam=tQoHDQTrz1iAzcfYrbTF email=apucovic@student.unipu.hr ts=1777811830774 status=NO_FACE_DETECTED
2026-05-17 15:57:08,024 [INFO] ANALYZED exam=tQoHDQTrz1iAzcfYrbTF email=apucovic@student.unipu.hr ts=1777811838412 status=FACE_DETECTED
2026-05-17 15:57:09,150 [INFO] ANALYZED exam=tQoHDQTrz1iAzcfYrbTF email=apucovic@student.unipu.hr ts=1777811844181 status=NO_FACE_DETECTED
2026-05-17 15:57:10,291 [INFO] ANALYZED exam=tQoHDQTrz1iAzcfYrbTF email=apucovic@student.unipu.hr ts=1777811849820 status=NO_FACE_DETECTED
2026-05-17 15:57:11,434 [INFO] ANALYZED exam=tQoHDQTrz1iAzcfYrbTF email=apucovic@student.unipu.hr ts=1777811859507 status=FACE_DETECTED
2026-05-17 15:57:12,579 [INFO] ANALYZED exam=tQoHDQTrz1iAzcfYrbTF email=apucovic@student.unipu.hr ts=1777811870401 status=NO_FACE_DETECTED
2026-05-17 15:57:13,702 [INFO] ANALYZED exam=tQoHDQTrz1iAzcfYrbTF email=apucovic@student.unipu.hr ts=1777811880198 status=FACE_DETECTED
2026-05-17 15:57:14,831 [INFO] ANALYZED exam=tQoHDQTrz1iAzcfYrbTF email=apucovic@student.unipu.hr ts=1777811886042 status=NO_FACE_DETECTED
2026-05-17 15:57:15,964 [INFO] ANALYZED exam=tQoHDQTrz1iAzcfYrbTF email=apucovic@student.unipu.hr ts=1777811892710 status=NO_FACE_DETECTED
2026-05-17 15:57:17,092 [INFO] ANALYZED exam=tQoHDQTrz1iAzcfYrbTF email=apucovic@student.unipu.hr ts=1777811896493 status=FACE_DETECTED
2026-05-17 15:57:18,092 [INFO] ANALYZE_STOP reason=busy processed=13
2026-05-17 15:57:18,231 [INFO] BATCH_WRITE items=13
2026-05-17 15:57:32,447 [INFO] LOAD cpu=1.9% mem=+-0.8% req_rate=0.00/min idle=True
2026-05-17 15:57:32,448 [INFO] ANALYZE_BEGIN n_pending=3345
2026-05-17 15:57:33,575 [INFO] ANALYZED exam=tQoHDQTrz1iAzcfYrbTF email=apucovic@student.unipu.hr ts=1777811905137 status=NO_FACE_DETECTED
2026-05-17 15:57:34,697 [INFO] ANALYZED exam=tQoHDQTrz1iAzcfYrbTF email=apucovic@student.unipu.hr ts=1777811906913 status=NO_FACE_DETECTED
2026-05-17 15:57:35,827 [INFO] ANALYZED exam=tQoHDQTrz1iAzcfYrbTF email=apucovic@student.unipu.hr ts=1777811912534 status=NO_FACE_DETECTED
2026-05-17 15:57:36,968 [INFO] ANALYZED exam=tQoHDQTrz1iAzcfYrbTF email=apucovic@student.unipu.hr ts=1777811923168 status=FACE_DETECTED
2026-05-17 15:57:38,102 [INFO] ANALYZED exam=tQoHDQTrz1iAzcfYrbTF email=apucovic@student.unipu.hr ts=1777811925909 status=FACE_DETECTED
2026-05-17 15:57:39,247 [INFO] ANALYZED exam=tQoHDQTrz1iAzcfYrbTF email=apucovic@student.unipu.hr ts=1777811933535 status=FACE_DETECTED
2026-05-17 15:57:40,377 [INFO] ANALYZED exam=tQoHDQTrz1iAzcfYrbTF email=apucovic@student.unipu.hr ts=1777811937277 status=FACE_DETECTED
2026-05-17 15:57:41,507 [INFO] ANALYZED exam=tQoHDQTrz1iAzcfYrbTF email=apucovic@student.unipu.hr ts=1777811948006 status=FACE_DETECTED
2026-05-17 15:57:42,644 [INFO] ANALYZED exam=tQoHDQTrz1iAzcfYrbTF email=apucovic@student.unipu.hr ts=1777811952783 status=FACE_DETECTED
2026-05-17 15:57:43,764 [INFO] ANALYZED exam=tQoHDQTrz1iAzcfYrbTF email=apucovic@student.unipu.hr ts=1777811959362 status=FACE_DETECTED
2026-05-17 15:57:44,916 [INFO] ANALYZED exam=tQoHDQTrz1iAzcfYrbTF email=apucovic@student.unipu.hr ts=1777811970247 status=FACE_DETECTED
2026-05-17 15:57:46,086 [INFO] ANALYZED exam=tQoHDQTrz1iAzcfYrbTF email=apucovic@student.unipu.hr ts=1777811972218 status=FACE_DETECTED
2026-05-17 15:57:47,205 [INFO] ANALYZED exam=tQoHDQTrz1iAzcfYrbTF email=apucovic@student.unipu.hr ts=1777811978901 status=FACE_DETECTED
2026-05-17 15:57:48,333 [INFO] ANALYZED exam=tQoHDQTrz1iAzcfYrbTF email=apucovic@student.unipu.hr ts=1777811983647 status=NO_FACE_DETECTED
2026-05-17 15:57:49,500 [INFO] ANALYZED exam=tQoHDQTrz1iAzcfYrbTF email=apucovic@student.unipu.hr ts=1777811988307 status=FACE_DETECTED
2026-05-17 15:57:50,672 [INFO] ANALYZED exam=tQoHDQTrz1iAzcfYrbTF email=apucovic@student.unipu.hr ts=1777811989909 status=FACE_DETECTED
2026-05-17 15:57:51,826 [INFO] ANALYZED exam=tQoHDQTrz1iAzcfYrbTF email=apucovic@student.unipu.hr ts=1777811996563 status=FACE_DETECTED
2026-05-17 15:57:52,952 [INFO] ANALYZED exam=tQoHDQTrz1iAzcfYrbTF email=apucovic@student.unipu.hr ts=1777812004397 status=FACE_DETECTED
2026-05-17 15:57:54,100 [INFO] ANALYZED exam=tQoHDQTrz1iAzcfYrbTF email=apucovic@student.unipu.hr ts=1777812009242 status=FACE_DETECTED
2026-05-17 15:57:55,248 [INFO] ANALYZED exam=tQoHDQTrz1iAzcfYrbTF email=apucovic@student.unipu.hr ts=1777812013916 status=FACE_DETECTED
2026-05-17 15:57:56,384 [INFO] ANALYZED exam=tQoHDQTrz1iAzcfYrbTF email=apucovic@student.unipu.hr ts=1777812018589 status=FACE_DETECTED
2026-05-17 15:57:57,534 [INFO] ANALYZED exam=tQoHDQTrz1iAzcfYrbTF email=apucovic@student.unipu.hr ts=1777812020215 status=FACE_DETECTED
2026-05-17 15:57:58,535 [INFO] ANALYZE_STOP reason=busy processed=22
2026-05-17 15:57:58,758 [INFO] BATCH_WRITE items=22
2026-05-17 15:58:09,759 [INFO] LOAD cpu=1.6% mem=+-0.9% req_rate=0.00/min idle=True
2026-05-17 15:58:09,759 [INFO] ANALYZE_BEGIN n_pending=3323
2026-05-17 15:58:11,051 [INFO] ANALYZED exam=tQoHDQTrz1iAzcfYrbTF email=apucovic@student.unipu.hr ts=1777812022868 status=FACE_DETECTED
2026-05-17 15:58:12,176 [INFO] ANALYZED exam=tQoHDQTrz1iAzcfYrbTF email=apucovic@student.unipu.hr ts=1777812028507 status=FACE_DETECTED
2026-05-17 15:58:13,295 [INFO] ANALYZED exam=tQoHDQTrz1iAzcfYrbTF email=apucovic@student.unipu.hr ts=1777812032172 status=FACE_DETECTED
2026-05-17 15:58:14,412 [INFO] ANALYZED exam=tQoHDQTrz1iAzcfYrbTF email=apucovic@student.unipu.hr ts=1777812035755 status=FACE_DETECTED
2026-05-17 15:58:15,547 [INFO] ANALYZED exam=tQoHDQTrz1iAzcfYrbTF email=apucovic@student.unipu.hr ts=1777812038397 status=FACE_DETECTED
2026-05-17 15:58:16,679 [INFO] ANALYZED exam=tQoHDQTrz1iAzcfYrbTF email=apucovic@student.unipu.hr ts=1777812040116 status=FACE_DETECTED
2026-05-17 15:58:17,680 [INFO] ANALYZE_STOP reason=busy processed=6
2026-05-17 15:58:17,800 [INFO] BATCH_WRITE items=6
2026-05-17 15:58:28,801 [INFO] LOAD cpu=1.5% mem=+-0.9% req_rate=0.00/min idle=True
2026-05-17 15:58:28,802 [INFO] ANALYZE_BEGIN n_pending=3317
2026-05-17 15:58:30,096 [INFO] ANALYZED exam=tQoHDQTrz1iAzcfYrbTF email=apucovic@student.unipu.hr ts=1777812050749 status=FACE_DETECTED
2026-05-17 15:58:31,239 [INFO] ANALYZED exam=tQoHDQTrz1iAzcfYrbTF email=apucovic@student.unipu.hr ts=1777812054446 status=FACE_DETECTED
2026-05-17 15:58:32,357 [INFO] ANALYZED exam=tQoHDQTrz1iAzcfYrbTF email=bmihoci@student.unipu.hr ts=1777819071841 status=FACE_DETECTED
2026-05-17 15:58:33,482 [INFO] ANALYZED exam=tQoHDQTrz1iAzcfYrbTF email=bmihoci@student.unipu.hr ts=1777819073820 status=FACE_DETECTED
2026-05-17 15:58:34,606 [INFO] ANALYZED exam=tQoHDQTrz1iAzcfYrbTF email=bmihoci@student.unipu.hr ts=1777819079408 status=FACE_DETECTED
2026-05-17 15:58:35,607 [INFO] ANALYZE_STOP reason=busy processed=5
2026-05-17 15:58:35,722 [INFO] BATCH_WRITE items=5
2026-05-17 15:58:46,723 [INFO] LOAD cpu=3.0% mem=+-0.9% req_rate=0.00/min idle=True
2026-05-17 15:58:46,723 [INFO] ANALYZE_BEGIN n_pending=3312
2026-05-17 15:58:48,022 [INFO] ANALYZED exam=tQoHDQTrz1iAzcfYrbTF email=bmihoci@student.unipu.hr ts=1777819084993 status=FACE_DETECTED
2026-05-17 15:58:49,162 [INFO] ANALYZED exam=tQoHDQTrz1iAzcfYrbTF email=bmihoci@student.unipu.hr ts=1777819091589 status=FACE_DETECTED
2026-05-17 15:58:50,303 [INFO] ANALYZED exam=tQoHDQTrz1iAzcfYrbTF email=bmihoci@student.unipu.hr ts=1777819102361 status=FACE_DETECTED
2026-05-17 15:58:51,447 [INFO] ANALYZED exam=tQoHDQTrz1iAzcfYrbTF email=bmihoci@student.unipu.hr ts=1777819107103 status=FACE_DETECTED
2026-05-17 15:58:52,597 [INFO] ANALYZED exam=tQoHDQTrz1iAzcfYrbTF email=bmihoci@student.unipu.hr ts=1777819108703 status=FACE_DETECTED
2026-05-17 15:58:53,598 [INFO] ANALYZE_STOP reason=busy processed=5
2026-05-17 15:58:53,738 [INFO] BATCH_WRITE items=5
2026-05-17 15:59:04,739 [INFO] LOAD cpu=1.6% mem=+-0.9% req_rate=0.00/min idle=True
2026-05-17 15:59:04,739 [INFO] ANALYZE_BEGIN n_pending=3307
2026-05-17 15:59:06,026 [INFO] ANALYZED exam=tQoHDQTrz1iAzcfYrbTF email=bmihoci@student.unipu.hr ts=1777819111243 status=FACE_DETECTED
2026-05-17 15:59:07,153 [INFO] ANALYZED exam=tQoHDQTrz1iAzcfYrbTF email=bmihoci@student.unipu.hr ts=1777819118861 status=FACE_DETECTED
2026-05-17 15:59:08,278 [INFO] ANALYZED exam=tQoHDQTrz1iAzcfYrbTF email=bmihoci@student.unipu.hr ts=1777819123528 status=FACE_DETECTED
2026-05-17 15:59:09,399 [INFO] ANALYZED exam=tQoHDQTrz1iAzcfYrbTF email=bmihoci@student.unipu.hr ts=1777819126046 status=FACE_DETECTED
2026-05-17 15:59:10,554 [INFO] ANALYZED exam=tQoHDQTrz1iAzcfYrbTF email=bmihoci@student.unipu.hr ts=1777819130610 status=FACE_DETECTED
2026-05-17 15:59:11,555 [INFO] ANALYZE_STOP reason=busy processed=5
2026-05-17 15:59:11,680 [INFO] BATCH_WRITE items=5
2026-05-17 15:59:22,681 [INFO] LOAD cpu=1.5% mem=+-0.7% req_rate=0.00/min idle=True
2026-05-17 15:59:22,682 [INFO] ANALYZE_BEGIN n_pending=3302
2026-05-17 15:59:23,977 [INFO] ANALYZED exam=tQoHDQTrz1iAzcfYrbTF email=bmihoci@student.unipu.hr ts=1777819134189 status=FACE_DETECTED
2026-05-17 15:59:25,100 [INFO] ANALYZED exam=tQoHDQTrz1iAzcfYrbTF email=bmihoci@student.unipu.hr ts=1777819141718 status=FACE_DETECTED
2026-05-17 15:59:26,248 [INFO] ANALYZED exam=tQoHDQTrz1iAzcfYrbTF email=bmihoci@student.unipu.hr ts=1777819148477 status=FACE_DETECTED
2026-05-17 15:59:27,368 [INFO] ANALYZED exam=tQoHDQTrz1iAzcfYrbTF email=bmihoci@student.unipu.hr ts=1777819154168 status=FACE_DETECTED
2026-05-17 15:59:28,498 [INFO] ANALYZED exam=tQoHDQTrz1iAzcfYrbTF email=bmihoci@student.unipu.hr ts=1777819164759 status=FACE_DETECTED
2026-05-17 15:59:29,622 [INFO] ANALYZED exam=tQoHDQTrz1iAzcfYrbTF email=bmihoci@student.unipu.hr ts=1777819171493 status=FACE_DETECTED
2026-05-17 15:59:30,760 [INFO] ANALYZED exam=tQoHDQTrz1iAzcfYrbTF email=bmihoci@student.unipu.hr ts=1777819175206 status=FACE_DETECTED
2026-05-17 15:59:31,901 [INFO] ANALYZED exam=tQoHDQTrz1iAzcfYrbTF email=bmihoci@student.unipu.hr ts=1777819178770 status=FACE_DETECTED
2026-05-17 15:59:33,019 [INFO] ANALYZED exam=tQoHDQTrz1iAzcfYrbTF email=bmihoci@student.unipu.hr ts=1777819188355 status=FACE_DETECTED
2026-05-17 15:59:34,166 [INFO] ANALYZED exam=tQoHDQTrz1iAzcfYrbTF email=bmihoci@student.unipu.hr ts=1777819198092 status=FACE_DETECTED
2026-05-17 15:59:35,314 [INFO] ANALYZED exam=tQoHDQTrz1iAzcfYrbTF email=bmihoci@student.unipu.hr ts=1777819200827 status=FACE_DETECTED
2026-05-17 15:59:36,444 [INFO] ANALYZED exam=tQoHDQTrz1iAzcfYrbTF email=bmihoci@student.unipu.hr ts=1777819205396 status=FACE_DETECTED
2026-05-17 15:59:37,583 [INFO] ANALYZED exam=tQoHDQTrz1iAzcfYrbTF email=bmihoci@student.unipu.hr ts=1777819209987 status=FACE_DETECTED
2026-05-17 15:59:38,708 [INFO] ANALYZED exam=tQoHDQTrz1iAzcfYrbTF email=bmihoci@student.unipu.hr ts=1777819214559 status=FACE_DETECTED
2026-05-17 15:59:39,919 [INFO] ANALYZED exam=tQoHDQTrz1iAzcfYrbTF email=bmihoci@student.unipu.hr ts=1777819224142 status=FACE_DETECTED
2026-05-17 15:59:41,054 [INFO] ANALYZED exam=tQoHDQTrz1iAzcfYrbTF email=bmihoci@student.unipu.hr ts=1777819225829 status=FACE_DETECTED
2026-05-17 15:59:42,200 [INFO] ANALYZED exam=tQoHDQTrz1iAzcfYrbTF email=bmihoci@student.unipu.hr ts=1777819234400 status=FACE_DETECTED
2026-05-17 15:59:43,324 [INFO] ANALYZED exam=tQoHDQTrz1iAzcfYrbTF email=bmihoci@student.unipu.hr ts=1777819244298 status=FACE_DETECTED
2026-05-17 15:59:44,437 [INFO] ANALYZED exam=tQoHDQTrz1iAzcfYrbTF email=bmihoci@student.unipu.hr ts=1777819252973 status=FACE_DETECTED
2026-05-17 15:59:45,567 [INFO] ANALYZED exam=tQoHDQTrz1iAzcfYrbTF email=bmihoci@student.unipu.hr ts=1777819263692 status=FACE_DETECTED
2026-05-17 15:59:46,721 [INFO] ANALYZED exam=tQoHDQTrz1iAzcfYrbTF email=bmihoci@student.unipu.hr ts=1777819266469 status=FACE_DETECTED
2026-05-17 15:59:47,835 [INFO] ANALYZED exam=tQoHDQTrz1iAzcfYrbTF email=bmihoci@student.unipu.hr ts=1777819273049 status=FACE_DETECTED
2026-05-17 15:59:49,000 [INFO] ANALYZED exam=tQoHDQTrz1iAzcfYrbTF email=bmihoci@student.unipu.hr ts=1777819280761 status=FACE_DETECTED
2026-05-17 15:59:50,123 [INFO] ANALYZED exam=tQoHDQTrz1iAzcfYrbTF email=bmihoci@student.unipu.hr ts=1777819283508 status=FACE_DETECTED
2026-05-17 15:59:51,124 [INFO] ANALYZE_STOP reason=busy processed=24
2026-05-17 15:59:51,282 [INFO] BATCH_WRITE items=24
2026-05-17 16:00:06,225 [INFO] LOAD cpu=1.6% mem=+-0.9% req_rate=0.00/min idle=True
2026-05-17 16:00:06,226 [INFO] ANALYZE_BEGIN n_pending=3278
2026-05-17 16:00:07,361 [INFO] ANALYZED exam=tQoHDQTrz1iAzcfYrbTF email=bmihoci@student.unipu.hr ts=1777819285097 status=FACE_DETECTED
2026-05-17 16:00:08,491 [INFO] ANALYZED exam=tQoHDQTrz1iAzcfYrbTF email=bmihoci@student.unipu.hr ts=1777819292719 status=FACE_DETECTED
2026-05-17 16:00:09,619 [INFO] ANALYZED exam=tQoHDQTrz1iAzcfYrbTF email=bmihoci@student.unipu.hr ts=1777819298405 status=FACE_DETECTED
2026-05-17 16:00:10,744 [INFO] ANALYZED exam=tQoHDQTrz1iAzcfYrbTF email=bmihoci@student.unipu.hr ts=1777819307954 status=FACE_DETECTED
2026-05-17 16:00:11,745 [INFO] ANALYZE_STOP reason=busy processed=4
2026-05-17 16:00:11,855 [INFO] BATCH_WRITE items=4
2026-05-17 16:00:22,856 [INFO] LOAD cpu=5.8% mem=+-0.8% req_rate=0.00/min idle=False
2026-05-17 16:00:33,857 [INFO] LOAD cpu=1.8% mem=+-0.8% req_rate=0.00/min idle=True
2026-05-17 16:00:33,858 [INFO] ANALYZE_BEGIN n_pending=3274
2026-05-17 16:00:35,159 [INFO] ANALYZED exam=tQoHDQTrz1iAzcfYrbTF email=bmihoci@student.unipu.hr ts=1777819317644 status=NO_FACE_DETECTED
2026-05-17 16:00:36,282 [INFO] ANALYZED exam=tQoHDQTrz1iAzcfYrbTF email=bmihoci@student.unipu.hr ts=1777819319311 status=NO_FACE_DETECTED
2026-05-17 16:00:37,418 [INFO] ANALYZED exam=tQoHDQTrz1iAzcfYrbTF email=bmihoci@student.unipu.hr ts=1777819320880 status=NO_FACE_DETECTED
2026-05-17 16:00:38,540 [INFO] ANALYZED exam=tQoHDQTrz1iAzcfYrbTF email=bmihoci@student.unipu.hr ts=1777819326523 status=FACE_DETECTED
2026-05-17 16:00:39,662 [INFO] ANALYZED exam=tQoHDQTrz1iAzcfYrbTF email=bmihoci@student.unipu.hr ts=1777819337101 status=FACE_DETECTED
2026-05-17 16:00:40,806 [INFO] ANALYZED exam=tQoHDQTrz1iAzcfYrbTF email=bmihoci@student.unipu.hr ts=1777819339855 status=FACE_DETECTED
2026-05-17 16:00:41,934 [INFO] ANALYZED exam=tQoHDQTrz1iAzcfYrbTF email=bmihoci@student.unipu.hr ts=1777819341512 status=FACE_DETECTED
2026-05-17 16:00:43,064 [INFO] ANALYZED exam=tQoHDQTrz1iAzcfYrbTF email=bmihoci@student.unipu.hr ts=1777819345052 status=FACE_DETECTED
2026-05-17 16:00:44,189 [INFO] ANALYZED exam=tQoHDQTrz1iAzcfYrbTF email=bmihoci@student.unipu.hr ts=1777819353565 status=FACE_DETECTED
2026-05-17 16:00:45,337 [INFO] ANALYZED exam=tQoHDQTrz1iAzcfYrbTF email=bmihoci@student.unipu.hr ts=1777819360120 status=FACE_DETECTED
2026-05-17 16:00:46,467 [INFO] ANALYZED exam=tQoHDQTrz1iAzcfYrbTF email=bmihoci@student.unipu.hr ts=1777819370739 status=FACE_DETECTED
2026-05-17 16:00:47,591 [INFO] ANALYZED exam=tQoHDQTrz1iAzcfYrbTF email=bmihoci@student.unipu.hr ts=1777819373327 status=FACE_DETECTED
2026-05-17 16:00:48,716 [INFO] ANALYZED exam=tQoHDQTrz1iAzcfYrbTF email=bmihoci@student.unipu.hr ts=1777819377886 status=FACE_DETECTED
2026-05-17 16:00:49,852 [INFO] ANALYZED exam=tQoHDQTrz1iAzcfYrbTF email=bmihoci@student.unipu.hr ts=1777819383452 status=FACE_DETECTED
2026-05-17 16:00:50,984 [INFO] ANALYZED exam=tQoHDQTrz1iAzcfYrbTF email=bmihoci@student.unipu.hr ts=1777819389984 status=FACE_DETECTED
2026-05-17 16:00:52,105 [INFO] ANALYZED exam=tQoHDQTrz1iAzcfYrbTF email=bmihoci@student.unipu.hr ts=1777819391551 status=FACE_DETECTED
2026-05-17 16:00:53,229 [INFO] ANALYZED exam=tQoHDQTrz1iAzcfYrbTF email=bmihoci@student.unipu.hr ts=1777819395099 status=FACE_DETECTED
2026-05-17 16:00:54,361 [INFO] ANALYZED exam=tQoHDQTrz1iAzcfYrbTF email=bmihoci@student.unipu.hr ts=1777819405672 status=FACE_DETECTED
2026-05-17 16:00:55,511 [INFO] ANALYZED exam=tQoHDQTrz1iAzcfYrbTF email=bmihoci@student.unipu.hr ts=1777819409237 status=FACE_DETECTED
2026-05-17 16:00:56,637 [INFO] ANALYZED exam=tQoHDQTrz1iAzcfYrbTF email=bmihoci@student.unipu.hr ts=1777819412762 status=FACE_DETECTED
2026-05-17 16:00:57,763 [INFO] ANALYZED exam=tQoHDQTrz1iAzcfYrbTF email=bmihoci@student.unipu.hr ts=1777819422300 status=FACE_DETECTED
2026-05-17 16:00:58,898 [INFO] ANALYZED exam=tQoHDQTrz1iAzcfYrbTF email=bmihoci@student.unipu.hr ts=1777819426852 status=FACE_DETECTED
2026-05-17 16:01:00,030 [INFO] ANALYZED exam=tQoHDQTrz1iAzcfYrbTF email=bmihoci@student.unipu.hr ts=1777819436391 status=FACE_DETECTED
2026-05-17 16:01:01,155 [INFO] ANALYZED exam=tQoHDQTrz1iAzcfYrbTF email=bmihoci@student.unipu.hr ts=1777819447070 status=FACE_DETECTED
2026-05-17 16:01:02,156 [INFO] ANALYZE_STOP reason=busy processed=24
2026-05-17 16:01:02,314 [INFO] BATCH_WRITE items=24
2026-05-17 16:01:13,314 [INFO] LOAD cpu=2.2% mem=+-0.7% req_rate=0.00/min idle=True
2026-05-17 16:01:13,315 [INFO] ANALYZE_BEGIN n_pending=3250
2026-05-17 16:01:14,624 [INFO] ANALYZED exam=tQoHDQTrz1iAzcfYrbTF email=bmihoci@student.unipu.hr ts=1777819456693 status=FACE_DETECTED
2026-05-17 16:01:15,761 [INFO] ANALYZED exam=tQoHDQTrz1iAzcfYrbTF email=bmihoci@student.unipu.hr ts=1777819465386 status=FACE_DETECTED
2026-05-17 16:01:16,882 [INFO] ANALYZED exam=tQoHDQTrz1iAzcfYrbTF email=bmihoci@student.unipu.hr ts=1777819475078 status=FACE_DETECTED
2026-05-17 16:01:18,024 [INFO] ANALYZED exam=tQoHDQTrz1iAzcfYrbTF email=bmihoci@student.unipu.hr ts=1777819484760 status=FACE_DETECTED
2026-05-17 16:01:19,161 [INFO] ANALYZED exam=tQoHDQTrz1iAzcfYrbTF email=bmihoci@student.unipu.hr ts=1777819492312 status=FACE_DETECTED
2026-05-17 16:01:20,288 [INFO] ANALYZED exam=tQoHDQTrz1iAzcfYrbTF email=bmihoci@student.unipu.hr ts=1777819501846 status=FACE_DETECTED
2026-05-17 16:01:21,451 [INFO] ANALYZED exam=tQoHDQTrz1iAzcfYrbTF email=dkrznar@student.unipu.hr ts=1777707918061 status=FACE_DETECTED
2026-05-17 16:01:22,597 [INFO] ANALYZED exam=tQoHDQTrz1iAzcfYrbTF email=dkrznar@student.unipu.hr ts=1777707918969 status=FACE_DETECTED
2026-05-17 16:01:23,755 [INFO] ANALYZED exam=tQoHDQTrz1iAzcfYrbTF email=dkrznar@student.unipu.hr ts=1777707922498 status=FACE_DETECTED
2026-05-17 16:01:24,920 [INFO] ANALYZED exam=tQoHDQTrz1iAzcfYrbTF email=dkrznar@student.unipu.hr ts=1777707933052 status=FACE_DETECTED
2026-05-17 16:01:26,063 [INFO] ANALYZED exam=tQoHDQTrz1iAzcfYrbTF email=dkrznar@student.unipu.hr ts=1777707942832 status=FACE_DETECTED
2026-05-17 16:01:27,176 [INFO] ANALYZED exam=tQoHDQTrz1iAzcfYrbTF email=dkrznar@student.unipu.hr ts=1777707953693 status=FACE_DETECTED
2026-05-17 16:01:28,304 [INFO] ANALYZED exam=tQoHDQTrz1iAzcfYrbTF email=dkrznar@student.unipu.hr ts=1777707961547 status=FACE_DETECTED
2026-05-17 16:01:29,435 [INFO] ANALYZED exam=tQoHDQTrz1iAzcfYrbTF email=dkrznar@student.unipu.hr ts=1777707967326 status=FACE_DETECTED
2026-05-17 16:01:30,555 [INFO] ANALYZED exam=tQoHDQTrz1iAzcfYrbTF email=dkrznar@student.unipu.hr ts=1777707971932 status=FACE_DETECTED
2026-05-17 16:01:31,556 [INFO] ANALYZE_STOP reason=busy processed=15
2026-05-17 16:01:31,669 [INFO] BATCH_WRITE items=15
2026-05-17 16:01:42,670 [INFO] LOAD cpu=1.1% mem=+-0.7% req_rate=0.00/min idle=True
2026-05-17 16:01:42,671 [INFO] ANALYZE_BEGIN n_pending=3235
2026-05-17 16:01:44,025 [INFO] ANALYZED exam=tQoHDQTrz1iAzcfYrbTF email=dkrznar@student.unipu.hr ts=1777707974512 status=FACE_DETECTED
2026-05-17 16:01:45,153 [INFO] ANALYZED exam=tQoHDQTrz1iAzcfYrbTF email=dkrznar@student.unipu.hr ts=1777707979073 status=FACE_DETECTED
2026-05-17 16:01:46,290 [INFO] ANALYZED exam=tQoHDQTrz1iAzcfYrbTF email=dkrznar@student.unipu.hr ts=1777707988650 status=FACE_DETECTED
2026-05-17 16:01:47,424 [INFO] ANALYZED exam=tQoHDQTrz1iAzcfYrbTF email=dkrznar@student.unipu.hr ts=1777707992346 status=FACE_DETECTED
2026-05-17 16:01:48,549 [INFO] ANALYZED exam=tQoHDQTrz1iAzcfYrbTF email=dkrznar@student.unipu.hr ts=1777707997919 status=FACE_DETECTED
2026-05-17 16:01:49,680 [INFO] ANALYZED exam=tQoHDQTrz1iAzcfYrbTF email=dkrznar@student.unipu.hr ts=1777708006527 status=FACE_DETECTED
2026-05-17 16:01:50,824 [INFO] ANALYZED exam=tQoHDQTrz1iAzcfYrbTF email=dkrznar@student.unipu.hr ts=1777708017367 status=FACE_DETECTED
2026-05-17 16:01:52,009 [INFO] ANALYZED exam=tQoHDQTrz1iAzcfYrbTF email=dkrznar@student.unipu.hr ts=1777708020132 status=FACE_DETECTED
2026-05-17 16:01:53,167 [INFO] ANALYZED exam=tQoHDQTrz1iAzcfYrbTF email=dkrznar@student.unipu.hr ts=1777708029888 status=FACE_DETECTED
2026-05-17 16:01:54,332 [INFO] ANALYZED exam=tQoHDQTrz1iAzcfYrbTF email=dkrznar@student.unipu.hr ts=1777708036211 status=FACE_DETECTED
2026-05-17 16:01:55,471 [INFO] ANALYZED exam=tQoHDQTrz1iAzcfYrbTF email=dkrznar@student.unipu.hr ts=1777708043808 status=FACE_DETECTED
2026-05-17 16:01:56,626 [INFO] ANALYZED exam=tQoHDQTrz1iAzcfYrbTF email=dkrznar@student.unipu.hr ts=1777708047052 status=FACE_DETECTED
2026-05-17 16:01:57,790 [INFO] ANALYZED exam=tQoHDQTrz1iAzcfYrbTF email=dkrznar@student.unipu.hr ts=1777708051637 status=FACE_DETECTED
2026-05-17 16:01:58,934 [INFO] ANALYZED exam=tQoHDQTrz1iAzcfYrbTF email=dkrznar@student.unipu.hr ts=1777708059194 status=FACE_DETECTED
2026-05-17 16:02:00,065 [INFO] ANALYZED exam=tQoHDQTrz1iAzcfYrbTF email=dkrznar@student.unipu.hr ts=1777708066140 status=FACE_DETECTED
2026-05-17 16:02:01,197 [INFO] ANALYZED exam=tQoHDQTrz1iAzcfYrbTF email=dkrznar@student.unipu.hr ts=1777708070977 status=FACE_DETECTED
2026-05-17 16:02:02,353 [INFO] ANALYZED exam=tQoHDQTrz1iAzcfYrbTF email=dkrznar@student.unipu.hr ts=1777708072500 status=FACE_DETECTED
2026-05-17 16:02:03,507 [INFO] ANALYZED exam=tQoHDQTrz1iAzcfYrbTF email=dkrznar@student.unipu.hr ts=1777708076067 status=FACE_DETECTED
2026-05-17 16:02:04,659 [INFO] ANALYZED exam=tQoHDQTrz1iAzcfYrbTF email=dkrznar@student.unipu.hr ts=1777708078583 status=FACE_DETECTED
2026-05-17 16:02:05,802 [INFO] ANALYZED exam=tQoHDQTrz1iAzcfYrbTF email=dkrznar@student.unipu.hr ts=1777708090649 status=FACE_DETECTED
2026-05-17 16:02:06,803 [INFO] ANALYZE_STOP reason=busy processed=20
2026-05-17 16:02:06,933 [INFO] BATCH_WRITE items=20
2026-05-17 16:02:17,934 [INFO] LOAD cpu=1.6% mem=+-0.7% req_rate=0.00/min idle=True
2026-05-17 16:02:17,934 [INFO] ANALYZE_BEGIN n_pending=3215
2026-05-17 16:02:19,267 [INFO] ANALYZED exam=tQoHDQTrz1iAzcfYrbTF email=dkrznar@student.unipu.hr ts=1777708101331 status=FACE_DETECTED
2026-05-17 16:02:20,425 [INFO] ANALYZED exam=tQoHDQTrz1iAzcfYrbTF email=dkrznar@student.unipu.hr ts=1777708104272 status=FACE_DETECTED
2026-05-17 16:02:21,559 [INFO] ANALYZED exam=tQoHDQTrz1iAzcfYrbTF email=dkrznar@student.unipu.hr ts=1777708114831 status=FACE_DETECTED
2026-05-17 16:02:22,717 [INFO] ANALYZED exam=tQoHDQTrz1iAzcfYrbTF email=dkrznar@student.unipu.hr ts=1777708117610 status=FACE_DETECTED
2026-05-17 16:02:23,856 [INFO] ANALYZED exam=tQoHDQTrz1iAzcfYrbTF email=dkrznar@student.unipu.hr ts=1777708128253 status=FACE_DETECTED
2026-05-17 16:02:24,978 [INFO] ANALYZED exam=tQoHDQTrz1iAzcfYrbTF email=dkrznar@student.unipu.hr ts=1777708139044 status=FACE_DETECTED
2026-05-17 16:02:26,104 [INFO] ANALYZED exam=tQoHDQTrz1iAzcfYrbTF email=dkrznar@student.unipu.hr ts=1777708144773 status=FACE_DETECTED
2026-05-17 16:02:27,243 [INFO] ANALYZED exam=tQoHDQTrz1iAzcfYrbTF email=dkrznar@student.unipu.hr ts=1777708153322 status=FACE_DETECTED
2026-05-17 16:02:28,376 [INFO] ANALYZED exam=tQoHDQTrz1iAzcfYrbTF email=dkrznar@student.unipu.hr ts=1777708157202 status=FACE_DETECTED
2026-05-17 16:02:29,522 [INFO] ANALYZED exam=tQoHDQTrz1iAzcfYrbTF email=dkrznar@student.unipu.hr ts=1777708162737 status=FACE_DETECTED
2026-05-17 16:02:30,654 [INFO] ANALYZED exam=tQoHDQTrz1iAzcfYrbTF email=dkrznar@student.unipu.hr ts=1777708166427 status=FACE_DETECTED
2026-05-17 16:02:31,773 [INFO] ANALYZED exam=tQoHDQTrz1iAzcfYrbTF email=dkrznar@student.unipu.hr ts=1777708170981 status=FACE_DETECTED
2026-05-17 16:02:32,903 [INFO] ANALYZED exam=tQoHDQTrz1iAzcfYrbTF email=dkrznar@student.unipu.hr ts=1777708176479 status=FACE_DETECTED
2026-05-17 16:02:34,034 [INFO] ANALYZED exam=tQoHDQTrz1iAzcfYrbTF email=dkrznar@student.unipu.hr ts=1777708183003 status=FACE_DETECTED
2026-05-17 16:02:35,173 [INFO] ANALYZED exam=tQoHDQTrz1iAzcfYrbTF email=dkrznar@student.unipu.hr ts=1777708193683 status=FACE_DETECTED
2026-05-17 16:02:36,375 [INFO] ANALYZED exam=tQoHDQTrz1iAzcfYrbTF email=dkrznar@student.unipu.hr ts=1777708198516 status=FACE_DETECTED
2026-05-17 16:02:37,492 [INFO] ANALYZED exam=tQoHDQTrz1iAzcfYrbTF email=dkrznar@student.unipu.hr ts=1777708209076 status=FACE_DETECTED
2026-05-17 16:02:38,679 [INFO] ANALYZED exam=tQoHDQTrz1iAzcfYrbTF email=dkrznar@student.unipu.hr ts=1777708212935 status=FACE_DETECTED
2026-05-17 16:02:39,804 [INFO] ANALYZED exam=tQoHDQTrz1iAzcfYrbTF email=dkrznar@student.unipu.hr ts=1777708215535 status=FACE_DETECTED
2026-05-17 16:02:40,932 [INFO] ANALYZED exam=tQoHDQTrz1iAzcfYrbTF email=dkrznar@student.unipu.hr ts=1777708219490 status=FACE_DETECTED
2026-05-17 16:02:42,080 [INFO] ANALYZED exam=tQoHDQTrz1iAzcfYrbTF email=dkrznar@student.unipu.hr ts=1777708221056 status=FACE_DETECTED
2026-05-17 16:02:43,233 [INFO] ANALYZED exam=tQoHDQTrz1iAzcfYrbTF email=dkrznar@student.unipu.hr ts=1777708227652 status=FACE_DETECTED
2026-05-17 16:02:44,377 [INFO] ANALYZED exam=tQoHDQTrz1iAzcfYrbTF email=dkrznar@student.unipu.hr ts=1777708233433 status=FACE_DETECTED
2026-05-17 16:02:45,507 [INFO] ANALYZED exam=tQoHDQTrz1iAzcfYrbTF email=dkrznar@student.unipu.hr ts=1777708238235 status=FACE_DETECTED
2026-05-17 16:02:46,628 [INFO] ANALYZED exam=tQoHDQTrz1iAzcfYrbTF email=dkrznar@student.unipu.hr ts=1777708244798 status=FACE_DETECTED
2026-05-17 16:02:47,767 [INFO] ANALYZED exam=tQoHDQTrz1iAzcfYrbTF email=dkrznar@student.unipu.hr ts=1777708248650 status=FACE_DETECTED
2026-05-17 16:02:48,898 [INFO] ANALYZED exam=tQoHDQTrz1iAzcfYrbTF email=dkrznar@student.unipu.hr ts=1777708254231 status=FACE_DETECTED
2026-05-17 16:02:50,016 [INFO] ANALYZED exam=tQoHDQTrz1iAzcfYrbTF email=dkrznar@student.unipu.hr ts=1777708264897 status=FACE_DETECTED
2026-05-17 16:02:51,184 [INFO] ANALYZED exam=tQoHDQTrz1iAzcfYrbTF email=dkrznar@student.unipu.hr ts=1777708270694 status=FACE_DETECTED
2026-05-17 16:02:52,316 [INFO] ANALYZED exam=tQoHDQTrz1iAzcfYrbTF email=dkrznar@student.unipu.hr ts=1777708280493 status=FACE_DETECTED
2026-05-17 16:02:53,468 [INFO] ANALYZED exam=tQoHDQTrz1iAzcfYrbTF email=dkrznar@student.unipu.hr ts=1777708287393 status=FACE_DETECTED
2026-05-17 16:02:54,593 [INFO] ANALYZED exam=tQoHDQTrz1iAzcfYrbTF email=dkrznar@student.unipu.hr ts=1777708294122 status=FACE_DETECTED
2026-05-17 16:02:55,734 [INFO] ANALYZED exam=tQoHDQTrz1iAzcfYrbTF email=dkrznar@student.unipu.hr ts=1777708297809 status=FACE_DETECTED
2026-05-17 16:02:56,885 [INFO] ANALYZED exam=tQoHDQTrz1iAzcfYrbTF email=dkrznar@student.unipu.hr ts=1777708301467 status=FACE_DETECTED
2026-05-17 16:02:58,030 [INFO] ANALYZED exam=tQoHDQTrz1iAzcfYrbTF email=dkrznar@student.unipu.hr ts=1777708303029 status=FACE_DETECTED
2026-05-17 16:02:59,152 [INFO] ANALYZED exam=tQoHDQTrz1iAzcfYrbTF email=dmargic@student.unipu.hr ts=1777810077840 status=FACE_DETECTED
2026-05-17 16:03:00,289 [INFO] ANALYZED exam=tQoHDQTrz1iAzcfYrbTF email=dmargic@student.unipu.hr ts=1777810079762 status=FACE_DETECTED
2026-05-17 16:03:01,426 [INFO] ANALYZED exam=tQoHDQTrz1iAzcfYrbTF email=dmargic@student.unipu.hr ts=1777810085354 status=FACE_DETECTED
2026-05-17 16:03:02,548 [INFO] ANALYZED exam=tQoHDQTrz1iAzcfYrbTF email=dmargic@student.unipu.hr ts=1777810089986 status=FACE_DETECTED
2026-05-17 16:03:03,673 [INFO] ANALYZED exam=tQoHDQTrz1iAzcfYrbTF email=dmargic@student.unipu.hr ts=1777810094707 status=FACE_DETECTED
2026-05-17 16:03:04,836 [INFO] ANALYZED exam=tQoHDQTrz1iAzcfYrbTF email=dmargic@student.unipu.hr ts=1777810104355 status=FACE_DETECTED
2026-05-17 16:03:05,983 [INFO] ANALYZED exam=tQoHDQTrz1iAzcfYrbTF email=dmargic@student.unipu.hr ts=1777810110124 status=FACE_DETECTED
2026-05-17 16:03:07,117 [INFO] ANALYZED exam=tQoHDQTrz1iAzcfYrbTF email=dmargic@student.unipu.hr ts=1777810115739 status=FACE_DETECTED
2026-05-17 16:03:08,252 [INFO] ANALYZED exam=tQoHDQTrz1iAzcfYrbTF email=dmargic@student.unipu.hr ts=1777810122379 status=FACE_DETECTED
2026-05-17 16:03:09,402 [INFO] ANALYZED exam=tQoHDQTrz1iAzcfYrbTF email=dmargic@student.unipu.hr ts=1777810124139 status=FACE_DETECTED
2026-05-17 16:03:10,548 [INFO] ANALYZED exam=tQoHDQTrz1iAzcfYrbTF email=dmargic@student.unipu.hr ts=1777810126778 status=FACE_DETECTED
2026-05-17 16:03:11,549 [INFO] ANALYZE_STOP reason=busy processed=46
2026-05-17 16:03:11,742 [INFO] BATCH_WRITE items=46
2026-05-17 16:03:26,305 [INFO] LOAD cpu=1.4% mem=+-0.7% req_rate=0.00/min idle=True
2026-05-17 16:03:26,306 [INFO] ANALYZE_BEGIN n_pending=3169
2026-05-17 16:03:27,425 [INFO] ANALYZED exam=tQoHDQTrz1iAzcfYrbTF email=dmargic@student.unipu.hr ts=1777810133435 status=FACE_DETECTED
2026-05-17 16:03:28,585 [INFO] ANALYZED exam=tQoHDQTrz1iAzcfYrbTF email=dmargic@student.unipu.hr ts=1777810141195 status=FACE_DETECTED
2026-05-17 16:03:29,708 [INFO] ANALYZED exam=tQoHDQTrz1iAzcfYrbTF email=dmargic@student.unipu.hr ts=1777810142980 status=FACE_DETECTED
2026-05-17 16:03:30,834 [INFO] ANALYZED exam=tQoHDQTrz1iAzcfYrbTF email=dmargic@student.unipu.hr ts=1777810144604 status=FACE_DETECTED
2026-05-17 16:03:31,991 [INFO] ANALYZED exam=tQoHDQTrz1iAzcfYrbTF email=dmargic@student.unipu.hr ts=1777810155219 status=FACE_DETECTED
2026-05-17 16:03:33,122 [INFO] ANALYZED exam=tQoHDQTrz1iAzcfYrbTF email=dmargic@student.unipu.hr ts=1777810159995 status=FACE_DETECTED
2026-05-17 16:03:34,259 [INFO] ANALYZED exam=tQoHDQTrz1iAzcfYrbTF email=dmargic@student.unipu.hr ts=1777810163651 status=FACE_DETECTED
2026-05-17 16:03:35,379 [INFO] ANALYZED exam=tQoHDQTrz1iAzcfYrbTF email=dmargic@student.unipu.hr ts=1777810174355 status=FACE_DETECTED
2026-05-17 16:03:36,505 [INFO] ANALYZED exam=tQoHDQTrz1iAzcfYrbTF email=dmargic@student.unipu.hr ts=1777810183291 status=FACE_DETECTED
2026-05-17 16:03:37,635 [INFO] ANALYZED exam=tQoHDQTrz1iAzcfYrbTF email=dmargic@student.unipu.hr ts=1777810185206 status=FACE_DETECTED
2026-05-17 16:03:38,748 [INFO] ANALYZED exam=tQoHDQTrz1iAzcfYrbTF email=dmargic@student.unipu.hr ts=1777810188947 status=FACE_DETECTED
2026-05-17 16:03:39,883 [INFO] ANALYZED exam=tQoHDQTrz1iAzcfYrbTF email=dmargic@student.unipu.hr ts=1777810195699 status=FACE_DETECTED
2026-05-17 16:03:40,997 [INFO] ANALYZED exam=tQoHDQTrz1iAzcfYrbTF email=dmargic@student.unipu.hr ts=1777810202475 status=FACE_DETECTED
2026-05-17 16:03:42,149 [INFO] ANALYZED exam=tQoHDQTrz1iAzcfYrbTF email=dmargic@student.unipu.hr ts=1777810208227 status=FACE_DETECTED
2026-05-17 16:03:43,295 [INFO] ANALYZED exam=tQoHDQTrz1iAzcfYrbTF email=dmargic@student.unipu.hr ts=1777810215971 status=FACE_DETECTED
2026-05-17 16:03:44,469 [INFO] ANALYZED exam=tQoHDQTrz1iAzcfYrbTF email=dmargic@student.unipu.hr ts=1777810219747 status=FACE_DETECTED
2026-05-17 16:03:45,586 [INFO] ANALYZED exam=tQoHDQTrz1iAzcfYrbTF email=dmargic@student.unipu.hr ts=1777810228403 status=FACE_DETECTED
2026-05-17 16:03:46,716 [INFO] ANALYZED exam=tQoHDQTrz1iAzcfYrbTF email=dmargic@student.unipu.hr ts=1777810230163 status=FACE_DETECTED
2026-05-17 16:03:47,833 [INFO] ANALYZED exam=tQoHDQTrz1iAzcfYrbTF email=dmargic@student.unipu.hr ts=1777810239803 status=FACE_DETECTED
2026-05-17 16:03:48,956 [INFO] ANALYZED exam=tQoHDQTrz1iAzcfYrbTF email=dmargic@student.unipu.hr ts=1777810249723 status=FACE_DETECTED
2026-05-17 16:03:50,086 [INFO] ANALYZED exam=tQoHDQTrz1iAzcfYrbTF email=dmargic@student.unipu.hr ts=1777810259451 status=FACE_DETECTED
2026-05-17 16:03:51,230 [INFO] ANALYZED exam=tQoHDQTrz1iAzcfYrbTF email=dmargic@student.unipu.hr ts=1777810264203 status=FACE_DETECTED
2026-05-17 16:03:52,349 [INFO] ANALYZED exam=tQoHDQTrz1iAzcfYrbTF email=dmargic@student.unipu.hr ts=1777810271828 status=FACE_DETECTED
2026-05-17 16:03:53,475 [INFO] ANALYZED exam=tQoHDQTrz1iAzcfYrbTF email=dmargic@student.unipu.hr ts=1777810280717 status=FACE_DETECTED
2026-05-17 16:03:54,619 [INFO] ANALYZED exam=tQoHDQTrz1iAzcfYrbTF email=dmargic@student.unipu.hr ts=1777810284444 status=FACE_DETECTED
2026-05-17 16:03:55,748 [INFO] ANALYZED exam=tQoHDQTrz1iAzcfYrbTF email=dmargic@student.unipu.hr ts=1777810287035 status=FACE_DETECTED
2026-05-17 16:03:56,872 [INFO] ANALYZED exam=tQoHDQTrz1iAzcfYrbTF email=dmargic@student.unipu.hr ts=1777810289635 status=FACE_DETECTED
2026-05-17 16:03:57,997 [INFO] ANALYZED exam=tQoHDQTrz1iAzcfYrbTF email=dmargic@student.unipu.hr ts=1777810296260 status=FACE_DETECTED
2026-05-17 16:03:59,119 [INFO] ANALYZED exam=tQoHDQTrz1iAzcfYrbTF email=dmargic@student.unipu.hr ts=1777810305092 status=FACE_DETECTED
2026-05-17 16:04:00,256 [INFO] ANALYZED exam=tQoHDQTrz1iAzcfYrbTF email=dmargic@student.unipu.hr ts=1777810306844 status=FACE_DETECTED
2026-05-17 16:04:01,377 [INFO] ANALYZED exam=tQoHDQTrz1iAzcfYrbTF email=dmargic@student.unipu.hr ts=1777810315484 status=FACE_DETECTED
2026-05-17 16:04:02,511 [INFO] ANALYZED exam=tQoHDQTrz1iAzcfYrbTF email=dmargic@student.unipu.hr ts=1777810322364 status=FACE_DETECTED
2026-05-17 16:04:03,646 [INFO] ANALYZED exam=tQoHDQTrz1iAzcfYrbTF email=dmargic@student.unipu.hr ts=1777810328180 status=FACE_DETECTED
2026-05-17 16:04:04,773 [INFO] ANALYZED exam=tQoHDQTrz1iAzcfYrbTF email=dmargic@student.unipu.hr ts=1777810336844 status=FACE_DETECTED
2026-05-17 16:04:05,901 [INFO] ANALYZED exam=tQoHDQTrz1iAzcfYrbTF email=dmargic@student.unipu.hr ts=1777810344604 status=FACE_DETECTED
2026-05-17 16:04:07,081 [INFO] ANALYZED exam=tQoHDQTrz1iAzcfYrbTF email=dmargic@student.unipu.hr ts=1777810348357 status=FACE_DETECTED
2026-05-17 16:04:08,210 [INFO] ANALYZED exam=tQoHDQTrz1iAzcfYrbTF email=dmargic@student.unipu.hr ts=1777810359036 status=FACE_DETECTED
2026-05-17 16:04:09,335 [INFO] ANALYZED exam=tQoHDQTrz1iAzcfYrbTF email=dmargic@student.unipu.hr ts=1777810361852 status=FACE_DETECTED
2026-05-17 16:04:10,479 [INFO] ANALYZED exam=tQoHDQTrz1iAzcfYrbTF email=dmargic@student.unipu.hr ts=1777810371484 status=FACE_DETECTED
2026-05-17 16:04:11,480 [INFO] ANALYZE_STOP reason=busy processed=39
2026-05-17 16:04:11,667 [INFO] BATCH_WRITE items=39
2026-05-17 16:04:22,668 [INFO] LOAD cpu=1.5% mem=+-0.8% req_rate=0.00/min idle=True
2026-05-17 16:04:22,668 [INFO] ANALYZE_BEGIN n_pending=3130
2026-05-17 16:04:23,951 [INFO] ANALYZED exam=tQoHDQTrz1iAzcfYrbTF email=dmargic@student.unipu.hr ts=1777810382228 status=FACE_DETECTED
2026-05-17 16:04:25,084 [INFO] ANALYZED exam=tQoHDQTrz1iAzcfYrbTF email=dmargic@student.unipu.hr ts=1777810386996 status=FACE_DETECTED
2026-05-17 16:04:26,208 [INFO] ANALYZED exam=tQoHDQTrz1iAzcfYrbTF email=dmargic@student.unipu.hr ts=1777810397732 status=FACE_DETECTED
2026-05-17 16:04:27,209 [INFO] ANALYZE_STOP reason=busy processed=3
2026-05-17 16:04:27,340 [INFO] BATCH_WRITE items=3
2026-05-17 16:04:38,341 [INFO] LOAD cpu=1.6% mem=+-0.8% req_rate=0.00/min idle=True
2026-05-17 16:04:38,341 [INFO] ANALYZE_BEGIN n_pending=3127
2026-05-17 16:04:39,641 [INFO] ANALYZED exam=tQoHDQTrz1iAzcfYrbTF email=dmargic@student.unipu.hr ts=1777810408636 status=FACE_DETECTED
2026-05-17 16:04:40,780 [INFO] ANALYZED exam=tQoHDQTrz1iAzcfYrbTF email=dmargic@student.unipu.hr ts=1777810414533 status=FACE_DETECTED
2026-05-17 16:04:41,902 [INFO] ANALYZED exam=tQoHDQTrz1iAzcfYrbTF email=dmargic@student.unipu.hr ts=1777810424188 status=FACE_DETECTED
2026-05-17 16:04:43,022 [INFO] ANALYZED exam=tQoHDQTrz1iAzcfYrbTF email=dmargic@student.unipu.hr ts=1777810431100 status=FACE_DETECTED
2026-05-17 16:04:44,146 [INFO] ANALYZED exam=tQoHDQTrz1iAzcfYrbTF email=dmargic@student.unipu.hr ts=1777810435884 status=FACE_DETECTED
2026-05-17 16:04:45,272 [INFO] ANALYZED exam=tQoHDQTrz1iAzcfYrbTF email=dmargic@student.unipu.hr ts=1777810443517 status=FACE_DETECTED
2026-05-17 16:04:46,389 [INFO] ANALYZED exam=tQoHDQTrz1iAzcfYrbTF email=dmargic@student.unipu.hr ts=1777810448293 status=FACE_DETECTED
2026-05-17 16:04:47,519 [INFO] ANALYZED exam=tQoHDQTrz1iAzcfYrbTF email=dmargic@student.unipu.hr ts=1777810449965 status=FACE_DETECTED
2026-05-17 16:04:48,640 [INFO] ANALYZED exam=tQoHDQTrz1iAzcfYrbTF email=dmargic@student.unipu.hr ts=1777810455733 status=FACE_DETECTED
2026-05-17 16:04:49,765 [INFO] ANALYZED exam=tQoHDQTrz1iAzcfYrbTF email=dmargic@student.unipu.hr ts=1777810458412 status=FACE_DETECTED
2026-05-17 16:04:50,952 [INFO] ANALYZED exam=tQoHDQTrz1iAzcfYrbTF email=dmargic@student.unipu.hr ts=1777810464029 status=FACE_DETECTED
2026-05-17 16:04:52,072 [INFO] ANALYZED exam=tQoHDQTrz1iAzcfYrbTF email=dmargic@student.unipu.hr ts=1777810465645 status=FACE_DETECTED
2026-05-17 16:04:53,203 [INFO] ANALYZED exam=tQoHDQTrz1iAzcfYrbTF email=dmargic@student.unipu.hr ts=1777810475229 status=FACE_DETECTED
2026-05-17 16:04:54,330 [INFO] ANALYZED exam=tQoHDQTrz1iAzcfYrbTF email=dmargic@student.unipu.hr ts=1777810480998 status=FACE_DETECTED
2026-05-17 16:04:55,476 [INFO] ANALYZED exam=tQoHDQTrz1iAzcfYrbTF email=dmargic@student.unipu.hr ts=1777810491757 status=FACE_DETECTED
2026-05-17 16:04:56,624 [INFO] ANALYZED exam=tQoHDQTrz1iAzcfYrbTF email=dmargic@student.unipu.hr ts=1777810496613 status=FACE_DETECTED
2026-05-17 16:04:57,772 [INFO] ANALYZED exam=tQoHDQTrz1iAzcfYrbTF email=dmargic@student.unipu.hr ts=1777810503269 status=FACE_DETECTED
2026-05-17 16:04:58,773 [INFO] ANALYZE_STOP reason=busy processed=17
2026-05-17 16:04:58,902 [INFO] BATCH_WRITE items=17
2026-05-17 16:05:09,903 [INFO] LOAD cpu=1.8% mem=+-1.0% req_rate=0.00/min idle=True
2026-05-17 16:05:09,903 [INFO] ANALYZE_BEGIN n_pending=3110
2026-05-17 16:05:11,218 [INFO] ANALYZED exam=tQoHDQTrz1iAzcfYrbTF email=dmargic@student.unipu.hr ts=1777810510069 status=FACE_DETECTED
2026-05-17 16:05:12,339 [INFO] ANALYZED exam=tQoHDQTrz1iAzcfYrbTF email=dmargic@student.unipu.hr ts=1777810516861 status=FACE_DETECTED
2026-05-17 16:05:13,497 [INFO] ANALYZED exam=tQoHDQTrz1iAzcfYrbTF email=dmargic@student.unipu.hr ts=1777810521622 status=FACE_DETECTED
2026-05-17 16:05:14,615 [INFO] ANALYZED exam=tQoHDQTrz1iAzcfYrbTF email=dmargic@student.unipu.hr ts=1777810524221 status=FACE_DETECTED
2026-05-17 16:05:15,787 [INFO] ANALYZED exam=tQoHDQTrz1iAzcfYrbTF email=dmargic@student.unipu.hr ts=1777810528829 status=FACE_DETECTED
2026-05-17 16:05:16,913 [INFO] ANALYZED exam=tQoHDQTrz1iAzcfYrbTF email=dmargic@student.unipu.hr ts=1777810535597 status=FACE_DETECTED
2026-05-17 16:05:18,065 [INFO] ANALYZED exam=tQoHDQTrz1iAzcfYrbTF email=dmargic@student.unipu.hr ts=1777810543405 status=FACE_DETECTED
2026-05-17 16:05:19,219 [INFO] ANALYZED exam=tQoHDQTrz1iAzcfYrbTF email=dmargic@student.unipu.hr ts=1777810548197 status=FACE_DETECTED
2026-05-17 16:05:20,340 [INFO] ANALYZED exam=tQoHDQTrz1iAzcfYrbTF email=dmargic@student.unipu.hr ts=1777810555853 status=FACE_DETECTED
2026-05-17 16:05:21,529 [INFO] ANALYZED exam=tQoHDQTrz1iAzcfYrbTF email=dmargic@student.unipu.hr ts=1777810561605 status=FACE_DETECTED
2026-05-17 16:05:22,666 [INFO] ANALYZED exam=tQoHDQTrz1iAzcfYrbTF email=dmarkovic@student.unipu.hr ts=1777832546306 status=FACE_DETECTED
2026-05-17 16:05:23,798 [INFO] ANALYZED exam=tQoHDQTrz1iAzcfYrbTF email=dmarkovic@student.unipu.hr ts=1777832556159 status=FACE_DETECTED
2026-05-17 16:05:24,935 [INFO] ANALYZED exam=tQoHDQTrz1iAzcfYrbTF email=dmarkovic@student.unipu.hr ts=1777832560137 status=FACE_DETECTED
2026-05-17 16:05:26,087 [INFO] ANALYZED exam=tQoHDQTrz1iAzcfYrbTF email=dmarkovic@student.unipu.hr ts=1777832567921 status=FACE_DETECTED
2026-05-17 16:05:27,247 [INFO] ANALYZED exam=tQoHDQTrz1iAzcfYrbTF email=dmarkovic@student.unipu.hr ts=1777832569889 status=FACE_DETECTED
2026-05-17 16:05:28,377 [INFO] ANALYZED exam=tQoHDQTrz1iAzcfYrbTF email=dmarkovic@student.unipu.hr ts=1777832578557 status=FACE_DETECTED
2026-05-17 16:05:29,516 [INFO] ANALYZED exam=tQoHDQTrz1iAzcfYrbTF email=dmarkovic@student.unipu.hr ts=1777832581509 status=FACE_DETECTED
2026-05-17 16:05:30,659 [INFO] ANALYZED exam=tQoHDQTrz1iAzcfYrbTF email=dmarkovic@student.unipu.hr ts=1777832586372 status=FACE_DETECTED
2026-05-17 16:05:31,791 [INFO] ANALYZED exam=tQoHDQTrz1iAzcfYrbTF email=dmarkovic@student.unipu.hr ts=1777832592192 status=FACE_DETECTED
2026-05-17 16:05:32,925 [INFO] ANALYZED exam=tQoHDQTrz1iAzcfYrbTF email=dmarkovic@student.unipu.hr ts=1777832601979 status=FACE_DETECTED
2026-05-17 16:05:34,051 [INFO] ANALYZED exam=tQoHDQTrz1iAzcfYrbTF email=dmarkovic@student.unipu.hr ts=1777832611831 status=FACE_DETECTED
2026-05-17 16:05:35,173 [INFO] ANALYZED exam=tQoHDQTrz1iAzcfYrbTF email=dmarkovic@student.unipu.hr ts=1777832620028 status=FACE_DETECTED
2026-05-17 16:05:36,297 [INFO] ANALYZED exam=tQoHDQTrz1iAzcfYrbTF email=dmarkovic@student.unipu.hr ts=1777832629970 status=FACE_DETECTED
2026-05-17 16:05:37,445 [INFO] ANALYZED exam=tQoHDQTrz1iAzcfYrbTF email=dmarkovic@student.unipu.hr ts=1777832634148 status=FACE_DETECTED
2026-05-17 16:05:38,582 [INFO] ANALYZED exam=tQoHDQTrz1iAzcfYrbTF email=dmarkovic@student.unipu.hr ts=1777832640963 status=FACE_DETECTED
2026-05-17 16:05:39,720 [INFO] ANALYZED exam=tQoHDQTrz1iAzcfYrbTF email=dmarkovic@student.unipu.hr ts=1777832650081 status=FACE_DETECTED
2026-05-17 16:05:40,885 [INFO] ANALYZED exam=tQoHDQTrz1iAzcfYrbTF email=dmarkovic@student.unipu.hr ts=1777832654202 status=FACE_DETECTED
2026-05-17 16:05:42,012 [INFO] ANALYZED exam=tQoHDQTrz1iAzcfYrbTF email=dmarkovic@student.unipu.hr ts=1777832663960 status=FACE_DETECTED
2026-05-17 16:05:43,152 [INFO] ANALYZED exam=tQoHDQTrz1iAzcfYrbTF email=dmarkovic@student.unipu.hr ts=1777832673859 status=FACE_DETECTED
2026-05-17 16:05:44,276 [INFO] ANALYZED exam=tQoHDQTrz1iAzcfYrbTF email=dmarkovic@student.unipu.hr ts=1777832679889 status=FACE_DETECTED
2026-05-17 16:05:45,401 [INFO] ANALYZED exam=tQoHDQTrz1iAzcfYrbTF email=dmarkovic@student.unipu.hr ts=1777832689625 status=FACE_DETECTED
2026-05-17 16:05:46,523 [INFO] ANALYZED exam=tQoHDQTrz1iAzcfYrbTF email=dmarkovic@student.unipu.hr ts=1777832698658 status=FACE_DETECTED
2026-05-17 16:05:47,656 [INFO] ANALYZED exam=tQoHDQTrz1iAzcfYrbTF email=dmarkovic@student.unipu.hr ts=1777832709622 status=FACE_DETECTED
2026-05-17 16:05:48,806 [INFO] ANALYZED exam=tQoHDQTrz1iAzcfYrbTF email=dmarkovic@student.unipu.hr ts=1777832720505 status=FACE_DETECTED
2026-05-17 16:05:49,957 [INFO] ANALYZED exam=tQoHDQTrz1iAzcfYrbTF email=dmarkovic@student.unipu.hr ts=1777832724581 status=FACE_DETECTED
2026-05-17 16:05:51,096 [INFO] ANALYZED exam=tQoHDQTrz1iAzcfYrbTF email=dmarkovic@student.unipu.hr ts=1777832730306 status=FACE_DETECTED
2026-05-17 16:05:52,230 [INFO] ANALYZED exam=tQoHDQTrz1iAzcfYrbTF email=dmarkovic@student.unipu.hr ts=1777832739111 status=FACE_DETECTED
2026-05-17 16:05:53,348 [INFO] ANALYZED exam=tQoHDQTrz1iAzcfYrbTF email=dmarkovic@student.unipu.hr ts=1777832749277 status=FACE_DETECTED
2026-05-17 16:05:54,485 [INFO] ANALYZED exam=tQoHDQTrz1iAzcfYrbTF email=dmarkovic@student.unipu.hr ts=1777832757350 status=FACE_DETECTED
2026-05-17 16:05:55,615 [INFO] ANALYZED exam=tQoHDQTrz1iAzcfYrbTF email=dmarkovic@student.unipu.hr ts=1777832767229 status=FACE_DETECTED
2026-05-17 16:05:56,756 [INFO] ANALYZED exam=tQoHDQTrz1iAzcfYrbTF email=dmarkovic@student.unipu.hr ts=1777832770254 status=FACE_DETECTED
2026-05-17 16:05:57,914 [INFO] ANALYZED exam=tQoHDQTrz1iAzcfYrbTF email=dmarkovic@student.unipu.hr ts=1777832774016 status=FACE_DETECTED
2026-05-17 16:05:59,046 [INFO] ANALYZED exam=tQoHDQTrz1iAzcfYrbTF email=dmarkovic@student.unipu.hr ts=1777832778878 status=FACE_DETECTED
2026-05-17 16:06:00,173 [INFO] ANALYZED exam=tQoHDQTrz1iAzcfYrbTF email=dmarkovic@student.unipu.hr ts=1777832787727 status=FACE_DETECTED
2026-05-17 16:06:01,291 [INFO] ANALYZED exam=tQoHDQTrz1iAzcfYrbTF email=dmarkovic@student.unipu.hr ts=1777832790628 status=FACE_DETECTED
2026-05-17 16:06:02,292 [INFO] ANALYZE_STOP reason=busy processed=45
2026-05-17 16:06:02,484 [INFO] BATCH_WRITE items=45
2026-05-17 16:06:13,485 [INFO] LOAD cpu=1.4% mem=+-0.7% req_rate=0.00/min idle=True
2026-05-17 16:06:13,486 [INFO] ANALYZE_BEGIN n_pending=3065
2026-05-17 16:06:14,793 [INFO] ANALYZED exam=tQoHDQTrz1iAzcfYrbTF email=dmarkovic@student.unipu.hr ts=1777832796508 status=FACE_DETECTED
2026-05-17 16:06:15,942 [INFO] ANALYZED exam=tQoHDQTrz1iAzcfYrbTF email=dmarkovic@student.unipu.hr ts=1777832803527 status=FACE_DETECTED
2026-05-17 16:06:17,063 [INFO] ANALYZED exam=tQoHDQTrz1iAzcfYrbTF email=dmarkovic@student.unipu.hr ts=1777832806700 status=FACE_DETECTED
2026-05-17 16:06:18,187 [INFO] ANALYZED exam=tQoHDQTrz1iAzcfYrbTF email=dmarkovic@student.unipu.hr ts=1777832811603 status=FACE_DETECTED
2026-05-17 16:06:19,351 [INFO] ANALYZED exam=tQoHDQTrz1iAzcfYrbTF email=dmarkovic@student.unipu.hr ts=1777832814634 status=FACE_DETECTED
2026-05-17 16:06:20,485 [INFO] ANALYZED exam=tQoHDQTrz1iAzcfYrbTF email=dmarkovic@student.unipu.hr ts=1777832820645 status=FACE_DETECTED
2026-05-17 16:06:21,625 [INFO] ANALYZED exam=tQoHDQTrz1iAzcfYrbTF email=dmarkovic@student.unipu.hr ts=1777832830457 status=FACE_DETECTED
2026-05-17 16:06:22,741 [INFO] ANALYZED exam=tQoHDQTrz1iAzcfYrbTF email=dmarkovic@student.unipu.hr ts=1777832839354 status=FACE_DETECTED
2026-05-17 16:06:23,866 [INFO] ANALYZED exam=tQoHDQTrz1iAzcfYrbTF email=dmarkovic@student.unipu.hr ts=1777832850298 status=FACE_DETECTED
2026-05-17 16:06:24,996 [INFO] ANALYZED exam=tQoHDQTrz1iAzcfYrbTF email=dmarkovic@student.unipu.hr ts=1777832859272 status=FACE_DETECTED
2026-05-17 16:06:26,112 [INFO] ANALYZED exam=tQoHDQTrz1iAzcfYrbTF email=dmarkovic@student.unipu.hr ts=1777832863355 status=FACE_DETECTED
2026-05-17 16:06:27,269 [INFO] ANALYZED exam=tQoHDQTrz1iAzcfYrbTF email=dmarkovic@student.unipu.hr ts=1777832874095 status=FACE_DETECTED
2026-05-17 16:06:28,399 [INFO] ANALYZED exam=tQoHDQTrz1iAzcfYrbTF email=dmarkovic@student.unipu.hr ts=1777832881931 status=FACE_DETECTED
2026-05-17 16:06:29,538 [INFO] ANALYZED exam=tQoHDQTrz1iAzcfYrbTF email=dmarkovic@student.unipu.hr ts=1777832890880 status=FACE_DETECTED
2026-05-17 16:06:30,684 [INFO] ANALYZED exam=tQoHDQTrz1iAzcfYrbTF email=dmarkovic@student.unipu.hr ts=1777832900019 status=FACE_DETECTED
2026-05-17 16:06:31,843 [INFO] ANALYZED exam=tQoHDQTrz1iAzcfYrbTF email=dmarkovic@student.unipu.hr ts=1777832911209 status=FACE_DETECTED
2026-05-17 16:06:32,969 [INFO] ANALYZED exam=tQoHDQTrz1iAzcfYrbTF email=dmarkovic@student.unipu.hr ts=1777832919248 status=FACE_DETECTED
2026-05-17 16:06:34,122 [INFO] ANALYZED exam=tQoHDQTrz1iAzcfYrbTF email=dmarkovic@student.unipu.hr ts=1777832926143 status=FACE_DETECTED
2026-05-17 16:06:35,255 [INFO] ANALYZED exam=tQoHDQTrz1iAzcfYrbTF email=dmarkovic@student.unipu.hr ts=1777832931086 status=FACE_DETECTED
2026-05-17 16:06:36,386 [INFO] ANALYZED exam=tQoHDQTrz1iAzcfYrbTF email=dmarkovic@student.unipu.hr ts=1777832932863 status=FACE_DETECTED
2026-05-17 16:06:37,528 [INFO] ANALYZED exam=tQoHDQTrz1iAzcfYrbTF email=dmarkovic@student.unipu.hr ts=1777832937670 status=FACE_DETECTED
2026-05-17 16:06:38,645 [INFO] ANALYZED exam=tQoHDQTrz1iAzcfYrbTF email=dmarkovic@student.unipu.hr ts=1777832942404 status=FACE_DETECTED
2026-05-17 16:06:39,792 [INFO] ANALYZED exam=tQoHDQTrz1iAzcfYrbTF email=dmarkovic@student.unipu.hr ts=1777832952224 status=FACE_DETECTED
2026-05-17 16:06:40,938 [INFO] ANALYZED exam=tQoHDQTrz1iAzcfYrbTF email=dmarkovic@student.unipu.hr ts=1777832957257 status=FACE_DETECTED
2026-05-17 16:06:42,077 [INFO] ANALYZED exam=tQoHDQTrz1iAzcfYrbTF email=dmarkovic@student.unipu.hr ts=1777832962244 status=FACE_DETECTED
2026-05-17 16:06:43,202 [INFO] ANALYZED exam=tQoHDQTrz1iAzcfYrbTF email=dmarkovic@student.unipu.hr ts=1777832971093 status=FACE_DETECTED
2026-05-17 16:06:44,336 [INFO] ANALYZED exam=tQoHDQTrz1iAzcfYrbTF email=dmarkovic@student.unipu.hr ts=1777832976018 status=FACE_DETECTED
2026-05-17 16:06:45,465 [INFO] ANALYZED exam=tQoHDQTrz1iAzcfYrbTF email=dmarkovic@student.unipu.hr ts=1777832986757 status=FACE_DETECTED
2026-05-17 16:06:46,614 [INFO] ANALYZED exam=tQoHDQTrz1iAzcfYrbTF email=dmarkovic@student.unipu.hr ts=1777832993681 status=FACE_DETECTED
2026-05-17 16:06:47,736 [INFO] ANALYZED exam=tQoHDQTrz1iAzcfYrbTF email=dmarkovic@student.unipu.hr ts=1777832996725 status=FACE_DETECTED
2026-05-17 16:06:48,860 [INFO] ANALYZED exam=tQoHDQTrz1iAzcfYrbTF email=dmarkovic@student.unipu.hr ts=1777832999440 status=FACE_DETECTED
2026-05-17 16:06:50,043 [INFO] ANALYZED exam=tQoHDQTrz1iAzcfYrbTF email=dmarkovic@student.unipu.hr ts=1777833002081 status=FACE_DETECTED
2026-05-17 16:06:51,166 [INFO] ANALYZED exam=tQoHDQTrz1iAzcfYrbTF email=dmarkovic@student.unipu.hr ts=1777833012865 status=FACE_DETECTED
2026-05-17 16:06:52,283 [INFO] ANALYZED exam=tQoHDQTrz1iAzcfYrbTF email=dmarkovic@student.unipu.hr ts=1777833022817 status=FACE_DETECTED
2026-05-17 16:06:53,439 [INFO] ANALYZED exam=tQoHDQTrz1iAzcfYrbTF email=dmarkovic@student.unipu.hr ts=1777833028871 status=FACE_DETECTED
2026-05-17 16:06:54,570 [INFO] ANALYZED exam=tQoHDQTrz1iAzcfYrbTF email=dmarkovic@student.unipu.hr ts=1777833033905 status=FACE_DETECTED
2026-05-17 16:06:55,709 [INFO] ANALYZED exam=tQoHDQTrz1iAzcfYrbTF email=dmarkovic@student.unipu.hr ts=1777833044822 status=FACE_DETECTED
2026-05-17 16:06:56,831 [INFO] ANALYZED exam=tQoHDQTrz1iAzcfYrbTF email=dmarkovic@student.unipu.hr ts=1777833050829 status=FACE_DETECTED
2026-05-17 16:06:57,947 [INFO] ANALYZED exam=tQoHDQTrz1iAzcfYrbTF email=dmarkovic@student.unipu.hr ts=1777833054727 status=FACE_DETECTED
2026-05-17 16:06:59,070 [INFO] ANALYZED exam=tQoHDQTrz1iAzcfYrbTF email=dmarkovic@student.unipu.hr ts=1777833061504 status=FACE_DETECTED
2026-05-17 16:07:00,215 [INFO] ANALYZED exam=tQoHDQTrz1iAzcfYrbTF email=dmarkovic@student.unipu.hr ts=1777833088907 status=FACE_DETECTED
2026-05-17 16:07:01,340 [INFO] ANALYZED exam=tQoHDQTrz1iAzcfYrbTF email=dmarkovic@student.unipu.hr ts=1777833094769 status=FACE_DETECTED
2026-05-17 16:07:02,465 [INFO] ANALYZED exam=tQoHDQTrz1iAzcfYrbTF email=dmarkovic@student.unipu.hr ts=1777833105628 status=FACE_DETECTED
2026-05-17 16:07:03,586 [INFO] ANALYZED exam=tQoHDQTrz1iAzcfYrbTF email=dmarkovic@student.unipu.hr ts=1777833109581 status=FACE_DETECTED
2026-05-17 16:07:04,725 [INFO] ANALYZED exam=tQoHDQTrz1iAzcfYrbTF email=dmarkovic@student.unipu.hr ts=1777833117405 status=FACE_DETECTED
2026-05-17 16:07:05,870 [INFO] ANALYZED exam=tQoHDQTrz1iAzcfYrbTF email=dmarkovic@student.unipu.hr ts=1777833119370 status=FACE_DETECTED
2026-05-17 16:07:06,996 [INFO] ANALYZED exam=tQoHDQTrz1iAzcfYrbTF email=dmarkovic@student.unipu.hr ts=1777833124106 status=FACE_DETECTED
2026-05-17 16:07:08,143 [INFO] ANALYZED exam=tQoHDQTrz1iAzcfYrbTF email=dmarkovic@student.unipu.hr ts=1777833134943 status=FACE_DETECTED
2026-05-17 16:07:09,273 [INFO] ANALYZED exam=tQoHDQTrz1iAzcfYrbTF email=dmarkovic@student.unipu.hr ts=1777833138021 status=FACE_DETECTED
2026-05-17 16:07:10,405 [INFO] ANALYZED exam=tQoHDQTrz1iAzcfYrbTF email=dmarkovic@student.unipu.hr ts=1777833145899 status=FACE_DETECTED
2026-05-17 16:07:11,554 [INFO] ANALYZED exam=tQoHDQTrz1iAzcfYrbTF email=dmarkovic@student.unipu.hr ts=1777833148868 status=FACE_DETECTED
2026-05-17 16:07:12,707 [INFO] ANALYZED exam=tQoHDQTrz1iAzcfYrbTF email=dmarkovic@student.unipu.hr ts=1777833158685 status=FACE_DETECTED
2026-05-17 16:07:13,840 [INFO] ANALYZED exam=tQoHDQTrz1iAzcfYrbTF email=dmarkovic@student.unipu.hr ts=1777833165657 status=FACE_DETECTED
2026-05-17 16:07:15,005 [INFO] ANALYZED exam=tQoHDQTrz1iAzcfYrbTF email=dsibenik@student.unipu.hr ts=1777801674805 status=FACE_DETECTED
2026-05-17 16:07:16,158 [INFO] ANALYZED exam=tQoHDQTrz1iAzcfYrbTF email=dsibenik@student.unipu.hr ts=1777801675623 status=FACE_DETECTED
2026-05-17 16:07:17,300 [INFO] ANALYZED exam=tQoHDQTrz1iAzcfYrbTF email=dsibenik@student.unipu.hr ts=1777801681542 status=FACE_DETECTED
2026-05-17 16:07:18,428 [INFO] ANALYZED exam=tQoHDQTrz1iAzcfYrbTF email=dsibenik@student.unipu.hr ts=1777801690436 status=FACE_DETECTED
2026-05-17 16:07:19,551 [INFO] ANALYZED exam=tQoHDQTrz1iAzcfYrbTF email=dsibenik@student.unipu.hr ts=1777801694506 status=FACE_DETECTED
2026-05-17 16:07:20,675 [INFO] ANALYZED exam=tQoHDQTrz1iAzcfYrbTF email=dsibenik@student.unipu.hr ts=1777801701531 status=FACE_DETECTED
2026-05-17 16:07:21,825 [INFO] ANALYZED exam=tQoHDQTrz1iAzcfYrbTF email=dsibenik@student.unipu.hr ts=1777801710657 status=FACE_DETECTED
2026-05-17 16:07:22,987 [INFO] ANALYZED exam=tQoHDQTrz1iAzcfYrbTF email=dsibenik@student.unipu.hr ts=1777801721822 status=FACE_DETECTED
2026-05-17 16:07:24,103 [INFO] ANALYZED exam=tQoHDQTrz1iAzcfYrbTF email=dsibenik@student.unipu.hr ts=1777801725106 status=FACE_DETECTED
2026-05-17 16:07:25,243 [INFO] ANALYZED exam=tQoHDQTrz1iAzcfYrbTF email=dsibenik@student.unipu.hr ts=1777801727164 status=FACE_DETECTED
2026-05-17 16:07:26,386 [INFO] ANALYZED exam=tQoHDQTrz1iAzcfYrbTF email=dsibenik@student.unipu.hr ts=1777801738245 status=FACE_DETECTED
2026-05-17 16:07:27,508 [INFO] ANALYZED exam=tQoHDQTrz1iAzcfYrbTF email=dsibenik@student.unipu.hr ts=1777801740339 status=FACE_DETECTED
2026-05-17 16:07:28,632 [INFO] ANALYZED exam=tQoHDQTrz1iAzcfYrbTF email=dsibenik@student.unipu.hr ts=1777801747434 status=FACE_DETECTED
2026-05-17 16:07:29,754 [INFO] ANALYZED exam=tQoHDQTrz1iAzcfYrbTF email=dsibenik@student.unipu.hr ts=1777801758816 status=FACE_DETECTED
2026-05-17 16:07:30,905 [INFO] ANALYZED exam=tQoHDQTrz1iAzcfYrbTF email=dsibenik@student.unipu.hr ts=1777801768000 status=FACE_DETECTED
2026-05-17 16:07:32,023 [INFO] ANALYZED exam=tQoHDQTrz1iAzcfYrbTF email=dsibenik@student.unipu.hr ts=1777801779236 status=FACE_DETECTED
2026-05-17 16:07:33,143 [INFO] ANALYZED exam=tQoHDQTrz1iAzcfYrbTF email=dsibenik@student.unipu.hr ts=1777801782361 status=FACE_DETECTED
2026-05-17 16:07:34,290 [INFO] ANALYZED exam=tQoHDQTrz1iAzcfYrbTF email=dsibenik@student.unipu.hr ts=1777801788501 status=FACE_DETECTED
2026-05-17 16:07:35,423 [INFO] ANALYZED exam=tQoHDQTrz1iAzcfYrbTF email=dsibenik@student.unipu.hr ts=1777801794516 status=FACE_DETECTED
2026-05-17 16:07:36,555 [INFO] ANALYZED exam=tQoHDQTrz1iAzcfYrbTF email=dsibenik@student.unipu.hr ts=1777801799531 status=FACE_DETECTED
2026-05-17 16:07:37,691 [INFO] ANALYZED exam=tQoHDQTrz1iAzcfYrbTF email=dsibenik@student.unipu.hr ts=1777801806578 status=FACE_DETECTED
2026-05-17 16:07:38,832 [INFO] ANALYZED exam=tQoHDQTrz1iAzcfYrbTF email=dsibenik@student.unipu.hr ts=1777801811744 status=FACE_DETECTED
2026-05-17 16:07:39,959 [INFO] ANALYZED exam=tQoHDQTrz1iAzcfYrbTF email=dsibenik@student.unipu.hr ts=1777801814724 status=FACE_DETECTED
2026-05-17 16:07:41,110 [INFO] ANALYZED exam=tQoHDQTrz1iAzcfYrbTF email=dsibenik@student.unipu.hr ts=1777801820962 status=FACE_DETECTED
2026-05-17 16:07:42,293 [INFO] ANALYZED exam=tQoHDQTrz1iAzcfYrbTF email=dsibenik@student.unipu.hr ts=1777801827225 status=FACE_DETECTED
2026-05-17 16:07:43,445 [INFO] ANALYZED exam=tQoHDQTrz1iAzcfYrbTF email=dsibenik@student.unipu.hr ts=1777801835302 status=FACE_DETECTED
2026-05-17 16:07:44,573 [INFO] ANALYZED exam=tQoHDQTrz1iAzcfYrbTF email=dsibenik@student.unipu.hr ts=1777801844566 status=FACE_DETECTED
2026-05-17 16:07:45,696 [INFO] ANALYZED exam=tQoHDQTrz1iAzcfYrbTF email=dsibenik@student.unipu.hr ts=1777801848984 status=FACE_DETECTED
2026-05-17 16:07:46,697 [INFO] ANALYZE_STOP reason=busy processed=81
2026-05-17 16:07:47,052 [INFO] BATCH_WRITE items=81
2026-05-17 16:07:58,053 [INFO] LOAD cpu=1.4% mem=+-0.9% req_rate=0.00/min idle=True
2026-05-17 16:07:58,053 [INFO] ANALYZE_BEGIN n_pending=2984
2026-05-17 16:07:59,332 [INFO] ANALYZED exam=tQoHDQTrz1iAzcfYrbTF email=dsibenik@student.unipu.hr ts=1777801856154 status=FACE_DETECTED
2026-05-17 16:08:00,470 [INFO] ANALYZED exam=tQoHDQTrz1iAzcfYrbTF email=dsibenik@student.unipu.hr ts=1777801866312 status=FACE_DETECTED
2026-05-17 16:08:01,616 [INFO] ANALYZED exam=tQoHDQTrz1iAzcfYrbTF email=dsibenik@student.unipu.hr ts=1777801869516 status=FACE_DETECTED
2026-05-17 16:08:02,748 [INFO] ANALYZED exam=tQoHDQTrz1iAzcfYrbTF email=dsibenik@student.unipu.hr ts=1777801872778 status=FACE_DETECTED
2026-05-17 16:08:03,879 [INFO] ANALYZED exam=tQoHDQTrz1iAzcfYrbTF email=dsibenik@student.unipu.hr ts=1777801883916 status=FACE_DETECTED
2026-05-17 16:08:05,007 [INFO] ANALYZED exam=tQoHDQTrz1iAzcfYrbTF email=dsibenik@student.unipu.hr ts=1777801890186 status=FACE_DETECTED
2026-05-17 16:08:06,132 [INFO] ANALYZED exam=tQoHDQTrz1iAzcfYrbTF email=dsibenik@student.unipu.hr ts=1777801894218 status=FACE_DETECTED
2026-05-17 16:08:07,264 [INFO] ANALYZED exam=tQoHDQTrz1iAzcfYrbTF email=dsibenik@student.unipu.hr ts=1777801897189 status=FACE_DETECTED
2026-05-17 16:08:08,385 [INFO] ANALYZED exam=tQoHDQTrz1iAzcfYrbTF email=dsibenik@student.unipu.hr ts=1777801901201 status=FACE_DETECTED
2026-05-17 16:08:09,503 [INFO] ANALYZED exam=tQoHDQTrz1iAzcfYrbTF email=dsibenik@student.unipu.hr ts=1777801910191 status=FACE_DETECTED
2026-05-17 16:08:10,633 [INFO] ANALYZED exam=tQoHDQTrz1iAzcfYrbTF email=dsibenik@student.unipu.hr ts=1777801921379 status=FACE_DETECTED
2026-05-17 16:08:11,764 [INFO] ANALYZED exam=tQoHDQTrz1iAzcfYrbTF email=dsibenik@student.unipu.hr ts=1777801926487 status=FACE_DETECTED
2026-05-17 16:08:12,904 [INFO] ANALYZED exam=tQoHDQTrz1iAzcfYrbTF email=dsibenik@student.unipu.hr ts=1777801937438 status=FACE_DETECTED
2026-05-17 16:08:14,052 [INFO] ANALYZED exam=tQoHDQTrz1iAzcfYrbTF email=dsibenik@student.unipu.hr ts=1777801942650 status=FACE_DETECTED
2026-05-17 16:08:15,053 [INFO] ANALYZE_STOP reason=busy processed=14
2026-05-17 16:08:15,183 [INFO] BATCH_WRITE items=14
2026-05-17 16:08:29,212 [INFO] LOAD cpu=1.5% mem=+-0.7% req_rate=0.00/min idle=True
2026-05-17 16:08:29,213 [INFO] ANALYZE_BEGIN n_pending=2970
2026-05-17 16:08:30,373 [INFO] ANALYZED exam=tQoHDQTrz1iAzcfYrbTF email=dsibenik@student.unipu.hr ts=1777801950578 status=FACE_DETECTED
2026-05-17 16:08:31,507 [INFO] ANALYZED exam=tQoHDQTrz1iAzcfYrbTF email=dsibenik@student.unipu.hr ts=1777801953602 status=FACE_DETECTED
2026-05-17 16:08:32,647 [INFO] ANALYZED exam=tQoHDQTrz1iAzcfYrbTF email=dsibenik@student.unipu.hr ts=1777801964814 status=FACE_DETECTED
2026-05-17 16:08:33,794 [INFO] ANALYZED exam=tQoHDQTrz1iAzcfYrbTF email=dsibenik@student.unipu.hr ts=1777801971837 status=FACE_DETECTED
2026-05-17 16:08:34,923 [INFO] ANALYZED exam=tQoHDQTrz1iAzcfYrbTF email=dsibenik@student.unipu.hr ts=1777801983267 status=FACE_DETECTED
2026-05-17 16:08:36,045 [INFO] ANALYZED exam=tQoHDQTrz1iAzcfYrbTF email=dsibenik@student.unipu.hr ts=1777801987319 status=FACE_DETECTED
2026-05-17 16:08:37,179 [INFO] ANALYZED exam=tQoHDQTrz1iAzcfYrbTF email=dsibenik@student.unipu.hr ts=1777801997336 status=FACE_DETECTED
2026-05-17 16:08:38,303 [INFO] ANALYZED exam=tQoHDQTrz1iAzcfYrbTF email=dsibenik@student.unipu.hr ts=1777802002480 status=FACE_DETECTED
2026-05-17 16:08:39,430 [INFO] ANALYZED exam=tQoHDQTrz1iAzcfYrbTF email=dsibenik@student.unipu.hr ts=1777802012741 status=FACE_DETECTED
2026-05-17 16:08:40,553 [INFO] ANALYZED exam=tQoHDQTrz1iAzcfYrbTF email=dsibenik@student.unipu.hr ts=1777802022772 status=FACE_DETECTED
2026-05-17 16:08:41,703 [INFO] ANALYZED exam=tQoHDQTrz1iAzcfYrbTF email=dsibenik@student.unipu.hr ts=1777802031778 status=FACE_DETECTED
2026-05-17 16:08:42,833 [INFO] ANALYZED exam=tQoHDQTrz1iAzcfYrbTF email=dsibenik@student.unipu.hr ts=1777802035806 status=FACE_DETECTED
2026-05-17 16:08:43,973 [INFO] ANALYZED exam=tQoHDQTrz1iAzcfYrbTF email=dsibenik@student.unipu.hr ts=1777802037842 status=FACE_DETECTED
2026-05-17 16:08:45,094 [INFO] ANALYZED exam=tQoHDQTrz1iAzcfYrbTF email=dsibenik@student.unipu.hr ts=1777802043782 status=FACE_DETECTED
2026-05-17 16:08:46,095 [INFO] ANALYZE_STOP reason=busy processed=14
2026-05-17 16:08:46,245 [INFO] BATCH_WRITE items=14
2026-05-17 16:08:57,246 [INFO] LOAD cpu=4.3% mem=+-0.7% req_rate=0.00/min idle=True
2026-05-17 16:08:57,247 [INFO] ANALYZE_BEGIN n_pending=2956
2026-05-17 16:08:58,536 [INFO] ANALYZED exam=tQoHDQTrz1iAzcfYrbTF email=dsibenik@student.unipu.hr ts=1777802045790 status=FACE_DETECTED
2026-05-17 16:08:59,656 [INFO] ANALYZED exam=tQoHDQTrz1iAzcfYrbTF email=dsibenik@student.unipu.hr ts=1777802056705 status=FACE_DETECTED
2026-05-17 16:09:00,781 [INFO] ANALYZED exam=tQoHDQTrz1iAzcfYrbTF email=dsibenik@student.unipu.hr ts=1777802059701 status=FACE_DETECTED
2026-05-17 16:09:01,912 [INFO] ANALYZED exam=tQoHDQTrz1iAzcfYrbTF email=dsibenik@student.unipu.hr ts=1777802067055 status=FACE_DETECTED
2026-05-17 16:09:03,039 [INFO] ANALYZED exam=tQoHDQTrz1iAzcfYrbTF email=dsibenik@student.unipu.hr ts=1777802069367 status=FACE_DETECTED
2026-05-17 16:09:04,166 [INFO] ANALYZED exam=tQoHDQTrz1iAzcfYrbTF email=dsibenik@student.unipu.hr ts=1777802071296 status=FACE_DETECTED
2026-05-17 16:09:05,292 [INFO] ANALYZED exam=tQoHDQTrz1iAzcfYrbTF email=dsibenik@student.unipu.hr ts=1777802075309 status=FACE_DETECTED
2026-05-17 16:09:06,419 [INFO] ANALYZED exam=tQoHDQTrz1iAzcfYrbTF email=dsibenik@student.unipu.hr ts=1777802083302 status=FACE_DETECTED
2026-05-17 16:09:07,574 [INFO] ANALYZED exam=tQoHDQTrz1iAzcfYrbTF email=dsibenik@student.unipu.hr ts=1777802094249 status=FACE_DETECTED
2026-05-17 16:09:08,721 [INFO] ANALYZED exam=tQoHDQTrz1iAzcfYrbTF email=dsibenik@student.unipu.hr ts=1777802099533 status=FACE_DETECTED
2026-05-17 16:09:09,842 [INFO] ANALYZED exam=tQoHDQTrz1iAzcfYrbTF email=dsibenik@student.unipu.hr ts=1777802108561 status=FACE_DETECTED
2026-05-17 16:09:10,962 [INFO] ANALYZED exam=tQoHDQTrz1iAzcfYrbTF email=dsibenik@student.unipu.hr ts=1777802111678 status=FACE_DETECTED
2026-05-17 16:09:12,102 [INFO] ANALYZED exam=tQoHDQTrz1iAzcfYrbTF email=dsibenik@student.unipu.hr ts=1777802121630 status=FACE_DETECTED
2026-05-17 16:09:13,230 [INFO] ANALYZED exam=tQoHDQTrz1iAzcfYrbTF email=dsibenik@student.unipu.hr ts=1777802131832 status=FACE_DETECTED
2026-05-17 16:09:14,357 [INFO] ANALYZED exam=tQoHDQTrz1iAzcfYrbTF email=dsibenik@student.unipu.hr ts=1777802141972 status=FACE_DETECTED
2026-05-17 16:09:15,497 [INFO] ANALYZED exam=tQoHDQTrz1iAzcfYrbTF email=dsibenik@student.unipu.hr ts=1777802144323 status=FACE_DETECTED
2026-05-17 16:09:16,639 [INFO] ANALYZED exam=tQoHDQTrz1iAzcfYrbTF email=dsibenik@student.unipu.hr ts=1777802154333 status=FACE_DETECTED
2026-05-17 16:09:17,769 [INFO] ANALYZED exam=tQoHDQTrz1iAzcfYrbTF email=dsibenik@student.unipu.hr ts=1777802161336 status=FACE_DETECTED
2026-05-17 16:09:18,903 [INFO] ANALYZED exam=tQoHDQTrz1iAzcfYrbTF email=dsibenik@student.unipu.hr ts=1777802169307 status=FACE_DETECTED
2026-05-17 16:09:20,032 [INFO] ANALYZED exam=tQoHDQTrz1iAzcfYrbTF email=dsibenik@student.unipu.hr ts=1777802171350 status=FACE_DETECTED
2026-05-17 16:09:21,175 [INFO] ANALYZED exam=tQoHDQTrz1iAzcfYrbTF email=dsibenik@student.unipu.hr ts=1777802180377 status=FACE_DETECTED
2026-05-17 16:09:22,306 [INFO] ANALYZED exam=tQoHDQTrz1iAzcfYrbTF email=dsibenik@student.unipu.hr ts=1777802185605 status=FACE_DETECTED
2026-05-17 16:09:23,437 [INFO] ANALYZED exam=tQoHDQTrz1iAzcfYrbTF email=dsibenik@student.unipu.hr ts=1777802194607 status=FACE_DETECTED
2026-05-17 16:09:24,556 [INFO] ANALYZED exam=tQoHDQTrz1iAzcfYrbTF email=dsibenik@student.unipu.hr ts=1777802202017 status=FACE_DETECTED
2026-05-17 16:09:25,689 [INFO] ANALYZED exam=tQoHDQTrz1iAzcfYrbTF email=dsibenik@student.unipu.hr ts=1777802208083 status=FACE_DETECTED
2026-05-17 16:09:26,815 [INFO] ANALYZED exam=tQoHDQTrz1iAzcfYrbTF email=dsibenik@student.unipu.hr ts=1777802212105 status=FACE_DETECTED
2026-05-17 16:09:27,942 [INFO] ANALYZED exam=tQoHDQTrz1iAzcfYrbTF email=dsibenik@student.unipu.hr ts=1777802221243 status=FACE_DETECTED
2026-05-17 16:09:29,086 [INFO] ANALYZED exam=tQoHDQTrz1iAzcfYrbTF email=dsibenik@student.unipu.hr ts=1777802226218 status=FACE_DETECTED
2026-05-17 16:09:30,215 [INFO] ANALYZED exam=tQoHDQTrz1iAzcfYrbTF email=dsibenik@student.unipu.hr ts=1777802229388 status=FACE_DETECTED
2026-05-17 16:09:31,351 [INFO] ANALYZED exam=tQoHDQTrz1iAzcfYrbTF email=dsibenik@student.unipu.hr ts=1777802232370 status=FACE_DETECTED
2026-05-17 16:09:32,477 [INFO] ANALYZED exam=tQoHDQTrz1iAzcfYrbTF email=dsibenik@student.unipu.hr ts=1777802237389 status=FACE_DETECTED
2026-05-17 16:09:33,603 [INFO] ANALYZED exam=tQoHDQTrz1iAzcfYrbTF email=dsibenik@student.unipu.hr ts=1777802248501 status=FACE_DETECTED
2026-05-17 16:09:34,731 [INFO] ANALYZED exam=tQoHDQTrz1iAzcfYrbTF email=dsibenik@student.unipu.hr ts=1777802251482 status=FACE_DETECTED
2026-05-17 16:09:35,874 [INFO] ANALYZED exam=tQoHDQTrz1iAzcfYrbTF email=dsibenik@student.unipu.hr ts=1777802255483 status=FACE_DETECTED
2026-05-17 16:09:37,027 [INFO] ANALYZED exam=tQoHDQTrz1iAzcfYrbTF email=dsibenik@student.unipu.hr ts=1777802263495 status=FACE_DETECTED
2026-05-17 16:09:38,154 [INFO] ANALYZED exam=tQoHDQTrz1iAzcfYrbTF email=dsibenik@student.unipu.hr ts=1777802272843 status=FACE_DETECTED
2026-05-17 16:09:39,285 [INFO] ANALYZED exam=tQoHDQTrz1iAzcfYrbTF email=dsibenik@student.unipu.hr ts=1777802277983 status=FACE_DETECTED
2026-05-17 16:09:40,412 [INFO] ANALYZED exam=tQoHDQTrz1iAzcfYrbTF email=dsibenik@student.unipu.hr ts=1777802289269 status=FACE_DETECTED
2026-05-17 16:09:41,413 [INFO] ANALYZE_STOP reason=busy processed=38
2026-05-17 16:09:41,593 [INFO] BATCH_WRITE items=38
2026-05-17 16:09:52,594 [INFO] LOAD cpu=2.8% mem=+-0.6% req_rate=0.00/min idle=True
2026-05-17 16:09:52,594 [INFO] ANALYZE_BEGIN n_pending=2918
2026-05-17 16:09:53,890 [INFO] ANALYZED exam=tQoHDQTrz1iAzcfYrbTF email=dsibenik@student.unipu.hr ts=1777802296476 status=FACE_DETECTED
2026-05-17 16:09:55,016 [INFO] ANALYZED exam=tQoHDQTrz1iAzcfYrbTF email=dsibenik@student.unipu.hr ts=1777802302617 status=FACE_DETECTED
2026-05-17 16:09:56,165 [INFO] ANALYZED exam=tQoHDQTrz1iAzcfYrbTF email=dsibenik@student.unipu.hr ts=1777802310576 status=FACE_DETECTED
2026-05-17 16:09:57,290 [INFO] ANALYZED exam=tQoHDQTrz1iAzcfYrbTF email=dsibenik@student.unipu.hr ts=1777802317540 status=FACE_DETECTED
2026-05-17 16:09:58,291 [INFO] ANALYZE_STOP reason=busy processed=4
2026-05-17 16:09:58,410 [INFO] BATCH_WRITE items=4
2026-05-17 16:10:09,411 [INFO] LOAD cpu=1.4% mem=+-0.8% req_rate=0.00/min idle=True
2026-05-17 16:10:09,411 [INFO] ANALYZE_BEGIN n_pending=2914
2026-05-17 16:10:10,704 [INFO] ANALYZED exam=tQoHDQTrz1iAzcfYrbTF email=dsibenik@student.unipu.hr ts=1777802320753 status=FACE_DETECTED
2026-05-17 16:10:11,705 [INFO] ANALYZE_STOP reason=busy processed=1
2026-05-17 16:10:11,836 [INFO] BATCH_WRITE items=1
2026-05-17 16:10:22,837 [INFO] LOAD cpu=1.6% mem=+-0.6% req_rate=0.00/min idle=True
2026-05-17 16:10:22,837 [INFO] ANALYZE_BEGIN n_pending=2913
2026-05-17 16:10:24,177 [INFO] ANALYZED exam=tQoHDQTrz1iAzcfYrbTF email=dsibenik@student.unipu.hr ts=1777802327745 status=FACE_DETECTED
2026-05-17 16:10:25,178 [INFO] ANALYZE_STOP reason=busy processed=1
2026-05-17 16:10:25,325 [INFO] BATCH_WRITE items=1
2026-05-17 16:10:36,326 [INFO] LOAD cpu=1.6% mem=+-0.7% req_rate=0.00/min idle=True
2026-05-17 16:10:36,326 [INFO] ANALYZE_BEGIN n_pending=2912
2026-05-17 16:10:37,605 [INFO] ANALYZED exam=tQoHDQTrz1iAzcfYrbTF email=dsibenik@student.unipu.hr ts=1777802332691 status=FACE_DETECTED
2026-05-17 16:10:38,743 [INFO] ANALYZED exam=tQoHDQTrz1iAzcfYrbTF email=dsibenik@student.unipu.hr ts=1777802339651 status=FACE_DETECTED
2026-05-17 16:10:39,882 [INFO] ANALYZED exam=tQoHDQTrz1iAzcfYrbTF email=dsibenik@student.unipu.hr ts=1777802346658 status=FACE_DETECTED
2026-05-17 16:10:41,026 [INFO] ANALYZED exam=tQoHDQTrz1iAzcfYrbTF email=dsibenik@student.unipu.hr ts=1777802351678 status=FACE_DETECTED
2026-05-17 16:10:42,150 [INFO] ANALYZED exam=tQoHDQTrz1iAzcfYrbTF email=dsibenik@student.unipu.hr ts=1777802359683 status=FACE_DETECTED
2026-05-17 16:10:43,276 [INFO] ANALYZED exam=tQoHDQTrz1iAzcfYrbTF email=dsibenik@student.unipu.hr ts=1777802365693 status=FACE_DETECTED
2026-05-17 16:10:44,405 [INFO] ANALYZED exam=tQoHDQTrz1iAzcfYrbTF email=dsibenik@student.unipu.hr ts=1777802373746 status=FACE_DETECTED
2026-05-17 16:10:45,538 [INFO] ANALYZED exam=tQoHDQTrz1iAzcfYrbTF email=dsibenik@student.unipu.hr ts=1777802382008 status=FACE_DETECTED
2026-05-17 16:10:46,671 [INFO] ANALYZED exam=tQoHDQTrz1iAzcfYrbTF email=dsibenik@student.unipu.hr ts=1777802386052 status=FACE_DETECTED
2026-05-17 16:10:47,824 [INFO] ANALYZED exam=tQoHDQTrz1iAzcfYrbTF email=dsibenik@student.unipu.hr ts=1777802394064 status=FACE_DETECTED
2026-05-17 16:10:49,170 [INFO] ANALYZED exam=tQoHDQTrz1iAzcfYrbTF email=dtitlic@student.unipu.hr ts=1777563577313 status=FACE_DETECTED
2026-05-17 16:10:51,091 [INFO] ANALYZED exam=tQoHDQTrz1iAzcfYrbTF email=dtitlic@student.unipu.hr ts=1777563586456 status=FACE_DETECTED
2026-05-17 16:10:52,960 [INFO] ANALYZED exam=tQoHDQTrz1iAzcfYrbTF email=dtitlic@student.unipu.hr ts=1777563591295 status=FACE_DETECTED
2026-05-17 16:10:54,230 [INFO] ANALYZED exam=tQoHDQTrz1iAzcfYrbTF email=dtitlic@student.unipu.hr ts=1777563601887 status=FACE_DETECTED
2026-05-17 16:10:55,502 [INFO] ANALYZED exam=tQoHDQTrz1iAzcfYrbTF email=dtitlic@student.unipu.hr ts=1777563609685 status=FACE_DETECTED
2026-05-17 16:10:56,761 [INFO] ANALYZED exam=tQoHDQTrz1iAzcfYrbTF email=dtitlic@student.unipu.hr ts=1777563617499 status=FACE_DETECTED
2026-05-17 16:10:58,022 [INFO] ANALYZED exam=tQoHDQTrz1iAzcfYrbTF email=dtitlic@student.unipu.hr ts=1777563621399 status=FACE_DETECTED
2026-05-17 16:10:59,289 [INFO] ANALYZED exam=tQoHDQTrz1iAzcfYrbTF email=dtitlic@student.unipu.hr ts=1777563630064 status=FACE_DETECTED
2026-05-17 16:11:00,548 [INFO] ANALYZED exam=tQoHDQTrz1iAzcfYrbTF email=dtitlic@student.unipu.hr ts=1777563632901 status=FACE_DETECTED
2026-05-17 16:11:01,811 [INFO] ANALYZED exam=tQoHDQTrz1iAzcfYrbTF email=dtitlic@student.unipu.hr ts=1777563640468 status=FACE_DETECTED
2026-05-17 16:11:03,073 [INFO] ANALYZED exam=tQoHDQTrz1iAzcfYrbTF email=dtitlic@student.unipu.hr ts=1777563651338 status=FACE_DETECTED
2026-05-17 16:11:04,335 [INFO] ANALYZED exam=tQoHDQTrz1iAzcfYrbTF email=dtitlic@student.unipu.hr ts=1777563659111 status=FACE_DETECTED
2026-05-17 16:11:05,336 [INFO] ANALYZE_STOP reason=busy processed=22
2026-05-17 16:11:05,475 [INFO] BATCH_WRITE items=22
2026-05-17 16:11:20,411 [INFO] LOAD cpu=1.6% mem=+-0.5% req_rate=0.00/min idle=True
2026-05-17 16:11:20,411 [INFO] ANALYZE_BEGIN n_pending=2890
2026-05-17 16:11:21,689 [INFO] ANALYZED exam=tQoHDQTrz1iAzcfYrbTF email=dtitlic@student.unipu.hr ts=1777563661953 status=FACE_DETECTED
2026-05-17 16:11:22,944 [INFO] ANALYZED exam=tQoHDQTrz1iAzcfYrbTF email=dtitlic@student.unipu.hr ts=1777563668562 status=FACE_DETECTED
2026-05-17 16:11:24,219 [INFO] ANALYZED exam=tQoHDQTrz1iAzcfYrbTF email=dtitlic@student.unipu.hr ts=1777563674405 status=FACE_DETECTED
2026-05-17 16:11:25,491 [INFO] ANALYZED exam=tQoHDQTrz1iAzcfYrbTF email=dtitlic@student.unipu.hr ts=1777563679072 status=FACE_DETECTED
2026-05-17 16:11:26,766 [INFO] ANALYZED exam=tQoHDQTrz1iAzcfYrbTF email=dtitlic@student.unipu.hr ts=1777563684738 status=FACE_DETECTED
2026-05-17 16:11:28,101 [INFO] ANALYZED exam=tQoHDQTrz1iAzcfYrbTF email=dtitlic@student.unipu.hr ts=1777563688370 status=FACE_DETECTED
2026-05-17 16:11:29,380 [INFO] ANALYZED exam=tQoHDQTrz1iAzcfYrbTF email=dtitlic@student.unipu.hr ts=1777563694945 status=FACE_DETECTED
2026-05-17 16:11:30,652 [INFO] ANALYZED exam=tQoHDQTrz1iAzcfYrbTF email=dtitlic@student.unipu.hr ts=1777563696808 status=FACE_DETECTED
2026-05-17 16:11:31,917 [INFO] ANALYZED exam=tQoHDQTrz1iAzcfYrbTF email=dtitlic@student.unipu.hr ts=1777563701447 status=FACE_DETECTED
2026-05-17 16:11:33,166 [INFO] ANALYZED exam=tQoHDQTrz1iAzcfYrbTF email=dtitlic@student.unipu.hr ts=1777563707077 status=FACE_DETECTED
2026-05-17 16:11:34,446 [INFO] ANALYZED exam=tQoHDQTrz1iAzcfYrbTF email=dtitlic@student.unipu.hr ts=1777563714745 status=FACE_DETECTED
2026-05-17 16:11:35,721 [INFO] ANALYZED exam=tQoHDQTrz1iAzcfYrbTF email=dtitlic@student.unipu.hr ts=1777563717674 status=FACE_DETECTED
2026-05-17 16:11:36,990 [INFO] ANALYZED exam=tQoHDQTrz1iAzcfYrbTF email=dtitlic@student.unipu.hr ts=1777563721376 status=FACE_DETECTED
2026-05-17 16:11:38,265 [INFO] ANALYZED exam=tQoHDQTrz1iAzcfYrbTF email=dtitlic@student.unipu.hr ts=1777563728051 status=FACE_DETECTED
2026-05-17 16:11:39,529 [INFO] ANALYZED exam=tQoHDQTrz1iAzcfYrbTF email=dtitlic@student.unipu.hr ts=1777563738922 status=FACE_DETECTED
2026-05-17 16:11:40,797 [INFO] ANALYZED exam=tQoHDQTrz1iAzcfYrbTF email=dtitlic@student.unipu.hr ts=1777563740867 status=FACE_DETECTED
2026-05-17 16:11:42,052 [INFO] ANALYZED exam=tQoHDQTrz1iAzcfYrbTF email=dtitlic@student.unipu.hr ts=1777563748481 status=FACE_DETECTED
2026-05-17 16:11:43,312 [INFO] ANALYZED exam=tQoHDQTrz1iAzcfYrbTF email=dtitlic@student.unipu.hr ts=1777563752350 status=FACE_DETECTED
2026-05-17 16:11:44,585 [INFO] ANALYZED exam=tQoHDQTrz1iAzcfYrbTF email=dtitlic@student.unipu.hr ts=1777563756946 status=FACE_DETECTED
2026-05-17 16:11:45,844 [INFO] ANALYZED exam=tQoHDQTrz1iAzcfYrbTF email=dtitlic@student.unipu.hr ts=1777563758613 status=FACE_DETECTED
2026-05-17 16:11:47,113 [INFO] ANALYZED exam=tQoHDQTrz1iAzcfYrbTF email=dtitlic@student.unipu.hr ts=1777563761221 status=FACE_DETECTED
2026-05-17 16:11:48,409 [INFO] ANALYZED exam=tQoHDQTrz1iAzcfYrbTF email=dtitlic@student.unipu.hr ts=1777563771878 status=FACE_DETECTED
2026-05-17 16:11:49,672 [INFO] ANALYZED exam=tQoHDQTrz1iAzcfYrbTF email=dtitlic@student.unipu.hr ts=1777563775709 status=FACE_DETECTED
2026-05-17 16:11:51,002 [INFO] ANALYZED exam=tQoHDQTrz1iAzcfYrbTF email=dtitlic@student.unipu.hr ts=1777563783358 status=FACE_DETECTED
2026-05-17 16:11:52,266 [INFO] ANALYZED exam=tQoHDQTrz1iAzcfYrbTF email=dtitlic@student.unipu.hr ts=1777563789214 status=FACE_DETECTED
2026-05-17 16:11:53,542 [INFO] ANALYZED exam=tQoHDQTrz1iAzcfYrbTF email=dtitlic@student.unipu.hr ts=1777563799790 status=FACE_DETECTED
2026-05-17 16:11:54,816 [INFO] ANALYZED exam=tQoHDQTrz1iAzcfYrbTF email=dtitlic@student.unipu.hr ts=1777563808552 status=FACE_DETECTED
2026-05-17 16:11:56,118 [INFO] ANALYZED exam=tQoHDQTrz1iAzcfYrbTF email=dtitlic@student.unipu.hr ts=1777563816404 status=FACE_DETECTED
2026-05-17 16:11:57,394 [INFO] ANALYZED exam=tQoHDQTrz1iAzcfYrbTF email=dtitlic@student.unipu.hr ts=1777563827190 status=FACE_DETECTED
2026-05-17 16:11:58,671 [INFO] ANALYZED exam=tQoHDQTrz1iAzcfYrbTF email=dtitlic@student.unipu.hr ts=1777563828981 status=FACE_DETECTED
2026-05-17 16:11:59,942 [INFO] ANALYZED exam=tQoHDQTrz1iAzcfYrbTF email=dtitlic@student.unipu.hr ts=1777563839530 status=FACE_DETECTED
2026-05-17 16:12:01,220 [INFO] ANALYZED exam=tQoHDQTrz1iAzcfYrbTF email=dtitlic@student.unipu.hr ts=1777563848385 status=FACE_DETECTED
2026-05-17 16:12:02,505 [INFO] ANALYZED exam=tQoHDQTrz1iAzcfYrbTF email=dtitlic@student.unipu.hr ts=1777563858224 status=FACE_DETECTED
2026-05-17 16:12:03,772 [INFO] ANALYZED exam=tQoHDQTrz1iAzcfYrbTF email=dtitlic@student.unipu.hr ts=1777563869029 status=FACE_DETECTED
2026-05-17 16:12:05,043 [INFO] ANALYZED exam=tQoHDQTrz1iAzcfYrbTF email=dtitlic@student.unipu.hr ts=1777563876033 status=FACE_DETECTED
2026-05-17 16:12:06,312 [INFO] ANALYZED exam=tQoHDQTrz1iAzcfYrbTF email=dtitlic@student.unipu.hr ts=1777563879793 status=FACE_DETECTED
2026-05-17 16:12:07,312 [INFO] ANALYZE_STOP reason=busy processed=36
2026-05-17 16:12:07,490 [INFO] BATCH_WRITE items=36
2026-05-17 16:12:18,491 [INFO] LOAD cpu=1.5% mem=+-0.7% req_rate=0.00/min idle=True
2026-05-17 16:12:18,491 [INFO] ANALYZE_BEGIN n_pending=2854
2026-05-17 16:12:20,010 [INFO] ANALYZED exam=tQoHDQTrz1iAzcfYrbTF email=dtitlic@student.unipu.hr ts=1777563884428 status=FACE_DETECTED
2026-05-17 16:12:21,348 [INFO] ANALYZED exam=tQoHDQTrz1iAzcfYrbTF email=dtitlic@student.unipu.hr ts=1777563886025 status=FACE_DETECTED
2026-05-17 16:12:22,699 [INFO] ANALYZED exam=tQoHDQTrz1iAzcfYrbTF email=dtitlic@student.unipu.hr ts=1777563895568 status=FACE_DETECTED
2026-05-17 16:12:23,959 [INFO] ANALYZED exam=tQoHDQTrz1iAzcfYrbTF email=dtitlic@student.unipu.hr ts=1777563906502 status=FACE_DETECTED
2026-05-17 16:12:25,249 [INFO] ANALYZED exam=tQoHDQTrz1iAzcfYrbTF email=dtitlic@student.unipu.hr ts=1777563912367 status=FACE_DETECTED
2026-05-17 16:12:26,511 [INFO] ANALYZED exam=tQoHDQTrz1iAzcfYrbTF email=dtitlic@student.unipu.hr ts=1777563914998 status=FACE_DETECTED
2026-05-17 16:12:27,758 [INFO] ANALYZED exam=tQoHDQTrz1iAzcfYrbTF email=dtitlic@student.unipu.hr ts=1777563916558 status=FACE_DETECTED
2026-05-17 16:12:29,025 [INFO] ANALYZED exam=tQoHDQTrz1iAzcfYrbTF email=dtitlic@student.unipu.hr ts=1777563925130 status=FACE_DETECTED
2026-05-17 16:12:30,321 [INFO] ANALYZED exam=tQoHDQTrz1iAzcfYrbTF email=dtitlic@student.unipu.hr ts=1777563929040 status=FACE_DETECTED
2026-05-17 16:12:31,586 [INFO] ANALYZED exam=tQoHDQTrz1iAzcfYrbTF email=dtitlic@student.unipu.hr ts=1777563930699 status=FACE_DETECTED
2026-05-17 16:12:32,842 [INFO] ANALYZED exam=tQoHDQTrz1iAzcfYrbTF email=dtitlic@student.unipu.hr ts=1777563938338 status=FACE_DETECTED
2026-05-17 16:12:34,106 [INFO] ANALYZED exam=tQoHDQTrz1iAzcfYrbTF email=dtitlic@student.unipu.hr ts=1777563945107 status=FACE_DETECTED
2026-05-17 16:12:35,358 [INFO] ANALYZED exam=tQoHDQTrz1iAzcfYrbTF email=dtitlic@student.unipu.hr ts=1777563949866 status=FACE_DETECTED
2026-05-17 16:12:36,626 [INFO] ANALYZED exam=tQoHDQTrz1iAzcfYrbTF email=dtitlic@student.unipu.hr ts=1777563960510 status=FACE_DETECTED
2026-05-17 16:12:37,904 [INFO] ANALYZED exam=tQoHDQTrz1iAzcfYrbTF email=dtitlic@student.unipu.hr ts=1777563969274 status=FACE_DETECTED
2026-05-17 16:12:39,176 [INFO] ANALYZED exam=tQoHDQTrz1iAzcfYrbTF email=dtitlic@student.unipu.hr ts=1777563979145 status=FACE_DETECTED
2026-05-17 16:12:40,456 [INFO] ANALYZED exam=tQoHDQTrz1iAzcfYrbTF email=dtitlic@student.unipu.hr ts=1777563983974 status=FACE_DETECTED
2026-05-17 16:12:41,737 [INFO] ANALYZED exam=tQoHDQTrz1iAzcfYrbTF email=dtitlic@student.unipu.hr ts=1777563989620 status=FACE_DETECTED
2026-05-17 16:12:42,738 [INFO] ANALYZE_STOP reason=busy processed=18
2026-05-17 16:12:42,896 [INFO] BATCH_WRITE items=18
2026-05-17 16:12:53,897 [INFO] LOAD cpu=2.3% mem=+-1.0% req_rate=0.00/min idle=True
2026-05-17 16:12:53,897 [INFO] ANALYZE_BEGIN n_pending=2836
2026-05-17 16:12:55,456 [INFO] ANALYZED exam=tQoHDQTrz1iAzcfYrbTF email=dtitlic@student.unipu.hr ts=1777563991204 status=FACE_DETECTED
2026-05-17 16:12:56,762 [INFO] ANALYZED exam=tQoHDQTrz1iAzcfYrbTF email=dtitlic@student.unipu.hr ts=1777563997773 status=FACE_DETECTED
2026-05-17 16:12:58,162 [INFO] ANALYZED exam=tQoHDQTrz1iAzcfYrbTF email=dtitlic@student.unipu.hr ts=1777564003610 status=FACE_DETECTED
2026-05-17 16:12:59,447 [INFO] ANALYZED exam=tQoHDQTrz1iAzcfYrbTF email=dtitlic@student.unipu.hr ts=1777564009173 status=FACE_DETECTED
2026-05-17 16:13:00,716 [INFO] ANALYZED exam=tQoHDQTrz1iAzcfYrbTF email=dtitlic@student.unipu.hr ts=1777564014780 status=FACE_DETECTED
2026-05-17 16:13:01,981 [INFO] ANALYZED exam=tQoHDQTrz1iAzcfYrbTF email=dtitlic@student.unipu.hr ts=1777564017412 status=FACE_DETECTED
2026-05-17 16:13:03,255 [INFO] ANALYZED exam=tQoHDQTrz1iAzcfYrbTF email=dtitlic@student.unipu.hr ts=1777564018980 status=FACE_DETECTED
2026-05-17 16:13:04,513 [INFO] ANALYZED exam=tQoHDQTrz1iAzcfYrbTF email=dtitlic@student.unipu.hr ts=1777564027640 status=FACE_DETECTED
2026-05-17 16:13:05,774 [INFO] ANALYZED exam=tQoHDQTrz1iAzcfYrbTF email=dtitlic@student.unipu.hr ts=1777564038628 status=FACE_DETECTED
2026-05-17 16:13:07,049 [INFO] ANALYZED exam=tQoHDQTrz1iAzcfYrbTF email=dtitlic@student.unipu.hr ts=1777564045563 status=FACE_DETECTED
2026-05-17 16:13:08,314 [INFO] ANALYZED exam=tQoHDQTrz1iAzcfYrbTF email=dtitlic@student.unipu.hr ts=1777564047436 status=FACE_DETECTED
2026-05-17 16:13:09,579 [INFO] ANALYZED exam=tQoHDQTrz1iAzcfYrbTF email=dtitlic@student.unipu.hr ts=1777564051059 status=FACE_DETECTED
2026-05-17 16:13:10,856 [INFO] ANALYZED exam=tQoHDQTrz1iAzcfYrbTF email=dtitlic@student.unipu.hr ts=1777564052631 status=FACE_DETECTED
2026-05-17 16:13:12,130 [INFO] ANALYZED exam=tQoHDQTrz1iAzcfYrbTF email=dtitlic@student.unipu.hr ts=1777564061194 status=FACE_DETECTED
2026-05-17 16:13:13,407 [INFO] ANALYZED exam=tQoHDQTrz1iAzcfYrbTF email=dtitlic@student.unipu.hr ts=1777564069092 status=FACE_DETECTED
2026-05-17 16:13:14,408 [INFO] ANALYZE_STOP reason=busy processed=15
2026-05-17 16:13:14,534 [INFO] BATCH_WRITE items=15
2026-05-17 16:13:25,535 [INFO] LOAD cpu=1.8% mem=+-0.6% req_rate=0.00/min idle=True
2026-05-17 16:13:25,535 [INFO] ANALYZE_BEGIN n_pending=2821
2026-05-17 16:13:27,059 [INFO] ANALYZED exam=tQoHDQTrz1iAzcfYrbTF email=dtitlic@student.unipu.hr ts=1777564077970 status=FACE_DETECTED
2026-05-17 16:13:28,380 [INFO] ANALYZED exam=tQoHDQTrz1iAzcfYrbTF email=dtitlic@student.unipu.hr ts=1777564084829 status=FACE_DETECTED
2026-05-17 16:13:29,775 [INFO] ANALYZED exam=tQoHDQTrz1iAzcfYrbTF email=dtitlic@student.unipu.hr ts=1777564088767 status=FACE_DETECTED
2026-05-17 16:13:30,934 [INFO] ANALYZED exam=tQoHDQTrz1iAzcfYrbTF email=fbarac@student.unipu.hr ts=1777545078993 status=FACE_DETECTED
2026-05-17 16:13:32,066 [INFO] ANALYZED exam=tQoHDQTrz1iAzcfYrbTF email=fbarac@student.unipu.hr ts=1777545083865 status=FACE_DETECTED
2026-05-17 16:13:33,224 [INFO] ANALYZED exam=tQoHDQTrz1iAzcfYrbTF email=fbarac@student.unipu.hr ts=1777545086369 status=FACE_DETECTED
2026-05-17 16:13:34,354 [INFO] ANALYZED exam=tQoHDQTrz1iAzcfYrbTF email=fbarac@student.unipu.hr ts=1777545091871 status=FACE_DETECTED
2026-05-17 16:13:35,494 [INFO] ANALYZED exam=tQoHDQTrz1iAzcfYrbTF email=fbarac@student.unipu.hr ts=1777545100373 status=FACE_DETECTED
2026-05-17 16:13:36,616 [INFO] ANALYZED exam=tQoHDQTrz1iAzcfYrbTF email=fbarac@student.unipu.hr ts=1777545109119 status=FACE_DETECTED
2026-05-17 16:13:37,741 [INFO] ANALYZED exam=tQoHDQTrz1iAzcfYrbTF email=fbarac@student.unipu.hr ts=1777545117801 status=FACE_DETECTED
2026-05-17 16:13:38,871 [INFO] ANALYZED exam=tQoHDQTrz1iAzcfYrbTF email=fbarac@student.unipu.hr ts=1777545119429 status=FACE_DETECTED
2026-05-17 16:13:40,002 [INFO] ANALYZED exam=tQoHDQTrz1iAzcfYrbTF email=fbarac@student.unipu.hr ts=1777545123970 status=FACE_DETECTED
2026-05-17 16:13:41,131 [INFO] ANALYZED exam=tQoHDQTrz1iAzcfYrbTF email=fbarac@student.unipu.hr ts=1777545131506 status=FACE_DETECTED
2026-05-17 16:13:42,278 [INFO] ANALYZED exam=tQoHDQTrz1iAzcfYrbTF email=fbarac@student.unipu.hr ts=1777545138221 status=FACE_DETECTED
2026-05-17 16:13:43,400 [INFO] ANALYZED exam=tQoHDQTrz1iAzcfYrbTF email=fbarac@student.unipu.hr ts=1777545141953 status=FACE_DETECTED
2026-05-17 16:13:44,542 [INFO] ANALYZED exam=tQoHDQTrz1iAzcfYrbTF email=fbarac@student.unipu.hr ts=1777545145556 status=FACE_DETECTED
2026-05-17 16:13:45,681 [INFO] ANALYZED exam=tQoHDQTrz1iAzcfYrbTF email=fbarac@student.unipu.hr ts=1777545156059 status=FACE_DETECTED
2026-05-17 16:13:46,682 [INFO] ANALYZE_STOP reason=busy processed=17
2026-05-17 16:13:46,820 [INFO] BATCH_WRITE items=17
2026-05-17 16:13:57,821 [INFO] LOAD cpu=2.8% mem=+-0.7% req_rate=0.00/min idle=True
2026-05-17 16:13:57,821 [INFO] ANALYZE_BEGIN n_pending=2804
2026-05-17 16:13:59,172 [INFO] ANALYZED exam=tQoHDQTrz1iAzcfYrbTF email=fbarac@student.unipu.hr ts=1777545166738 status=FACE_DETECTED
2026-05-17 16:14:00,320 [INFO] ANALYZED exam=tQoHDQTrz1iAzcfYrbTF email=fbarac@student.unipu.hr ts=1777545171426 status=FACE_DETECTED
2026-05-17 16:14:01,465 [INFO] ANALYZED exam=tQoHDQTrz1iAzcfYrbTF email=fbarac@student.unipu.hr ts=1777545178943 status=FACE_DETECTED
2026-05-17 16:14:02,589 [INFO] ANALYZED exam=tQoHDQTrz1iAzcfYrbTF email=fbarac@student.unipu.hr ts=1777545185598 status=FACE_DETECTED
2026-05-17 16:14:03,733 [INFO] ANALYZED exam=tQoHDQTrz1iAzcfYrbTF email=fbarac@student.unipu.hr ts=1777545187248 status=FACE_DETECTED
2026-05-17 16:14:04,871 [INFO] ANALYZED exam=tQoHDQTrz1iAzcfYrbTF email=fbarac@student.unipu.hr ts=1777545189771 status=FACE_DETECTED
2026-05-17 16:14:05,999 [INFO] ANALYZED exam=tQoHDQTrz1iAzcfYrbTF email=fbarac@student.unipu.hr ts=1777545191301 status=FACE_DETECTED
2026-05-17 16:14:07,143 [INFO] ANALYZED exam=tQoHDQTrz1iAzcfYrbTF email=fbarac@student.unipu.hr ts=1777545199834 status=FACE_DETECTED
2026-05-17 16:14:08,294 [INFO] ANALYZED exam=tQoHDQTrz1iAzcfYrbTF email=fbarac@student.unipu.hr ts=1777545203483 status=FACE_DETECTED
2026-05-17 16:14:09,451 [INFO] ANALYZED exam=tQoHDQTrz1iAzcfYrbTF email=fbarac@student.unipu.hr ts=1777545214048 status=FACE_DETECTED
2026-05-17 16:14:10,597 [INFO] ANALYZED exam=tQoHDQTrz1iAzcfYrbTF email=fbarac@student.unipu.hr ts=1777545221705 status=FACE_DETECTED
2026-05-17 16:14:11,743 [INFO] ANALYZED exam=tQoHDQTrz1iAzcfYrbTF email=fbarac@student.unipu.hr ts=1777545231380 status=FACE_DETECTED
2026-05-17 16:14:12,867 [INFO] ANALYZED exam=tQoHDQTrz1iAzcfYrbTF email=fbarac@student.unipu.hr ts=1777545236035 status=FACE_DETECTED
2026-05-17 16:14:14,019 [INFO] ANALYZED exam=tQoHDQTrz1iAzcfYrbTF email=fbarac@student.unipu.hr ts=1777545243615 status=FACE_DETECTED
2026-05-17 16:14:15,152 [INFO] ANALYZED exam=tQoHDQTrz1iAzcfYrbTF email=fbarac@student.unipu.hr ts=1777545247465 status=FACE_DETECTED
2026-05-17 16:14:16,306 [INFO] ANALYZED exam=tQoHDQTrz1iAzcfYrbTF email=fbarac@student.unipu.hr ts=1777545253974 status=FACE_DETECTED
2026-05-17 16:14:17,442 [INFO] ANALYZED exam=tQoHDQTrz1iAzcfYrbTF email=fbarac@student.unipu.hr ts=1777545260636 status=FACE_DETECTED
2026-05-17 16:14:18,571 [INFO] ANALYZED exam=tQoHDQTrz1iAzcfYrbTF email=fbarac@student.unipu.hr ts=1777545268347 status=FACE_DETECTED
2026-05-17 16:14:19,698 [INFO] ANALYZED exam=tQoHDQTrz1iAzcfYrbTF email=fbarac@student.unipu.hr ts=1777545274016 status=FACE_DETECTED
2026-05-17 16:14:20,826 [INFO] ANALYZED exam=tQoHDQTrz1iAzcfYrbTF email=fbarac@student.unipu.hr ts=1777545277600 status=FACE_DETECTED
2026-05-17 16:14:21,968 [INFO] ANALYZED exam=tQoHDQTrz1iAzcfYrbTF email=fbarac@student.unipu.hr ts=1777545282204 status=FACE_DETECTED
2026-05-17 16:14:23,092 [INFO] ANALYZED exam=tQoHDQTrz1iAzcfYrbTF email=fbarac@student.unipu.hr ts=1777545286792 status=FACE_DETECTED
2026-05-17 16:14:24,249 [INFO] ANALYZED exam=tQoHDQTrz1iAzcfYrbTF email=fbarac@student.unipu.hr ts=1777545294319 status=FACE_DETECTED
2026-05-17 16:14:25,391 [INFO] ANALYZED exam=tQoHDQTrz1iAzcfYrbTF email=fbarac@student.unipu.hr ts=1777545304018 status=FACE_DETECTED
2026-05-17 16:14:26,526 [INFO] ANALYZED exam=tQoHDQTrz1iAzcfYrbTF email=fbarac@student.unipu.hr ts=1777545308675 status=FACE_DETECTED
2026-05-17 16:14:27,649 [INFO] ANALYZED exam=tQoHDQTrz1iAzcfYrbTF email=fbarac@student.unipu.hr ts=1777545314332 status=FACE_DETECTED
2026-05-17 16:14:28,815 [INFO] ANALYZED exam=tQoHDQTrz1iAzcfYrbTF email=fbarac@student.unipu.hr ts=1777545324878 status=FACE_DETECTED
2026-05-17 16:14:29,981 [INFO] ANALYZED exam=tQoHDQTrz1iAzcfYrbTF email=fbarac@student.unipu.hr ts=1777545331565 status=FACE_DETECTED
2026-05-17 16:14:31,115 [INFO] ANALYZED exam=tQoHDQTrz1iAzcfYrbTF email=fbarac@student.unipu.hr ts=1777545333204 status=FACE_DETECTED
2026-05-17 16:14:32,261 [INFO] ANALYZED exam=tQoHDQTrz1iAzcfYrbTF email=fbarac@student.unipu.hr ts=1777545336779 status=FACE_DETECTED
2026-05-17 16:14:33,393 [INFO] ANALYZED exam=tQoHDQTrz1iAzcfYrbTF email=fbarac@student.unipu.hr ts=1777545346314 status=FACE_DETECTED
2026-05-17 16:14:34,515 [INFO] ANALYZED exam=tQoHDQTrz1iAzcfYrbTF email=fbarac@student.unipu.hr ts=1777545354109 status=FACE_DETECTED
2026-05-17 16:14:35,639 [INFO] ANALYZED exam=tQoHDQTrz1iAzcfYrbTF email=fbarac@student.unipu.hr ts=1777545363771 status=FACE_DETECTED
2026-05-17 16:14:36,781 [INFO] ANALYZED exam=tQoHDQTrz1iAzcfYrbTF email=fbarac@student.unipu.hr ts=1777545368459 status=FACE_DETECTED
2026-05-17 16:14:37,906 [INFO] ANALYZED exam=tQoHDQTrz1iAzcfYrbTF email=fbarac@student.unipu.hr ts=1777545372974 status=FACE_DETECTED
2026-05-17 16:14:39,025 [INFO] ANALYZED exam=tQoHDQTrz1iAzcfYrbTF email=fbarac@student.unipu.hr ts=1777545375501 status=FACE_DETECTED
2026-05-17 16:14:40,154 [INFO] ANALYZED exam=tQoHDQTrz1iAzcfYrbTF email=fbarac@student.unipu.hr ts=1777545378064 status=FACE_DETECTED
2026-05-17 16:14:41,304 [INFO] ANALYZED exam=tQoHDQTrz1iAzcfYrbTF email=fbarac@student.unipu.hr ts=1777545387598 status=FACE_DETECTED
2026-05-17 16:14:42,433 [INFO] ANALYZED exam=tQoHDQTrz1iAzcfYrbTF email=fbarac@student.unipu.hr ts=1777545389241 status=FACE_DETECTED
2026-05-17 16:14:43,551 [INFO] ANALYZED exam=tQoHDQTrz1iAzcfYrbTF email=fbarac@student.unipu.hr ts=1777545397766 status=FACE_DETECTED
2026-05-17 16:14:44,676 [INFO] ANALYZED exam=tQoHDQTrz1iAzcfYrbTF email=fbarac@student.unipu.hr ts=1777545405471 status=FACE_DETECTED
2026-05-17 16:14:45,797 [INFO] ANALYZED exam=tQoHDQTrz1iAzcfYrbTF email=fbarac@student.unipu.hr ts=1777545410138 status=FACE_DETECTED
2026-05-17 16:14:46,932 [INFO] ANALYZED exam=tQoHDQTrz1iAzcfYrbTF email=fbarac@student.unipu.hr ts=1777545417688 status=FACE_DETECTED
2026-05-17 16:14:48,083 [INFO] ANALYZED exam=tQoHDQTrz1iAzcfYrbTF email=fbarac@student.unipu.hr ts=1777545424352 status=FACE_DETECTED
2026-05-17 16:14:49,219 [INFO] ANALYZED exam=tQoHDQTrz1iAzcfYrbTF email=fbarac@student.unipu.hr ts=1777545430015 status=FACE_DETECTED
2026-05-17 16:14:50,354 [INFO] ANALYZED exam=tQoHDQTrz1iAzcfYrbTF email=fbarac@student.unipu.hr ts=1777545436526 status=FACE_DETECTED
2026-05-17 16:14:51,354 [INFO] ANALYZE_STOP reason=busy processed=46
2026-05-17 16:14:51,547 [INFO] BATCH_WRITE items=46
2026-05-17 16:15:02,548 [INFO] LOAD cpu=2.3% mem=+-0.9% req_rate=0.00/min idle=True
2026-05-17 16:15:02,549 [INFO] ANALYZE_BEGIN n_pending=2758
2026-05-17 16:15:03,887 [INFO] ANALYZED exam=tQoHDQTrz1iAzcfYrbTF email=fbarac@student.unipu.hr ts=1777545447219 status=FACE_DETECTED
2026-05-17 16:15:05,008 [INFO] ANALYZED exam=tQoHDQTrz1iAzcfYrbTF email=fbarac@student.unipu.hr ts=1777545449982 status=FACE_DETECTED
2026-05-17 16:15:06,158 [INFO] ANALYZED exam=tQoHDQTrz1iAzcfYrbTF email=fbarac@student.unipu.hr ts=1777545460522 status=FACE_DETECTED
2026-05-17 16:15:07,339 [INFO] ANALYZED exam=tQoHDQTrz1iAzcfYrbTF email=fbarac@student.unipu.hr ts=1777545463234 status=FACE_DETECTED
2026-05-17 16:15:08,476 [INFO] ANALYZED exam=tQoHDQTrz1iAzcfYrbTF email=fbarac@student.unipu.hr ts=1777545466806 status=FACE_DETECTED
2026-05-17 16:15:09,617 [INFO] ANALYZED exam=tQoHDQTrz1iAzcfYrbTF email=fbarac@student.unipu.hr ts=1777545473341 status=FACE_DETECTED
2026-05-17 16:15:10,766 [INFO] ANALYZED exam=tQoHDQTrz1iAzcfYrbTF email=fbarac@student.unipu.hr ts=1777545479994 status=FACE_DETECTED
2026-05-17 16:15:11,904 [INFO] ANALYZED exam=tQoHDQTrz1iAzcfYrbTF email=fbarac@student.unipu.hr ts=1777545482669 status=FACE_DETECTED
2026-05-17 16:15:13,040 [INFO] ANALYZED exam=tQoHDQTrz1iAzcfYrbTF email=fbarac@student.unipu.hr ts=1777545491264 status=FACE_DETECTED
2026-05-17 16:15:14,168 [INFO] ANALYZED exam=tQoHDQTrz1iAzcfYrbTF email=fbarac@student.unipu.hr ts=1777545500945 status=FACE_DETECTED
2026-05-17 16:15:15,312 [INFO] ANALYZED exam=tQoHDQTrz1iAzcfYrbTF email=fbarac@student.unipu.hr ts=1777545511578 status=FACE_DETECTED
2026-05-17 16:15:16,434 [INFO] ANALYZED exam=tQoHDQTrz1iAzcfYrbTF email=fbarac@student.unipu.hr ts=1777545519265 status=FACE_DETECTED
2026-05-17 16:15:17,578 [INFO] ANALYZED exam=tQoHDQTrz1iAzcfYrbTF email=fbarac@student.unipu.hr ts=1777545522965 status=FACE_DETECTED
2026-05-17 16:15:18,705 [INFO] ANALYZED exam=tQoHDQTrz1iAzcfYrbTF email=fbarac@student.unipu.hr ts=1777545524500 status=FACE_DETECTED
2026-05-17 16:15:19,824 [INFO] ANALYZED exam=tQoHDQTrz1iAzcfYrbTF email=fbarac@student.unipu.hr ts=1777545530083 status=FACE_DETECTED
2026-05-17 16:15:20,961 [INFO] ANALYZED exam=tQoHDQTrz1iAzcfYrbTF email=fbarac@student.unipu.hr ts=1777545533616 status=FACE_DETECTED
2026-05-17 16:15:22,116 [INFO] ANALYZED exam=tQoHDQTrz1iAzcfYrbTF email=fbarac@student.unipu.hr ts=1777545539156 status=FACE_DETECTED
2026-05-17 16:15:23,246 [INFO] ANALYZED exam=tQoHDQTrz1iAzcfYrbTF email=fbarac@student.unipu.hr ts=1777545547695 status=FACE_DETECTED
2026-05-17 16:15:24,388 [INFO] ANALYZED exam=tQoHDQTrz1iAzcfYrbTF email=fbarac@student.unipu.hr ts=1777545550525 status=FACE_DETECTED
2026-05-17 16:15:25,513 [INFO] ANALYZED exam=tQoHDQTrz1iAzcfYrbTF email=fbarac@student.unipu.hr ts=1777545560381 status=FACE_DETECTED
2026-05-17 16:15:26,641 [INFO] ANALYZED exam=tQoHDQTrz1iAzcfYrbTF email=fbarac@student.unipu.hr ts=1777545562031 status=FACE_DETECTED
2026-05-17 16:15:27,785 [INFO] ANALYZED exam=tQoHDQTrz1iAzcfYrbTF email=fbarac@student.unipu.hr ts=1777545563562 status=FACE_DETECTED
2026-05-17 16:15:28,945 [INFO] ANALYZED exam=tQoHDQTrz1iAzcfYrbTF email=fbarac@student.unipu.hr ts=1777545566093 status=FACE_DETECTED
2026-05-17 16:15:30,071 [INFO] ANALYZED exam=tQoHDQTrz1iAzcfYrbTF email=fbarac@student.unipu.hr ts=1777545568630 status=FACE_DETECTED
2026-05-17 16:15:31,193 [INFO] ANALYZED exam=tQoHDQTrz1iAzcfYrbTF email=fbarac@student.unipu.hr ts=1777545577191 status=FACE_DETECTED
2026-05-17 16:15:32,329 [INFO] ANALYZED exam=tQoHDQTrz1iAzcfYrbTF email=fbarac@student.unipu.hr ts=1777545583841 status=FACE_DETECTED
2026-05-17 16:15:33,449 [INFO] ANALYZED exam=tQoHDQTrz1iAzcfYrbTF email=fbarac@student.unipu.hr ts=1777545594545 status=FACE_DETECTED
2026-05-17 16:15:34,569 [INFO] ANALYZED exam=tQoHDQTrz1iAzcfYrbTF email=fbarac@student.unipu.hr ts=1777545596222 status=FACE_DETECTED
2026-05-17 16:15:35,702 [INFO] ANALYZED exam=tQoHDQTrz1iAzcfYrbTF email=fbarac@student.unipu.hr ts=1777545598751 status=FACE_DETECTED
2026-05-17 16:15:36,835 [INFO] ANALYZED exam=tQoHDQTrz1iAzcfYrbTF email=fbarac@student.unipu.hr ts=1777545609329 status=FACE_DETECTED
2026-05-17 16:15:37,960 [INFO] ANALYZED exam=tQoHDQTrz1iAzcfYrbTF email=fbarac@student.unipu.hr ts=1777545617972 status=FACE_DETECTED
2026-05-17 16:15:39,086 [INFO] ANALYZED exam=tQoHDQTrz1iAzcfYrbTF email=fbarac@student.unipu.hr ts=1777545625707 status=FACE_DETECTED
2026-05-17 16:15:40,224 [INFO] ANALYZED exam=tQoHDQTrz1iAzcfYrbTF email=fbarac@student.unipu.hr ts=1777545631384 status=FACE_DETECTED
2026-05-17 16:15:41,345 [INFO] ANALYZED exam=tQoHDQTrz1iAzcfYrbTF email=fbarac@student.unipu.hr ts=1777545635952 status=FACE_DETECTED
2026-05-17 16:15:42,487 [INFO] ANALYZED exam=tQoHDQTrz1iAzcfYrbTF email=fbarac@student.unipu.hr ts=1777545638497 status=FACE_DETECTED
2026-05-17 16:15:43,653 [INFO] ANALYZED exam=tQoHDQTrz1iAzcfYrbTF email=fsimon@student.unipu.hr ts=1777718266570 status=FACE_DETECTED
2026-05-17 16:15:44,788 [INFO] ANALYZED exam=tQoHDQTrz1iAzcfYrbTF email=fsimon@student.unipu.hr ts=1777718272366 status=FACE_DETECTED
2026-05-17 16:15:45,918 [INFO] ANALYZED exam=tQoHDQTrz1iAzcfYrbTF email=fsimon@student.unipu.hr ts=1777718282839 status=FACE_DETECTED
2026-05-17 16:15:46,919 [INFO] ANALYZE_STOP reason=busy processed=38
2026-05-17 16:15:47,087 [INFO] BATCH_WRITE items=38
2026-05-17 16:16:01,957 [INFO] LOAD cpu=2.1% mem=+-0.7% req_rate=0.00/min idle=True
2026-05-17 16:16:01,957 [INFO] ANALYZE_BEGIN n_pending=2720
2026-05-17 16:16:03,089 [INFO] ANALYZED exam=tQoHDQTrz1iAzcfYrbTF email=fsimon@student.unipu.hr ts=1777718290479 status=FACE_DETECTED
2026-05-17 16:16:04,218 [INFO] ANALYZED exam=tQoHDQTrz1iAzcfYrbTF email=fsimon@student.unipu.hr ts=1777718297158 status=FACE_DETECTED
2026-05-17 16:16:05,337 [INFO] ANALYZED exam=tQoHDQTrz1iAzcfYrbTF email=fsimon@student.unipu.hr ts=1777718298817 status=FACE_DETECTED
2026-05-17 16:16:06,459 [INFO] ANALYZED exam=tQoHDQTrz1iAzcfYrbTF email=fsimon@student.unipu.hr ts=1777718300331 status=FACE_DETECTED
2026-05-17 16:16:07,596 [INFO] ANALYZED exam=tQoHDQTrz1iAzcfYrbTF email=fsimon@student.unipu.hr ts=1777718307853 status=FACE_DETECTED
2026-05-17 16:16:08,729 [INFO] ANALYZED exam=tQoHDQTrz1iAzcfYrbTF email=fsimon@student.unipu.hr ts=1777718316496 status=FACE_DETECTED
2026-05-17 16:16:09,887 [INFO] ANALYZED exam=tQoHDQTrz1iAzcfYrbTF email=fsimon@student.unipu.hr ts=1777718321112 status=FACE_DETECTED
2026-05-17 16:16:11,031 [INFO] ANALYZED exam=tQoHDQTrz1iAzcfYrbTF email=fsimon@student.unipu.hr ts=1777718326642 status=FACE_DETECTED
2026-05-17 16:16:12,180 [INFO] ANALYZED exam=tQoHDQTrz1iAzcfYrbTF email=fsimon@student.unipu.hr ts=1777718333168 status=FACE_DETECTED
2026-05-17 16:16:13,313 [INFO] ANALYZED exam=tQoHDQTrz1iAzcfYrbTF email=fsimon@student.unipu.hr ts=1777718335845 status=FACE_DETECTED
2026-05-17 16:16:14,455 [INFO] ANALYZED exam=tQoHDQTrz1iAzcfYrbTF email=fsimon@student.unipu.hr ts=1777718342392 status=FACE_DETECTED
2026-05-17 16:16:15,603 [INFO] ANALYZED exam=tQoHDQTrz1iAzcfYrbTF email=fsimon@student.unipu.hr ts=1777718351077 status=FACE_DETECTED
2026-05-17 16:16:16,740 [INFO] ANALYZED exam=tQoHDQTrz1iAzcfYrbTF email=fsimon@student.unipu.hr ts=1777718352758 status=FACE_DETECTED
2026-05-17 16:16:17,882 [INFO] ANALYZED exam=tQoHDQTrz1iAzcfYrbTF email=fsimon@student.unipu.hr ts=1777718363330 status=FACE_DETECTED
2026-05-17 16:16:19,010 [INFO] ANALYZED exam=tQoHDQTrz1iAzcfYrbTF email=fsimon@student.unipu.hr ts=1777718373997 status=FACE_DETECTED
2026-05-17 16:16:20,133 [INFO] ANALYZED exam=tQoHDQTrz1iAzcfYrbTF email=fsimon@student.unipu.hr ts=1777718383685 status=FACE_DETECTED
2026-05-17 16:16:21,276 [INFO] ANALYZED exam=tQoHDQTrz1iAzcfYrbTF email=fsimon@student.unipu.hr ts=1777718394403 status=FACE_DETECTED
2026-05-17 16:16:22,407 [INFO] ANALYZED exam=tQoHDQTrz1iAzcfYrbTF email=fsimon@student.unipu.hr ts=1777718399084 status=FACE_DETECTED
2026-05-17 16:16:23,557 [INFO] ANALYZED exam=tQoHDQTrz1iAzcfYrbTF email=fsimon@student.unipu.hr ts=1777718402616 status=FACE_DETECTED
2026-05-17 16:16:24,690 [INFO] ANALYZED exam=tQoHDQTrz1iAzcfYrbTF email=fsimon@student.unipu.hr ts=1777718406140 status=FACE_DETECTED
2026-05-17 16:16:25,848 [INFO] ANALYZED exam=tQoHDQTrz1iAzcfYrbTF email=fsimon@student.unipu.hr ts=1777718411659 status=FACE_DETECTED
2026-05-17 16:16:26,977 [INFO] ANALYZED exam=tQoHDQTrz1iAzcfYrbTF email=fsimon@student.unipu.hr ts=1777718419191 status=FACE_DETECTED
2026-05-17 16:16:27,978 [INFO] ANALYZE_STOP reason=busy processed=22
2026-05-17 16:16:28,140 [INFO] BATCH_WRITE items=22
2026-05-17 16:16:39,141 [INFO] LOAD cpu=1.5% mem=+-0.8% req_rate=0.00/min idle=True
2026-05-17 16:16:39,141 [INFO] ANALYZE_BEGIN n_pending=2698
2026-05-17 16:16:40,485 [INFO] ANALYZED exam=tQoHDQTrz1iAzcfYrbTF email=fsimon@student.unipu.hr ts=1777718423875 status=FACE_DETECTED
2026-05-17 16:16:41,697 [INFO] ANALYZED exam=tQoHDQTrz1iAzcfYrbTF email=fsimon@student.unipu.hr ts=1777718434413 status=FACE_DETECTED
2026-05-17 16:16:42,838 [INFO] ANALYZED exam=tQoHDQTrz1iAzcfYrbTF email=fsimon@student.unipu.hr ts=1777718437122 status=FACE_DETECTED
2026-05-17 16:16:43,984 [INFO] ANALYZED exam=tQoHDQTrz1iAzcfYrbTF email=fsimon@student.unipu.hr ts=1777718447650 status=FACE_DETECTED
2026-05-17 16:16:45,116 [INFO] ANALYZED exam=tQoHDQTrz1iAzcfYrbTF email=fsimon@student.unipu.hr ts=1777718449327 status=FACE_DETECTED
2026-05-17 16:16:46,252 [INFO] ANALYZED exam=tQoHDQTrz1iAzcfYrbTF email=fsimon@student.unipu.hr ts=1777718457861 status=FACE_DETECTED
2026-05-17 16:16:47,415 [INFO] ANALYZED exam=tQoHDQTrz1iAzcfYrbTF email=fsimon@student.unipu.hr ts=1777718463539 status=FACE_DETECTED
2026-05-17 16:16:48,552 [INFO] ANALYZED exam=tQoHDQTrz1iAzcfYrbTF email=fsimon@student.unipu.hr ts=1777718474065 status=FACE_DETECTED
2026-05-17 16:16:49,697 [INFO] ANALYZED exam=tQoHDQTrz1iAzcfYrbTF email=fsimon@student.unipu.hr ts=1777718478756 status=FACE_DETECTED
2026-05-17 16:16:50,824 [INFO] ANALYZED exam=tQoHDQTrz1iAzcfYrbTF email=fsimon@student.unipu.hr ts=1777718481290 status=FACE_DETECTED
2026-05-17 16:16:51,977 [INFO] ANALYZED exam=tQoHDQTrz1iAzcfYrbTF email=fsimon@student.unipu.hr ts=1777718489819 status=FACE_DETECTED
2026-05-17 16:16:53,119 [INFO] ANALYZED exam=tQoHDQTrz1iAzcfYrbTF email=fsimon@student.unipu.hr ts=1777718500545 status=FACE_DETECTED
2026-05-17 16:16:54,253 [INFO] ANALYZED exam=tQoHDQTrz1iAzcfYrbTF email=fsimon@student.unipu.hr ts=1777718506241 status=FACE_DETECTED
2026-05-17 16:16:55,389 [INFO] ANALYZED exam=tQoHDQTrz1iAzcfYrbTF email=fsimon@student.unipu.hr ts=1777718509766 status=FACE_DETECTED
2026-05-17 16:16:56,538 [INFO] ANALYZED exam=tQoHDQTrz1iAzcfYrbTF email=fsimon@student.unipu.hr ts=1777718518308 status=FACE_DETECTED
2026-05-17 16:16:57,681 [INFO] ANALYZED exam=tQoHDQTrz1iAzcfYrbTF email=fsimon@student.unipu.hr ts=1777718519973 status=FACE_DETECTED
2026-05-17 16:16:58,826 [INFO] ANALYZED exam=tQoHDQTrz1iAzcfYrbTF email=fsimon@student.unipu.hr ts=1777718530498 status=FACE_DETECTED
2026-05-17 16:16:59,980 [INFO] ANALYZED exam=tQoHDQTrz1iAzcfYrbTF email=fsimon@student.unipu.hr ts=1777718532192 status=FACE_DETECTED
2026-05-17 16:17:01,113 [INFO] ANALYZED exam=tQoHDQTrz1iAzcfYrbTF email=fsimon@student.unipu.hr ts=1777718540708 status=FACE_DETECTED
2026-05-17 16:17:02,244 [INFO] ANALYZED exam=tQoHDQTrz1iAzcfYrbTF email=fsimon@student.unipu.hr ts=1777718543397 status=FACE_DETECTED
2026-05-17 16:17:03,386 [INFO] ANALYZED exam=tQoHDQTrz1iAzcfYrbTF email=fsimon@student.unipu.hr ts=1777718544908 status=FACE_DETECTED
2026-05-17 16:17:04,520 [INFO] ANALYZED exam=tQoHDQTrz1iAzcfYrbTF email=fsimon@student.unipu.hr ts=1777718547426 status=FACE_DETECTED
2026-05-17 16:17:05,661 [INFO] ANALYZED exam=tQoHDQTrz1iAzcfYrbTF email=fsimon@student.unipu.hr ts=1777718556954 status=FACE_DETECTED
2026-05-17 16:17:06,799 [INFO] ANALYZED exam=tQoHDQTrz1iAzcfYrbTF email=fsimon@student.unipu.hr ts=1777718563635 status=FACE_DETECTED
2026-05-17 16:17:07,964 [INFO] ANALYZED exam=tQoHDQTrz1iAzcfYrbTF email=fsimon@student.unipu.hr ts=1777718571336 status=FACE_DETECTED
2026-05-17 16:17:09,122 [INFO] ANALYZED exam=tQoHDQTrz1iAzcfYrbTF email=fsimon@student.unipu.hr ts=1777718582027 status=FACE_DETECTED
2026-05-17 16:17:10,259 [INFO] ANALYZED exam=tQoHDQTrz1iAzcfYrbTF email=fsimon@student.unipu.hr ts=1777718588706 status=FACE_DETECTED
2026-05-17 16:17:11,395 [INFO] ANALYZED exam=tQoHDQTrz1iAzcfYrbTF email=fsimon@student.unipu.hr ts=1777718594400 status=FACE_DETECTED
2026-05-17 16:17:12,527 [INFO] ANALYZED exam=tQoHDQTrz1iAzcfYrbTF email=fsimon@student.unipu.hr ts=1777718597952 status=FACE_DETECTED
2026-05-17 16:17:13,651 [INFO] ANALYZED exam=tQoHDQTrz1iAzcfYrbTF email=fsimon@student.unipu.hr ts=1777718603491 status=FACE_DETECTED
2026-05-17 16:17:14,809 [INFO] ANALYZED exam=tQoHDQTrz1iAzcfYrbTF email=fsimon@student.unipu.hr ts=1777718607032 status=FACE_DETECTED
2026-05-17 16:17:15,948 [INFO] ANALYZED exam=tQoHDQTrz1iAzcfYrbTF email=fsimon@student.unipu.hr ts=1777718617589 status=FACE_DETECTED
2026-05-17 16:17:17,118 [INFO] ANALYZED exam=tQoHDQTrz1iAzcfYrbTF email=fsimon@student.unipu.hr ts=1777718627268 status=FACE_DETECTED
2026-05-17 16:17:18,257 [INFO] ANALYZED exam=tQoHDQTrz1iAzcfYrbTF email=fsimon@student.unipu.hr ts=1777718634947 status=FACE_DETECTED
2026-05-17 16:17:19,412 [INFO] ANALYZED exam=tQoHDQTrz1iAzcfYrbTF email=fsimon@student.unipu.hr ts=1777718638622 status=FACE_DETECTED
2026-05-17 16:17:20,540 [INFO] ANALYZED exam=tQoHDQTrz1iAzcfYrbTF email=fsimon@student.unipu.hr ts=1777718648141 status=FACE_DETECTED
2026-05-17 16:17:21,696 [INFO] ANALYZED exam=tQoHDQTrz1iAzcfYrbTF email=fsimon@student.unipu.hr ts=1777718656822 status=FACE_DETECTED
2026-05-17 16:17:22,845 [INFO] ANALYZED exam=tQoHDQTrz1iAzcfYrbTF email=fsimon@student.unipu.hr ts=1777718665537 status=FACE_DETECTED
2026-05-17 16:17:23,979 [INFO] ANALYZED exam=tQoHDQTrz1iAzcfYrbTF email=fsimon@student.unipu.hr ts=1777718668208 status=FACE_DETECTED
2026-05-17 16:17:25,153 [INFO] ANALYZED exam=tQoHDQTrz1iAzcfYrbTF email=fsimon@student.unipu.hr ts=1777718670710 status=FACE_DETECTED
2026-05-17 16:17:26,299 [INFO] ANALYZED exam=tQoHDQTrz1iAzcfYrbTF email=fsimon@student.unipu.hr ts=1777718680218 status=FACE_DETECTED
2026-05-17 16:17:27,427 [INFO] ANALYZED exam=tQoHDQTrz1iAzcfYrbTF email=fsimon@student.unipu.hr ts=1777718681898 status=FACE_DETECTED
2026-05-17 16:17:28,559 [INFO] ANALYZED exam=tQoHDQTrz1iAzcfYrbTF email=fsimon@student.unipu.hr ts=1777718687424 status=FACE_DETECTED
2026-05-17 16:17:29,694 [INFO] ANALYZED exam=tQoHDQTrz1iAzcfYrbTF email=fsimon@student.unipu.hr ts=1777718694942 status=FACE_DETECTED
2026-05-17 16:17:30,857 [INFO] ANALYZED exam=tQoHDQTrz1iAzcfYrbTF email=fsimon@student.unipu.hr ts=1777718700628 status=FACE_DETECTED
2026-05-17 16:17:31,995 [INFO] ANALYZED exam=tQoHDQTrz1iAzcfYrbTF email=fsimon@student.unipu.hr ts=1777718704162 status=FACE_DETECTED
2026-05-17 16:17:33,137 [INFO] ANALYZED exam=tQoHDQTrz1iAzcfYrbTF email=fsimon@student.unipu.hr ts=1777718709674 status=FACE_DETECTED
2026-05-17 16:17:34,286 [INFO] ANALYZED exam=tQoHDQTrz1iAzcfYrbTF email=fsimon@student.unipu.hr ts=1777718717199 status=FACE_DETECTED
2026-05-17 16:17:35,456 [INFO] ANALYZED exam=tQoHDQTrz1iAzcfYrbTF email=fsimon@student.unipu.hr ts=1777718718903 status=FACE_DETECTED
2026-05-17 16:17:36,586 [INFO] ANALYZED exam=tQoHDQTrz1iAzcfYrbTF email=fsimon@student.unipu.hr ts=1777718725467 status=FACE_DETECTED
2026-05-17 16:17:37,760 [INFO] ANALYZED exam=tQoHDQTrz1iAzcfYrbTF email=fsimon@student.unipu.hr ts=1777718729134 status=FACE_DETECTED
2026-05-17 16:17:38,907 [INFO] ANALYZED exam=tQoHDQTrz1iAzcfYrbTF email=fsimon@student.unipu.hr ts=1777718736666 status=FACE_DETECTED
2026-05-17 16:17:40,034 [INFO] ANALYZED exam=tQoHDQTrz1iAzcfYrbTF email=fsimon@student.unipu.hr ts=1777718739324 status=FACE_DETECTED
2026-05-17 16:17:41,166 [INFO] ANALYZED exam=tQoHDQTrz1iAzcfYrbTF email=fsimon@student.unipu.hr ts=1777718744827 status=FACE_DETECTED
2026-05-17 16:17:42,318 [INFO] ANALYZED exam=tQoHDQTrz1iAzcfYrbTF email=fsimon@student.unipu.hr ts=1777718749381 status=FACE_DETECTED
2026-05-17 16:17:43,455 [INFO] ANALYZED exam=tQoHDQTrz1iAzcfYrbTF email=fsimon@student.unipu.hr ts=1777718751897 status=FACE_DETECTED
2026-05-17 16:17:44,590 [INFO] ANALYZED exam=tQoHDQTrz1iAzcfYrbTF email=fsimon@student.unipu.hr ts=1777718760442 status=FACE_DETECTED
2026-05-17 16:17:45,710 [INFO] ANALYZED exam=tQoHDQTrz1iAzcfYrbTF email=fsimon@student.unipu.hr ts=1777718763149 status=FACE_DETECTED
2026-05-17 16:17:46,852 [INFO] ANALYZED exam=tQoHDQTrz1iAzcfYrbTF email=fsimon@student.unipu.hr ts=1777718764657 status=FACE_DETECTED
2026-05-17 16:17:47,980 [INFO] ANALYZED exam=tQoHDQTrz1iAzcfYrbTF email=fsimon@student.unipu.hr ts=1777718769178 status=FACE_DETECTED
2026-05-17 16:17:49,117 [INFO] ANALYZED exam=tQoHDQTrz1iAzcfYrbTF email=fsimon@student.unipu.hr ts=1777718778692 status=FACE_DETECTED
2026-05-17 16:17:50,258 [INFO] ANALYZED exam=tQoHDQTrz1iAzcfYrbTF email=fsimon@student.unipu.hr ts=1777718789377 status=FACE_DETECTED
2026-05-17 16:17:51,400 [INFO] ANALYZED exam=tQoHDQTrz1iAzcfYrbTF email=fsimon@student.unipu.hr ts=1777718799088 status=FACE_DETECTED
2026-05-17 16:17:52,551 [INFO] ANALYZED exam=tQoHDQTrz1iAzcfYrbTF email=fsimon@student.unipu.hr ts=1777718807781 status=FACE_DETECTED
2026-05-17 16:17:53,697 [INFO] ANALYZED exam=tQoHDQTrz1iAzcfYrbTF email=fsimon@student.unipu.hr ts=1777718815458 status=FACE_DETECTED
2026-05-17 16:17:54,843 [INFO] ANALYZED exam=tQoHDQTrz1iAzcfYrbTF email=fsimon@student.unipu.hr ts=1777718826147 status=FACE_DETECTED
2026-05-17 16:17:55,973 [INFO] ANALYZED exam=tQoHDQTrz1iAzcfYrbTF email=fsimon@student.unipu.hr ts=1777718828848 status=FACE_DETECTED
2026-05-17 16:17:57,133 [INFO] ANALYZED exam=tQoHDQTrz1iAzcfYrbTF email=fsimon@student.unipu.hr ts=1777718830374 status=FACE_DETECTED
2026-05-17 16:17:58,289 [INFO] ANALYZED exam=tQoHDQTrz1iAzcfYrbTF email=fsimon@student.unipu.hr ts=1777718833887 status=FACE_DETECTED
2026-05-17 16:17:59,433 [INFO] ANALYZED exam=tQoHDQTrz1iAzcfYrbTF email=fsimon@student.unipu.hr ts=1777718839409 status=FACE_DETECTED
2026-05-17 16:18:00,589 [INFO] ANALYZED exam=tQoHDQTrz1iAzcfYrbTF email=fsimon@student.unipu.hr ts=1777718840952 status=FACE_DETECTED
2026-05-17 16:18:01,732 [INFO] ANALYZED exam=tQoHDQTrz1iAzcfYrbTF email=fsimon@student.unipu.hr ts=1777718850465 status=FACE_DETECTED
2026-05-17 16:18:02,733 [INFO] ANALYZE_STOP reason=busy processed=72
2026-05-17 16:18:02,958 [INFO] BATCH_WRITE items=72
2026-05-17 16:18:13,959 [INFO] LOAD cpu=1.3% mem=+-0.1% req_rate=0.00/min idle=True
2026-05-17 16:18:13,960 [INFO] ANALYZE_BEGIN n_pending=2626
2026-05-17 16:18:15,307 [INFO] ANALYZED exam=tQoHDQTrz1iAzcfYrbTF email=fsimon@student.unipu.hr ts=1777718859197 status=FACE_DETECTED
2026-05-17 16:18:16,479 [INFO] ANALYZED exam=tQoHDQTrz1iAzcfYrbTF email=fsimon@student.unipu.hr ts=1777718867924 status=FACE_DETECTED
2026-05-17 16:18:17,621 [INFO] ANALYZED exam=tQoHDQTrz1iAzcfYrbTF email=fsimon@student.unipu.hr ts=1777718877605 status=FACE_DETECTED
2026-05-17 16:18:18,752 [INFO] ANALYZED exam=tQoHDQTrz1iAzcfYrbTF email=fsimon@student.unipu.hr ts=1777718885305 status=FACE_DETECTED
2026-05-17 16:18:19,881 [INFO] ANALYZED exam=tQoHDQTrz1iAzcfYrbTF email=fsimon@student.unipu.hr ts=1777718891971 status=FACE_DETECTED
2026-05-17 16:18:21,026 [INFO] ANALYZED exam=tQoHDQTrz1iAzcfYrbTF email=fsimon@student.unipu.hr ts=1777718896686 status=FACE_DETECTED
2026-05-17 16:18:22,159 [INFO] ANALYZED exam=tQoHDQTrz1iAzcfYrbTF email=fsimon@student.unipu.hr ts=1777718903237 status=FACE_DETECTED
2026-05-17 16:18:23,320 [INFO] ANALYZED exam=tQoHDQTrz1iAzcfYrbTF email=fsimon@student.unipu.hr ts=1777718906880 status=FACE_DETECTED
2026-05-17 16:18:24,454 [INFO] ANALYZED exam=tQoHDQTrz1iAzcfYrbTF email=fsimon@student.unipu.hr ts=1777718911404 status=FACE_DETECTED
2026-05-17 16:18:25,578 [INFO] ANALYZED exam=tQoHDQTrz1iAzcfYrbTF email=fsimon@student.unipu.hr ts=1777718917911 status=FACE_DETECTED
2026-05-17 16:18:26,728 [INFO] ANALYZED exam=tQoHDQTrz1iAzcfYrbTF email=fsimon@student.unipu.hr ts=1777718920591 status=FACE_DETECTED
2026-05-17 16:18:27,879 [INFO] ANALYZED exam=tQoHDQTrz1iAzcfYrbTF email=fsimon@student.unipu.hr ts=1777718925098 status=FACE_DETECTED
2026-05-17 16:18:29,006 [INFO] ANALYZED exam=tQoHDQTrz1iAzcfYrbTF email=fsimon@student.unipu.hr ts=1777718930624 status=FACE_DETECTED
2026-05-17 16:18:30,133 [INFO] ANALYZED exam=tQoHDQTrz1iAzcfYrbTF email=fsimon@student.unipu.hr ts=1777718934124 status=FACE_DETECTED
2026-05-17 16:18:31,275 [INFO] ANALYZED exam=tQoHDQTrz1iAzcfYrbTF email=fsimon@student.unipu.hr ts=1777718935656 status=FACE_DETECTED
2026-05-17 16:18:32,432 [INFO] ANALYZED exam=tQoHDQTrz1iAzcfYrbTF email=fsimon@student.unipu.hr ts=1777718938176 status=FACE_DETECTED
2026-05-17 16:18:33,583 [INFO] ANALYZED exam=tQoHDQTrz1iAzcfYrbTF email=fsimon@student.unipu.hr ts=1777718939725 status=FACE_DETECTED
2026-05-17 16:18:34,729 [INFO] ANALYZED exam=tQoHDQTrz1iAzcfYrbTF email=fsimon@student.unipu.hr ts=1777718947250 status=FACE_DETECTED
2026-05-17 16:18:35,857 [INFO] ANALYZED exam=tQoHDQTrz1iAzcfYrbTF email=fsimon@student.unipu.hr ts=1777718949940 status=FACE_DETECTED
2026-05-17 16:18:37,002 [INFO] ANALYZED exam=tQoHDQTrz1iAzcfYrbTF email=fsimon@student.unipu.hr ts=1777718954479 status=FACE_DETECTED
2026-05-17 16:18:38,144 [INFO] ANALYZED exam=tQoHDQTrz1iAzcfYrbTF email=fsimon@student.unipu.hr ts=1777718962030 status=FACE_DETECTED
2026-05-17 16:18:39,281 [INFO] ANALYZED exam=tQoHDQTrz1iAzcfYrbTF email=fsimon@student.unipu.hr ts=1777718966704 status=FACE_DETECTED
2026-05-17 16:18:40,426 [INFO] ANALYZED exam=tQoHDQTrz1iAzcfYrbTF email=fsimon@student.unipu.hr ts=1777718976212 status=FACE_DETECTED
2026-05-17 16:18:41,565 [INFO] ANALYZED exam=tQoHDQTrz1iAzcfYrbTF email=fsimon@student.unipu.hr ts=1777718979905 status=FACE_DETECTED
2026-05-17 16:18:42,690 [INFO] ANALYZED exam=tQoHDQTrz1iAzcfYrbTF email=fsimon@student.unipu.hr ts=1777718986426 status=FACE_DETECTED
2026-05-17 16:18:43,834 [INFO] ANALYZED exam=tQoHDQTrz1iAzcfYrbTF email=fsimon@student.unipu.hr ts=1777718992083 status=FACE_DETECTED
2026-05-17 16:18:44,960 [INFO] ANALYZED exam=tQoHDQTrz1iAzcfYrbTF email=fsimon@student.unipu.hr ts=1777718999617 status=FACE_DETECTED
2026-05-17 16:18:46,094 [INFO] ANALYZED exam=tQoHDQTrz1iAzcfYrbTF email=fsimon@student.unipu.hr ts=1777719006311 status=FACE_DETECTED
2026-05-17 16:18:47,209 [INFO] ANALYZED exam=tQoHDQTrz1iAzcfYrbTF email=fsimon@student.unipu.hr ts=1777719012945 status=FACE_DETECTED
2026-05-17 16:18:48,358 [INFO] ANALYZED exam=tQoHDQTrz1iAzcfYrbTF email=fsimon@student.unipu.hr ts=1777719016617 status=FACE_DETECTED
2026-05-17 16:18:49,504 [INFO] ANALYZED exam=tQoHDQTrz1iAzcfYrbTF email=fsimon@student.unipu.hr ts=1777719026153 status=FACE_DETECTED
2026-05-17 16:18:50,667 [INFO] ANALYZED exam=tQoHDQTrz1iAzcfYrbTF email=fsimon@student.unipu.hr ts=1777719033825 status=FACE_DETECTED
2026-05-17 16:18:51,839 [INFO] ANALYZED exam=tQoHDQTrz1iAzcfYrbTF email=fsimon@student.unipu.hr ts=1777719041530 status=FACE_DETECTED
2026-05-17 16:18:52,971 [INFO] ANALYZED exam=tQoHDQTrz1iAzcfYrbTF email=fsimon@student.unipu.hr ts=1777719048208 status=FACE_DETECTED
2026-05-17 16:18:54,127 [INFO] ANALYZED exam=tQoHDQTrz1iAzcfYrbTF email=fsimon@student.unipu.hr ts=1777719054738 status=FACE_DETECTED
2026-05-17 16:18:55,248 [INFO] ANALYZED exam=tQoHDQTrz1iAzcfYrbTF email=fsimon@student.unipu.hr ts=1777719064408 status=FACE_DETECTED
2026-05-17 16:18:56,387 [INFO] ANALYZED exam=tQoHDQTrz1iAzcfYrbTF email=fsimon@student.unipu.hr ts=1777719071146 status=FACE_DETECTED
2026-05-17 16:18:57,532 [INFO] ANALYZED exam=tQoHDQTrz1iAzcfYrbTF email=fsimon@student.unipu.hr ts=1777719080815 status=FACE_DETECTED
2026-05-17 16:18:58,673 [INFO] ANALYZED exam=tQoHDQTrz1iAzcfYrbTF email=fsimon@student.unipu.hr ts=1777719090489 status=FACE_DETECTED
2026-05-17 16:18:59,809 [INFO] ANALYZED exam=tQoHDQTrz1iAzcfYrbTF email=fsimon@student.unipu.hr ts=1777719092138 status=FACE_DETECTED
2026-05-17 16:19:00,963 [INFO] ANALYZED exam=tQoHDQTrz1iAzcfYrbTF email=fsimon@student.unipu.hr ts=1777719102661 status=FACE_DETECTED
2026-05-17 16:19:02,093 [INFO] ANALYZED exam=tQoHDQTrz1iAzcfYrbTF email=fsimon@student.unipu.hr ts=1777719105356 status=FACE_DETECTED
2026-05-17 16:19:03,225 [INFO] ANALYZED exam=tQoHDQTrz1iAzcfYrbTF email=fsimon@student.unipu.hr ts=1777719108887 status=FACE_DETECTED
2026-05-17 16:19:04,392 [INFO] ANALYZED exam=tQoHDQTrz1iAzcfYrbTF email=fsimon@student.unipu.hr ts=1777719112428 status=FACE_DETECTED
2026-05-17 16:19:05,530 [INFO] ANALYZED exam=tQoHDQTrz1iAzcfYrbTF email=fsimon@student.unipu.hr ts=1777719122950 status=FACE_DETECTED
2026-05-17 16:19:06,664 [INFO] ANALYZED exam=tQoHDQTrz1iAzcfYrbTF email=fsimon@student.unipu.hr ts=1777719128629 status=FACE_DETECTED
2026-05-17 16:19:07,665 [INFO] ANALYZE_STOP reason=busy processed=46
2026-05-17 16:19:07,892 [INFO] BATCH_WRITE items=46
2026-05-17 16:19:18,893 [INFO] LOAD cpu=2.2% mem=+-0.4% req_rate=0.00/min idle=True
2026-05-17 16:19:18,893 [INFO] ANALYZE_BEGIN n_pending=2580
2026-05-17 16:19:20,221 [INFO] ANALYZED exam=tQoHDQTrz1iAzcfYrbTF email=fsimon@student.unipu.hr ts=1777719130155 status=FACE_DETECTED
2026-05-17 16:19:21,397 [INFO] ANALYZED exam=tQoHDQTrz1iAzcfYrbTF email=fsimon@student.unipu.hr ts=1777719135692 status=FACE_DETECTED
2026-05-17 16:19:22,529 [INFO] ANALYZED exam=tQoHDQTrz1iAzcfYrbTF email=fsimon@student.unipu.hr ts=1777719138242 status=FACE_DETECTED
2026-05-17 16:19:23,663 [INFO] ANALYZED exam=tQoHDQTrz1iAzcfYrbTF email=fsimon@student.unipu.hr ts=1777719146812 status=FACE_DETECTED
2026-05-17 16:19:24,806 [INFO] ANALYZED exam=tQoHDQTrz1iAzcfYrbTF email=fsimon@student.unipu.hr ts=1777719150488 status=FACE_DETECTED
2026-05-17 16:19:25,935 [INFO] ANALYZED exam=tQoHDQTrz1iAzcfYrbTF email=fsimon@student.unipu.hr ts=1777719160017 status=FACE_DETECTED
2026-05-17 16:19:27,074 [INFO] ANALYZED exam=tQoHDQTrz1iAzcfYrbTF email=fsimon@student.unipu.hr ts=1777719169700 status=FACE_DETECTED
2026-05-17 16:19:28,220 [INFO] ANALYZED exam=tQoHDQTrz1iAzcfYrbTF email=fsimon@student.unipu.hr ts=1777719180380 status=FACE_DETECTED
2026-05-17 16:19:29,373 [INFO] ANALYZED exam=tQoHDQTrz1iAzcfYrbTF email=fsimon@student.unipu.hr ts=1777719185051 status=FACE_DETECTED
2026-05-17 16:19:30,519 [INFO] ANALYZED exam=tQoHDQTrz1iAzcfYrbTF email=fsimon@student.unipu.hr ts=1777719192559 status=FACE_DETECTED
2026-05-17 16:19:31,654 [INFO] ANALYZED exam=tQoHDQTrz1iAzcfYrbTF email=fsimon@student.unipu.hr ts=1777719194240 status=FACE_DETECTED
2026-05-17 16:19:32,789 [INFO] ANALYZED exam=tQoHDQTrz1iAzcfYrbTF email=hgrbesa@student.unipu.hr ts=1777819344616 status=FACE_DETECTED
2026-05-17 16:19:33,931 [INFO] ANALYZED exam=tQoHDQTrz1iAzcfYrbTF email=hgrbesa@student.unipu.hr ts=1777819352561 status=FACE_DETECTED
2026-05-17 16:19:35,049 [INFO] ANALYZED exam=tQoHDQTrz1iAzcfYrbTF email=hgrbesa@student.unipu.hr ts=1777819355263 status=FACE_DETECTED
2026-05-17 16:19:36,177 [INFO] ANALYZED exam=tQoHDQTrz1iAzcfYrbTF email=hgrbesa@student.unipu.hr ts=1777819364837 status=FACE_DETECTED
2026-05-17 16:19:37,326 [INFO] ANALYZED exam=tQoHDQTrz1iAzcfYrbTF email=hgrbesa@student.unipu.hr ts=1777819372457 status=FACE_DETECTED
2026-05-17 16:19:38,461 [INFO] ANALYZED exam=tQoHDQTrz1iAzcfYrbTF email=hgrbesa@student.unipu.hr ts=1777819379028 status=FACE_DETECTED
2026-05-17 16:19:39,598 [INFO] ANALYZED exam=tQoHDQTrz1iAzcfYrbTF email=hgrbesa@student.unipu.hr ts=1777819381609 status=FACE_DETECTED
2026-05-17 16:19:40,727 [INFO] ANALYZED exam=tQoHDQTrz1iAzcfYrbTF email=hgrbesa@student.unipu.hr ts=1777819386182 status=FACE_DETECTED
2026-05-17 16:19:41,866 [INFO] ANALYZED exam=tQoHDQTrz1iAzcfYrbTF email=hgrbesa@student.unipu.hr ts=1777819387771 status=FACE_DETECTED
2026-05-17 16:19:43,015 [INFO] ANALYZED exam=tQoHDQTrz1iAzcfYrbTF email=hgrbesa@student.unipu.hr ts=1777819390347 status=FACE_DETECTED
2026-05-17 16:19:44,016 [INFO] ANALYZE_STOP reason=busy processed=21
2026-05-17 16:19:44,145 [INFO] BATCH_WRITE items=21
2026-05-17 16:19:55,146 [INFO] LOAD cpu=1.4% mem=+-0.5% req_rate=0.00/min idle=True
2026-05-17 16:19:55,146 [INFO] ANALYZE_BEGIN n_pending=2559
2026-05-17 16:19:56,437 [INFO] ANALYZED exam=tQoHDQTrz1iAzcfYrbTF email=hgrbesa@student.unipu.hr ts=1777819396867 status=FACE_DETECTED
2026-05-17 16:19:57,574 [INFO] ANALYZED exam=tQoHDQTrz1iAzcfYrbTF email=hgrbesa@student.unipu.hr ts=1777819400471 status=FACE_DETECTED
2026-05-17 16:19:58,762 [INFO] ANALYZED exam=tQoHDQTrz1iAzcfYrbTF email=hgrbesa@student.unipu.hr ts=1777819403044 status=FACE_DETECTED
2026-05-17 16:19:59,904 [INFO] ANALYZED exam=tQoHDQTrz1iAzcfYrbTF email=hgrbesa@student.unipu.hr ts=1777819409638 status=FACE_DETECTED
2026-05-17 16:20:00,905 [INFO] ANALYZE_STOP reason=busy processed=4
2026-05-17 16:20:01,036 [INFO] BATCH_WRITE items=4
2026-05-17 16:20:12,037 [INFO] LOAD cpu=2.0% mem=+-0.5% req_rate=0.00/min idle=True
2026-05-17 16:20:12,038 [INFO] ANALYZE_BEGIN n_pending=2555
2026-05-17 16:20:13,383 [INFO] ANALYZED exam=tQoHDQTrz1iAzcfYrbTF email=hgrbesa@student.unipu.hr ts=1777819418199 status=FACE_DETECTED
2026-05-17 16:20:14,498 [INFO] ANALYZED exam=tQoHDQTrz1iAzcfYrbTF email=hgrbesa@student.unipu.hr ts=1777819421779 status=FACE_DETECTED
2026-05-17 16:20:15,631 [INFO] ANALYZED exam=tQoHDQTrz1iAzcfYrbTF email=hgrbesa@student.unipu.hr ts=1777819425354 status=FACE_DETECTED
2026-05-17 16:20:16,632 [INFO] ANALYZE_STOP reason=busy processed=3
2026-05-17 16:20:16,741 [INFO] BATCH_WRITE items=3
2026-05-17 16:20:31,330 [INFO] LOAD cpu=1.8% mem=+-0.6% req_rate=0.00/min idle=True
2026-05-17 16:20:31,330 [INFO] ANALYZE_BEGIN n_pending=2552
2026-05-17 16:20:32,491 [INFO] ANALYZED exam=tQoHDQTrz1iAzcfYrbTF email=hgrbesa@student.unipu.hr ts=1777819427958 status=FACE_DETECTED
2026-05-17 16:20:33,624 [INFO] ANALYZED exam=tQoHDQTrz1iAzcfYrbTF email=hgrbesa@student.unipu.hr ts=1777819431532 status=FACE_DETECTED
2026-05-17 16:20:34,769 [INFO] ANALYZED exam=tQoHDQTrz1iAzcfYrbTF email=hgrbesa@student.unipu.hr ts=1777819437129 status=FACE_DETECTED
2026-05-17 16:20:35,923 [INFO] ANALYZED exam=tQoHDQTrz1iAzcfYrbTF email=hgrbesa@student.unipu.hr ts=1777819444710 status=FACE_DETECTED
2026-05-17 16:20:37,062 [INFO] ANALYZED exam=tQoHDQTrz1iAzcfYrbTF email=hgrbesa@student.unipu.hr ts=1777819447431 status=FACE_DETECTED
2026-05-17 16:20:38,184 [INFO] ANALYZED exam=tQoHDQTrz1iAzcfYrbTF email=hgrbesa@student.unipu.hr ts=1777819457101 status=FACE_DETECTED
2026-05-17 16:20:39,316 [INFO] ANALYZED exam=tQoHDQTrz1iAzcfYrbTF email=hgrbesa@student.unipu.hr ts=1777819467636 status=FACE_DETECTED
2026-05-17 16:20:40,437 [INFO] ANALYZED exam=tQoHDQTrz1iAzcfYrbTF email=hgrbesa@student.unipu.hr ts=1777819475486 status=FACE_DETECTED
2026-05-17 16:20:41,572 [INFO] ANALYZED exam=tQoHDQTrz1iAzcfYrbTF email=hgrbesa@student.unipu.hr ts=1777819480011 status=FACE_DETECTED
2026-05-17 16:20:42,702 [INFO] ANALYZED exam=tQoHDQTrz1iAzcfYrbTF email=hgrbesa@student.unipu.hr ts=1777819481606 status=FACE_DETECTED
2026-05-17 16:20:43,857 [INFO] ANALYZED exam=tQoHDQTrz1iAzcfYrbTF email=hgrbesa@student.unipu.hr ts=1777819483206 status=FACE_DETECTED
2026-05-17 16:20:44,992 [INFO] ANALYZED exam=tQoHDQTrz1iAzcfYrbTF email=hgrbesa@student.unipu.hr ts=1777819488778 status=FACE_DETECTED
2026-05-17 16:20:46,113 [INFO] ANALYZED exam=tQoHDQTrz1iAzcfYrbTF email=hgrbesa@student.unipu.hr ts=1777819491367 status=FACE_DETECTED
2026-05-17 16:20:47,270 [INFO] ANALYZED exam=tQoHDQTrz1iAzcfYrbTF email=hgrbesa@student.unipu.hr ts=1777819499945 status=FACE_DETECTED
2026-05-17 16:20:48,272 [INFO] ANALYZE_STOP reason=busy processed=14
2026-05-17 16:20:48,385 [INFO] BATCH_WRITE items=14
2026-05-17 16:20:59,386 [INFO] LOAD cpu=1.3% mem=+-0.7% req_rate=0.00/min idle=True
2026-05-17 16:20:59,387 [INFO] ANALYZE_BEGIN n_pending=2538
2026-05-17 16:21:00,737 [INFO] ANALYZED exam=tQoHDQTrz1iAzcfYrbTF email=hgrbesa@student.unipu.hr ts=1777819506701 status=FACE_DETECTED
2026-05-17 16:21:01,888 [INFO] ANALYZED exam=tQoHDQTrz1iAzcfYrbTF email=hgrbesa@student.unipu.hr ts=1777819511307 status=FACE_DETECTED
2026-05-17 16:21:03,050 [INFO] ANALYZED exam=tQoHDQTrz1iAzcfYrbTF email=hgrbesa@student.unipu.hr ts=1777819519873 status=FACE_DETECTED
2026-05-17 16:21:04,189 [INFO] ANALYZED exam=tQoHDQTrz1iAzcfYrbTF email=hgrbesa@student.unipu.hr ts=1777819530570 status=FACE_DETECTED
2026-05-17 16:21:05,314 [INFO] ANALYZED exam=tQoHDQTrz1iAzcfYrbTF email=hgrbesa@student.unipu.hr ts=1777819539336 status=FACE_DETECTED
2026-05-17 16:21:06,470 [INFO] ANALYZED exam=tQoHDQTrz1iAzcfYrbTF email=hgrbesa@student.unipu.hr ts=1777819542072 status=FACE_DETECTED
2026-05-17 16:21:07,619 [INFO] ANALYZED exam=tQoHDQTrz1iAzcfYrbTF email=hgrbesa@student.unipu.hr ts=1777819549646 status=FACE_DETECTED
2026-05-17 16:21:08,740 [INFO] ANALYZED exam=tQoHDQTrz1iAzcfYrbTF email=hgrbesa@student.unipu.hr ts=1777819560358 status=FACE_DETECTED
2026-05-17 16:21:09,865 [INFO] ANALYZED exam=tQoHDQTrz1iAzcfYrbTF email=hgrbesa@student.unipu.hr ts=1777819566092 status=FACE_DETECTED
2026-05-17 16:21:10,999 [INFO] ANALYZED exam=tQoHDQTrz1iAzcfYrbTF email=hgrbesa@student.unipu.hr ts=1777819574710 status=FACE_DETECTED
2026-05-17 16:21:12,127 [INFO] ANALYZED exam=tQoHDQTrz1iAzcfYrbTF email=hgrbesa@student.unipu.hr ts=1777819581463 status=FACE_DETECTED
2026-05-17 16:21:13,292 [INFO] ANALYZED exam=tQoHDQTrz1iAzcfYrbTF email=hgrbesa@student.unipu.hr ts=1777819588167 status=FACE_DETECTED
2026-05-17 16:21:14,417 [INFO] ANALYZED exam=tQoHDQTrz1iAzcfYrbTF email=hgrbesa@student.unipu.hr ts=1777819598891 status=FACE_DETECTED
2026-05-17 16:21:15,564 [INFO] ANALYZED exam=tQoHDQTrz1iAzcfYrbTF email=hgrbesa@student.unipu.hr ts=1777819604616 status=FACE_DETECTED
2026-05-17 16:21:16,698 [INFO] ANALYZED exam=tQoHDQTrz1iAzcfYrbTF email=hgrbesa@student.unipu.hr ts=1777819607227 status=FACE_DETECTED
2026-05-17 16:21:17,819 [INFO] ANALYZED exam=tQoHDQTrz1iAzcfYrbTF email=hgrbesa@student.unipu.hr ts=1777819616799 status=FACE_DETECTED
2026-05-17 16:21:18,946 [INFO] ANALYZED exam=tQoHDQTrz1iAzcfYrbTF email=hgrbesa@student.unipu.hr ts=1777819620522 status=FACE_DETECTED
2026-05-17 16:21:20,084 [INFO] ANALYZED exam=tQoHDQTrz1iAzcfYrbTF email=hgrbesa@student.unipu.hr ts=1777819625093 status=FACE_DETECTED
2026-05-17 16:21:21,085 [INFO] ANALYZE_STOP reason=busy processed=18
2026-05-17 16:21:21,201 [INFO] BATCH_WRITE items=18
2026-05-17 16:21:32,202 [INFO] LOAD cpu=3.4% mem=+-0.5% req_rate=0.00/min idle=True
2026-05-17 16:21:32,202 [INFO] ANALYZE_BEGIN n_pending=2520
2026-05-17 16:21:33,554 [INFO] ANALYZED exam=tQoHDQTrz1iAzcfYrbTF email=hgrbesa@student.unipu.hr ts=1777819629659 status=FACE_DETECTED
2026-05-17 16:21:34,698 [INFO] ANALYZED exam=tQoHDQTrz1iAzcfYrbTF email=hgrbesa@student.unipu.hr ts=1777819635257 status=FACE_DETECTED
2026-05-17 16:21:35,818 [INFO] ANALYZED exam=tQoHDQTrz1iAzcfYrbTF email=hgrbesa@student.unipu.hr ts=1777819643835 status=FACE_DETECTED
2026-05-17 16:21:36,988 [INFO] ANALYZED exam=tQoHDQTrz1iAzcfYrbTF email=hgrbesa@student.unipu.hr ts=1777819653579 status=FACE_DETECTED
2026-05-17 16:21:38,135 [INFO] ANALYZED exam=tQoHDQTrz1iAzcfYrbTF email=hgrbesa@student.unipu.hr ts=1777819662347 status=FACE_DETECTED
2026-05-17 16:21:39,255 [INFO] ANALYZED exam=tQoHDQTrz1iAzcfYrbTF email=hgrbesa@student.unipu.hr ts=1777819664073 status=FACE_DETECTED
2026-05-17 16:21:40,384 [INFO] ANALYZED exam=tQoHDQTrz1iAzcfYrbTF email=hgrbesa@student.unipu.hr ts=1777819665644 status=FACE_DETECTED
2026-05-17 16:21:41,533 [INFO] ANALYZED exam=tQoHDQTrz1iAzcfYrbTF email=hgrbesa@student.unipu.hr ts=1777819671243 status=FACE_DETECTED
2026-05-17 16:21:42,649 [INFO] ANALYZED exam=tQoHDQTrz1iAzcfYrbTF email=hgrbesa@student.unipu.hr ts=1777819681821 status=FACE_DETECTED
2026-05-17 16:21:43,780 [INFO] ANALYZED exam=tQoHDQTrz1iAzcfYrbTF email=hgrbesa@student.unipu.hr ts=1777819686558 status=FACE_DETECTED
2026-05-17 16:21:44,910 [INFO] ANALYZED exam=tQoHDQTrz1iAzcfYrbTF email=hgrbesa@student.unipu.hr ts=1777819690168 status=FACE_DETECTED
2026-05-17 16:21:46,043 [INFO] ANALYZED exam=tQoHDQTrz1iAzcfYrbTF email=hgrbesa@student.unipu.hr ts=1777819694758 status=FACE_DETECTED
2026-05-17 16:21:47,185 [INFO] ANALYZED exam=tQoHDQTrz1iAzcfYrbTF email=hgrbesa@student.unipu.hr ts=1777819698327 status=FACE_DETECTED
2026-05-17 16:21:48,303 [INFO] ANALYZED exam=tQoHDQTrz1iAzcfYrbTF email=hgrbesa@student.unipu.hr ts=1777819706897 status=FACE_DETECTED
2026-05-17 16:21:49,456 [INFO] ANALYZED exam=tQoHDQTrz1iAzcfYrbTF email=hgrbesa@student.unipu.hr ts=1777819717607 status=FACE_DETECTED
2026-05-17 16:21:50,589 [INFO] ANALYZED exam=tQoHDQTrz1iAzcfYrbTF email=hgrbesa@student.unipu.hr ts=1777819727309 status=FACE_DETECTED
2026-05-17 16:21:51,590 [INFO] ANALYZE_STOP reason=busy processed=16
2026-05-17 16:21:51,720 [INFO] BATCH_WRITE items=16
2026-05-17 16:22:02,721 [INFO] LOAD cpu=2.6% mem=+-0.7% req_rate=0.00/min idle=True
2026-05-17 16:22:02,721 [INFO] ANALYZE_BEGIN n_pending=2504
2026-05-17 16:22:04,050 [INFO] ANALYZED exam=tQoHDQTrz1iAzcfYrbTF email=hgrbesa@student.unipu.hr ts=1777819732040 status=FACE_DETECTED
2026-05-17 16:22:05,190 [INFO] ANALYZED exam=tQoHDQTrz1iAzcfYrbTF email=hgrbesa@student.unipu.hr ts=1777819740627 status=FACE_DETECTED
2026-05-17 16:22:06,191 [INFO] ANALYZE_STOP reason=busy processed=2
2026-05-17 16:22:06,304 [INFO] BATCH_WRITE items=2
2026-05-17 16:22:17,305 [INFO] LOAD cpu=3.1% mem=+-0.3% req_rate=0.00/min idle=True
2026-05-17 16:22:17,305 [INFO] ANALYZE_BEGIN n_pending=2502
2026-05-17 16:22:18,655 [INFO] ANALYZED exam=tQoHDQTrz1iAzcfYrbTF email=hgrbesa@student.unipu.hr ts=1777819745354 status=FACE_DETECTED
2026-05-17 16:22:19,780 [INFO] ANALYZED exam=tQoHDQTrz1iAzcfYrbTF email=hgrbesa@student.unipu.hr ts=1777819754915 status=FACE_DETECTED
2026-05-17 16:22:20,925 [INFO] ANALYZED exam=tQoHDQTrz1iAzcfYrbTF email=hgrbesa@student.unipu.hr ts=1777819761624 status=FACE_DETECTED
2026-05-17 16:22:22,073 [INFO] ANALYZED exam=tQoHDQTrz1iAzcfYrbTF email=hgrbesa@student.unipu.hr ts=1777819768360 status=FACE_DETECTED
2026-05-17 16:22:23,215 [INFO] ANALYZED exam=tQoHDQTrz1iAzcfYrbTF email=hgrbesa@student.unipu.hr ts=1777819776120 status=FACE_DETECTED
2026-05-17 16:22:24,374 [INFO] ANALYZED exam=tQoHDQTrz1iAzcfYrbTF email=hgrbesa@student.unipu.hr ts=1777819783830 status=FACE_DETECTED
2026-05-17 16:22:25,375 [INFO] ANALYZE_STOP reason=busy processed=6
2026-05-17 16:22:25,477 [INFO] BATCH_WRITE items=6
2026-05-17 16:22:36,478 [INFO] LOAD cpu=1.9% mem=+-0.6% req_rate=0.00/min idle=True
2026-05-17 16:22:36,478 [INFO] ANALYZE_BEGIN n_pending=2496
2026-05-17 16:22:37,725 [INFO] ANALYZED exam=tQoHDQTrz1iAzcfYrbTF email=hgrbesa@student.unipu.hr ts=1777819793568 status=NO_FACE_DETECTED
2026-05-17 16:22:38,891 [INFO] ANALYZED exam=tQoHDQTrz1iAzcfYrbTF email=hgrbesa@student.unipu.hr ts=1777819798274 status=FACE_DETECTED
2026-05-17 16:22:40,041 [INFO] ANALYZED exam=tQoHDQTrz1iAzcfYrbTF email=hgrbesa@student.unipu.hr ts=1777819801863 status=FACE_DETECTED
2026-05-17 16:22:41,179 [INFO] ANALYZED exam=tQoHDQTrz1iAzcfYrbTF email=hgrbesa@student.unipu.hr ts=1777819804439 status=FACE_DETECTED
2026-05-17 16:22:42,312 [INFO] ANALYZED exam=tQoHDQTrz1iAzcfYrbTF email=hgrbesa@student.unipu.hr ts=1777819813032 status=FACE_DETECTED
2026-05-17 16:22:43,442 [INFO] ANALYZED exam=tQoHDQTrz1iAzcfYrbTF email=hgrbesa@student.unipu.hr ts=1777819818743 status=FACE_DETECTED
2026-05-17 16:22:44,585 [INFO] ANALYZED exam=tQoHDQTrz1iAzcfYrbTF email=hgrbesa@student.unipu.hr ts=1777819826347 status=FACE_DETECTED
2026-05-17 16:22:45,725 [INFO] ANALYZED exam=tQoHDQTrz1iAzcfYrbTF email=hgrbesa@student.unipu.hr ts=1777819837115 status=FACE_DETECTED
2026-05-17 16:22:46,859 [INFO] ANALYZED exam=tQoHDQTrz1iAzcfYrbTF email=hgrbesa@student.unipu.hr ts=1777819847826 status=FACE_DETECTED
2026-05-17 16:22:47,994 [INFO] ANALYZED exam=tQoHDQTrz1iAzcfYrbTF email=hgrbesa@student.unipu.hr ts=1777819849561 status=FACE_DETECTED
2026-05-17 16:22:49,128 [INFO] ANALYZED exam=tQoHDQTrz1iAzcfYrbTF email=hgrbesa@student.unipu.hr ts=1777819854170 status=FACE_DETECTED
2026-05-17 16:22:50,263 [INFO] ANALYZED exam=tQoHDQTrz1iAzcfYrbTF email=hgrbesa@student.unipu.hr ts=1777819863766 status=FACE_DETECTED
2026-05-17 16:22:51,419 [INFO] ANALYZED exam=tQoHDQTrz1iAzcfYrbTF email=hgrbesa@student.unipu.hr ts=1777819868490 status=FACE_DETECTED
2026-05-17 16:22:52,544 [INFO] ANALYZED exam=tQoHDQTrz1iAzcfYrbTF email=hgrbesa@student.unipu.hr ts=1777819870090 status=FACE_DETECTED
2026-05-17 16:22:53,675 [INFO] ANALYZED exam=tQoHDQTrz1iAzcfYrbTF email=hgrbesa@student.unipu.hr ts=1777819873660 status=FACE_DETECTED
2026-05-17 16:22:54,835 [INFO] ANALYZED exam=tQoHDQTrz1iAzcfYrbTF email=ibozinovi@student.unipu.hr ts=1777815995759 status=FACE_DETECTED
2026-05-17 16:22:55,956 [INFO] ANALYZED exam=tQoHDQTrz1iAzcfYrbTF email=ibozinovi@student.unipu.hr ts=1777815996727 status=FACE_DETECTED
2026-05-17 16:22:57,097 [INFO] ANALYZED exam=tQoHDQTrz1iAzcfYrbTF email=ibozinovi@student.unipu.hr ts=1777816003199 status=FACE_DETECTED
2026-05-17 16:22:58,227 [INFO] ANALYZED exam=tQoHDQTrz1iAzcfYrbTF email=ibozinovi@student.unipu.hr ts=1777816004865 status=FACE_DETECTED
2026-05-17 16:22:59,369 [INFO] ANALYZED exam=tQoHDQTrz1iAzcfYrbTF email=ibozinovi@student.unipu.hr ts=1777816011423 status=FACE_DETECTED
2026-05-17 16:23:00,502 [INFO] ANALYZED exam=tQoHDQTrz1iAzcfYrbTF email=ibozinovi@student.unipu.hr ts=1777816019113 status=FACE_DETECTED
2026-05-17 16:23:01,636 [INFO] ANALYZED exam=tQoHDQTrz1iAzcfYrbTF email=ibozinovi@student.unipu.hr ts=1777816027833 status=FACE_DETECTED
2026-05-17 16:23:02,765 [INFO] ANALYZED exam=tQoHDQTrz1iAzcfYrbTF email=ibozinovi@student.unipu.hr ts=1777816038547 status=FACE_DETECTED
2026-05-17 16:23:03,898 [INFO] ANALYZED exam=tQoHDQTrz1iAzcfYrbTF email=ibozinovi@student.unipu.hr ts=1777816044221 status=FACE_DETECTED
2026-05-17 16:23:05,021 [INFO] ANALYZED exam=tQoHDQTrz1iAzcfYrbTF email=ibozinovi@student.unipu.hr ts=1777816045883 status=FACE_DETECTED
2026-05-17 16:23:06,159 [INFO] ANALYZED exam=tQoHDQTrz1iAzcfYrbTF email=ibozinovi@student.unipu.hr ts=1777816048480 status=FACE_DETECTED
2026-05-17 16:23:07,294 [INFO] ANALYZED exam=tQoHDQTrz1iAzcfYrbTF email=ibozinovi@student.unipu.hr ts=1777816052089 status=FACE_DETECTED
2026-05-17 16:23:08,452 [INFO] ANALYZED exam=tQoHDQTrz1iAzcfYrbTF email=ibozinovi@student.unipu.hr ts=1777816058628 status=FACE_DETECTED
2026-05-17 16:23:09,603 [INFO] ANALYZED exam=tQoHDQTrz1iAzcfYrbTF email=ibozinovi@student.unipu.hr ts=1777816067430 status=FACE_DETECTED
2026-05-17 16:23:10,736 [INFO] ANALYZED exam=tQoHDQTrz1iAzcfYrbTF email=ibozinovi@student.unipu.hr ts=1777816072499 status=FACE_DETECTED
2026-05-17 16:23:11,868 [INFO] ANALYZED exam=tQoHDQTrz1iAzcfYrbTF email=ibozinovi@student.unipu.hr ts=1777816083072 status=FACE_DETECTED
2026-05-17 16:23:12,986 [INFO] ANALYZED exam=tQoHDQTrz1iAzcfYrbTF email=ibozinovi@student.unipu.hr ts=1777816089773 status=FACE_DETECTED
2026-05-17 16:23:14,110 [INFO] ANALYZED exam=tQoHDQTrz1iAzcfYrbTF email=ibozinovi@student.unipu.hr ts=1777816097434 status=FACE_DETECTED
2026-05-17 16:23:15,223 [INFO] ANALYZED exam=tQoHDQTrz1iAzcfYrbTF email=ibozinovi@student.unipu.hr ts=1777816103316 status=NO_FACE_DETECTED
2026-05-17 16:23:16,352 [INFO] ANALYZED exam=tQoHDQTrz1iAzcfYrbTF email=ibozinovi@student.unipu.hr ts=1777816110866 status=FACE_DETECTED
2026-05-17 16:23:17,483 [INFO] ANALYZED exam=tQoHDQTrz1iAzcfYrbTF email=ibozinovi@student.unipu.hr ts=1777816119661 status=FACE_DETECTED
2026-05-17 16:23:18,601 [INFO] ANALYZED exam=tQoHDQTrz1iAzcfYrbTF email=ibozinovi@student.unipu.hr ts=1777816122551 status=FACE_DETECTED
2026-05-17 16:23:19,728 [INFO] ANALYZED exam=tQoHDQTrz1iAzcfYrbTF email=ibozinovi@student.unipu.hr ts=1777816130109 status=FACE_DETECTED
2026-05-17 16:23:20,885 [INFO] ANALYZED exam=tQoHDQTrz1iAzcfYrbTF email=ibozinovi@student.unipu.hr ts=1777816133047 status=FACE_DETECTED
2026-05-17 16:23:22,028 [INFO] ANALYZED exam=tQoHDQTrz1iAzcfYrbTF email=ibozinovi@student.unipu.hr ts=1777816134597 status=FACE_DETECTED
2026-05-17 16:23:23,188 [INFO] ANALYZED exam=tQoHDQTrz1iAzcfYrbTF email=ibozinovi@student.unipu.hr ts=1777816140426 status=FACE_DETECTED
2026-05-17 16:23:24,309 [INFO] ANALYZED exam=tQoHDQTrz1iAzcfYrbTF email=ibozinovi@student.unipu.hr ts=1777816149085 status=FACE_DETECTED
2026-05-17 16:23:25,456 [INFO] ANALYZED exam=tQoHDQTrz1iAzcfYrbTF email=ibozinovi@student.unipu.hr ts=1777816156824 status=FACE_DETECTED
2026-05-17 16:23:26,566 [INFO] ANALYZED exam=tQoHDQTrz1iAzcfYrbTF email=ibozinovi@student.unipu.hr ts=1777816158635 status=NO_FACE_DETECTED
2026-05-17 16:23:27,709 [INFO] ANALYZED exam=tQoHDQTrz1iAzcfYrbTF email=ibozinovi@student.unipu.hr ts=1777816164533 status=FACE_DETECTED
2026-05-17 16:23:28,844 [INFO] ANALYZED exam=tQoHDQTrz1iAzcfYrbTF email=ibozinovi@student.unipu.hr ts=1777816169154 status=FACE_DETECTED
2026-05-17 16:23:29,985 [INFO] ANALYZED exam=tQoHDQTrz1iAzcfYrbTF email=ibozinovi@student.unipu.hr ts=1777816179213 status=FACE_DETECTED
2026-05-17 16:23:31,175 [INFO] ANALYZED exam=tQoHDQTrz1iAzcfYrbTF email=ibozinovi@student.unipu.hr ts=1777816189943 status=FACE_DETECTED
2026-05-17 16:23:32,342 [INFO] ANALYZED exam=tQoHDQTrz1iAzcfYrbTF email=ibozinovi@student.unipu.hr ts=1777816192827 status=FACE_DETECTED
2026-05-17 16:23:33,493 [INFO] ANALYZED exam=tQoHDQTrz1iAzcfYrbTF email=ibozinovi@student.unipu.hr ts=1777816194458 status=FACE_DETECTED
2026-05-17 16:23:34,619 [INFO] ANALYZED exam=tQoHDQTrz1iAzcfYrbTF email=ibozinovi@student.unipu.hr ts=1777816197093 status=FACE_DETECTED
2026-05-17 16:23:35,756 [INFO] ANALYZED exam=tQoHDQTrz1iAzcfYrbTF email=ibozinovi@student.unipu.hr ts=1777816200715 status=FACE_DETECTED
2026-05-17 16:23:36,879 [INFO] ANALYZED exam=tQoHDQTrz1iAzcfYrbTF email=ibozinovi@student.unipu.hr ts=1777816207515 status=FACE_DETECTED
2026-05-17 16:23:38,026 [INFO] ANALYZED exam=tQoHDQTrz1iAzcfYrbTF email=ibozinovi@student.unipu.hr ts=1777816210198 status=FACE_DETECTED
2026-05-17 16:23:39,027 [INFO] ANALYZE_STOP reason=busy processed=54
2026-05-17 16:23:39,247 [INFO] BATCH_WRITE items=54
2026-05-17 16:23:53,285 [INFO] LOAD cpu=2.1% mem=+-0.6% req_rate=0.00/min idle=True
2026-05-17 16:23:53,285 [INFO] ANALYZE_BEGIN n_pending=2442
2026-05-17 16:23:54,422 [INFO] ANALYZED exam=tQoHDQTrz1iAzcfYrbTF email=ibozinovi@student.unipu.hr ts=1777816217816 status=FACE_DETECTED
2026-05-17 16:23:55,566 [INFO] ANALYZED exam=tQoHDQTrz1iAzcfYrbTF email=ibozinovi@student.unipu.hr ts=1777816226558 status=FACE_DETECTED
2026-05-17 16:23:56,686 [INFO] ANALYZED exam=tQoHDQTrz1iAzcfYrbTF email=ibozinovi@student.unipu.hr ts=1777816232317 status=FACE_DETECTED
2026-05-17 16:23:57,811 [INFO] ANALYZED exam=tQoHDQTrz1iAzcfYrbTF email=ibozinovi@student.unipu.hr ts=1777816241898 status=FACE_DETECTED
2026-05-17 16:23:58,945 [INFO] ANALYZED exam=tQoHDQTrz1iAzcfYrbTF email=ibozinovi@student.unipu.hr ts=1777816244567 status=FACE_DETECTED
2026-05-17 16:24:00,060 [INFO] ANALYZED exam=tQoHDQTrz1iAzcfYrbTF email=ibozinovi@student.unipu.hr ts=1777816254080 status=FACE_DETECTED
2026-05-17 16:24:01,206 [INFO] ANALYZED exam=tQoHDQTrz1iAzcfYrbTF email=ibozinovi@student.unipu.hr ts=1777816264119 status=FACE_DETECTED
2026-05-17 16:24:02,336 [INFO] ANALYZED exam=tQoHDQTrz1iAzcfYrbTF email=ibozinovi@student.unipu.hr ts=1777816269872 status=FACE_DETECTED
2026-05-17 16:24:03,458 [INFO] ANALYZED exam=tQoHDQTrz1iAzcfYrbTF email=ibozinovi@student.unipu.hr ts=1777816271439 status=FACE_DETECTED
2026-05-17 16:24:04,594 [INFO] ANALYZED exam=tQoHDQTrz1iAzcfYrbTF email=ibozinovi@student.unipu.hr ts=1777816279099 status=FACE_DETECTED
2026-05-17 16:24:05,718 [INFO] ANALYZED exam=tQoHDQTrz1iAzcfYrbTF email=ibozinovi@student.unipu.hr ts=1777816282776 status=FACE_DETECTED
2026-05-17 16:24:06,719 [INFO] ANALYZE_STOP reason=busy processed=11
2026-05-17 16:24:06,833 [INFO] BATCH_WRITE items=11
2026-05-17 16:24:17,835 [INFO] LOAD cpu=3.0% mem=+-0.5% req_rate=0.00/min idle=True
2026-05-17 16:24:17,835 [INFO] ANALYZE_BEGIN n_pending=2431
2026-05-17 16:24:19,147 [INFO] ANALYZED exam=tQoHDQTrz1iAzcfYrbTF email=ibozinovi@student.unipu.hr ts=1777816292481 status=FACE_DETECTED
2026-05-17 16:24:20,282 [INFO] ANALYZED exam=tQoHDQTrz1iAzcfYrbTF email=ibozinovi@student.unipu.hr ts=1777816294365 status=FACE_DETECTED
2026-05-17 16:24:21,449 [INFO] ANALYZED exam=tQoHDQTrz1iAzcfYrbTF email=ibozinovi@student.unipu.hr ts=1777816296959 status=FACE_DETECTED
2026-05-17 16:24:22,584 [INFO] ANALYZED exam=tQoHDQTrz1iAzcfYrbTF email=ibozinovi@student.unipu.hr ts=1777816306608 status=FACE_DETECTED
2026-05-17 16:24:23,720 [INFO] ANALYZED exam=tQoHDQTrz1iAzcfYrbTF email=ibozinovi@student.unipu.hr ts=1777816309320 status=FACE_DETECTED
2026-05-17 16:24:24,867 [INFO] ANALYZED exam=tQoHDQTrz1iAzcfYrbTF email=ibozinovi@student.unipu.hr ts=1777816316883 status=FACE_DETECTED
2026-05-17 16:24:25,993 [INFO] ANALYZED exam=tQoHDQTrz1iAzcfYrbTF email=ibozinovi@student.unipu.hr ts=1777816321880 status=FACE_DETECTED
2026-05-17 16:24:27,122 [INFO] ANALYZED exam=tQoHDQTrz1iAzcfYrbTF email=ibozinovi@student.unipu.hr ts=1777816331825 status=FACE_DETECTED
2026-05-17 16:24:28,245 [INFO] ANALYZED exam=tQoHDQTrz1iAzcfYrbTF email=ibozinovi@student.unipu.hr ts=1777816339586 status=FACE_DETECTED
2026-05-17 16:24:29,366 [INFO] ANALYZED exam=tQoHDQTrz1iAzcfYrbTF email=ibozinovi@student.unipu.hr ts=1777816346273 status=FACE_DETECTED
2026-05-17 16:24:30,490 [INFO] ANALYZED exam=tQoHDQTrz1iAzcfYrbTF email=ibozinovi@student.unipu.hr ts=1777816356380 status=FACE_DETECTED
2026-05-17 16:24:31,620 [INFO] ANALYZED exam=tQoHDQTrz1iAzcfYrbTF email=ibozinovi@student.unipu.hr ts=1777816365102 status=FACE_DETECTED
2026-05-17 16:24:32,757 [INFO] ANALYZED exam=tQoHDQTrz1iAzcfYrbTF email=ibozinovi@student.unipu.hr ts=1777816370813 status=FACE_DETECTED
2026-05-17 16:24:33,882 [INFO] ANALYZED exam=tQoHDQTrz1iAzcfYrbTF email=ibozinovi@student.unipu.hr ts=1777816376338 status=FACE_DETECTED
2026-05-17 16:24:35,060 [INFO] ANALYZED exam=tQoHDQTrz1iAzcfYrbTF email=ibozinovi@student.unipu.hr ts=1777816378869 status=FACE_DETECTED
2026-05-17 16:24:36,191 [INFO] ANALYZED exam=tQoHDQTrz1iAzcfYrbTF email=ibozinovi@student.unipu.hr ts=1777816384438 status=FACE_DETECTED
2026-05-17 16:24:37,316 [INFO] ANALYZED exam=tQoHDQTrz1iAzcfYrbTF email=ibozinovi@student.unipu.hr ts=1777816394006 status=FACE_DETECTED
2026-05-17 16:24:38,438 [INFO] ANALYZED exam=tQoHDQTrz1iAzcfYrbTF email=ibozinovi@student.unipu.hr ts=1777816399715 status=FACE_DETECTED
2026-05-17 16:24:39,439 [INFO] ANALYZE_STOP reason=busy processed=18
2026-05-17 16:24:39,571 [INFO] BATCH_WRITE items=18
2026-05-17 16:24:50,572 [INFO] LOAD cpu=1.4% mem=+-0.5% req_rate=0.00/min idle=True
2026-05-17 16:24:50,573 [INFO] ANALYZE_BEGIN n_pending=2413
2026-05-17 16:24:51,853 [INFO] ANALYZED exam=tQoHDQTrz1iAzcfYrbTF email=ibozinovi@student.unipu.hr ts=1777816401477 status=FACE_DETECTED
2026-05-17 16:24:52,994 [INFO] ANALYZED exam=tQoHDQTrz1iAzcfYrbTF email=ibozinovi@student.unipu.hr ts=1777816408046 status=FACE_DETECTED
2026-05-17 16:24:54,129 [INFO] ANALYZED exam=tQoHDQTrz1iAzcfYrbTF email=ibozinovi@student.unipu.hr ts=1777816416836 status=FACE_DETECTED
2026-05-17 16:24:55,270 [INFO] ANALYZED exam=tQoHDQTrz1iAzcfYrbTF email=ibozinovi@student.unipu.hr ts=1777816419568 status=FACE_DETECTED
2026-05-17 16:24:56,390 [INFO] ANALYZED exam=tQoHDQTrz1iAzcfYrbTF email=ibozinovi@student.unipu.hr ts=1777816422157 status=FACE_DETECTED
2026-05-17 16:24:57,515 [INFO] ANALYZED exam=tQoHDQTrz1iAzcfYrbTF email=ibozinovi@student.unipu.hr ts=1777816426747 status=FACE_DETECTED
2026-05-17 16:24:58,647 [INFO] ANALYZED exam=tQoHDQTrz1iAzcfYrbTF email=ibozinovi@student.unipu.hr ts=1777816434349 status=FACE_DETECTED
2026-05-17 16:24:59,790 [INFO] ANALYZED exam=tQoHDQTrz1iAzcfYrbTF email=ibozinovi@student.unipu.hr ts=1777816444068 status=FACE_DETECTED
2026-05-17 16:25:00,914 [INFO] ANALYZED exam=tQoHDQTrz1iAzcfYrbTF email=ibozinovi@student.unipu.hr ts=1777816449764 status=FACE_DETECTED
2026-05-17 16:25:02,032 [INFO] ANALYZED exam=tQoHDQTrz1iAzcfYrbTF email=ibozinovi@student.unipu.hr ts=1777816451410 status=FACE_DETECTED
2026-05-17 16:25:03,186 [INFO] ANALYZED exam=tQoHDQTrz1iAzcfYrbTF email=ibozinovi@student.unipu.hr ts=1777816457084 status=FACE_DETECTED
2026-05-17 16:25:04,320 [INFO] ANALYZED exam=tQoHDQTrz1iAzcfYrbTF email=ibozinovi@student.unipu.hr ts=1777816466734 status=FACE_DETECTED
2026-05-17 16:25:05,448 [INFO] ANALYZED exam=tQoHDQTrz1iAzcfYrbTF email=ibozinovi@student.unipu.hr ts=1777816476005 status=FACE_DETECTED
2026-05-17 16:25:06,607 [INFO] ANALYZED exam=tQoHDQTrz1iAzcfYrbTF email=ibozinovi@student.unipu.hr ts=1777816481822 status=FACE_DETECTED
2026-05-17 16:25:07,770 [INFO] ANALYZED exam=tQoHDQTrz1iAzcfYrbTF email=ibozinovi@student.unipu.hr ts=1777816491522 status=FACE_DETECTED
2026-05-17 16:25:08,959 [INFO] ANALYZED exam=tQoHDQTrz1iAzcfYrbTF email=ibozinovi@student.unipu.hr ts=1777816495280 status=FACE_DETECTED
2026-05-17 16:25:10,122 [INFO] ANALYZED exam=tQoHDQTrz1iAzcfYrbTF email=ibozinovi@student.unipu.hr ts=1777816497041 status=FACE_DETECTED
2026-05-17 16:25:11,123 [INFO] ANALYZE_STOP reason=busy processed=17
2026-05-17 16:25:11,265 [INFO] BATCH_WRITE items=17
2026-05-17 16:25:22,266 [INFO] LOAD cpu=1.9% mem=+-0.4% req_rate=0.00/min idle=True
2026-05-17 16:25:22,267 [INFO] ANALYZE_BEGIN n_pending=2396
2026-05-17 16:25:23,575 [INFO] ANALYZED exam=tQoHDQTrz1iAzcfYrbTF email=ibozinovi@student.unipu.hr ts=1777816503596 status=FACE_DETECTED
2026-05-17 16:25:24,699 [INFO] ANALYZED exam=tQoHDQTrz1iAzcfYrbTF email=ibozinovi@student.unipu.hr ts=1777816512442 status=FACE_DETECTED
2026-05-17 16:25:25,815 [INFO] ANALYZED exam=tQoHDQTrz1iAzcfYrbTF email=ibozinovi@student.unipu.hr ts=1777816522129 status=FACE_DETECTED
2026-05-17 16:25:26,941 [INFO] ANALYZED exam=tQoHDQTrz1iAzcfYrbTF email=ibozinovi@student.unipu.hr ts=1777816523883 status=FACE_DETECTED
2026-05-17 16:25:28,079 [INFO] ANALYZED exam=tQoHDQTrz1iAzcfYrbTF email=ibozinovi@student.unipu.hr ts=1777816532530 status=FACE_DETECTED
2026-05-17 16:25:29,210 [INFO] ANALYZED exam=tQoHDQTrz1iAzcfYrbTF email=ibozinovi@student.unipu.hr ts=1777816542262 status=FACE_DETECTED
2026-05-17 16:25:30,334 [INFO] ANALYZED exam=tQoHDQTrz1iAzcfYrbTF email=ibozinovi@student.unipu.hr ts=1777816552064 status=FACE_DETECTED
2026-05-17 16:25:31,497 [INFO] ANALYZED exam=tQoHDQTrz1iAzcfYrbTF email=ibozinovi@student.unipu.hr ts=1777816553737 status=FACE_DETECTED
2026-05-17 16:25:32,632 [INFO] ANALYZED exam=tQoHDQTrz1iAzcfYrbTF email=ibozinovi@student.unipu.hr ts=1777816556334 status=FACE_DETECTED
2026-05-17 16:25:33,759 [INFO] ANALYZED exam=tQoHDQTrz1iAzcfYrbTF email=ibozinovi@student.unipu.hr ts=1777816558918 status=FACE_DETECTED
2026-05-17 16:25:34,896 [INFO] ANALYZED exam=tQoHDQTrz1iAzcfYrbTF email=ibozinovi@student.unipu.hr ts=1777816565608 status=FACE_DETECTED
2026-05-17 16:25:36,046 [INFO] ANALYZED exam=tQoHDQTrz1iAzcfYrbTF email=ibozinovi@student.unipu.hr ts=1777816575366 status=FACE_DETECTED
2026-05-17 16:25:37,165 [INFO] ANALYZED exam=tQoHDQTrz1iAzcfYrbTF email=ibozinovi@student.unipu.hr ts=1777816584062 status=FACE_DETECTED
2026-05-17 16:25:38,283 [INFO] ANALYZED exam=tQoHDQTrz1iAzcfYrbTF email=ibozinovi@student.unipu.hr ts=1777816586899 status=FACE_DETECTED
2026-05-17 16:25:39,413 [INFO] ANALYZED exam=tQoHDQTrz1iAzcfYrbTF email=ibozinovi@student.unipu.hr ts=1777816593426 status=FACE_DETECTED
2026-05-17 16:25:40,577 [INFO] ANALYZED exam=tQoHDQTrz1iAzcfYrbTF email=ibozinovi@student.unipu.hr ts=1777816603111 status=FACE_DETECTED
2026-05-17 16:25:41,709 [INFO] ANALYZED exam=tQoHDQTrz1iAzcfYrbTF email=ibozinovi@student.unipu.hr ts=1777816609879 status=FACE_DETECTED
2026-05-17 16:25:42,838 [INFO] ANALYZED exam=tQoHDQTrz1iAzcfYrbTF email=ibozinovi@student.unipu.hr ts=1777816616573 status=FACE_DETECTED
2026-05-17 16:25:43,992 [INFO] ANALYZED exam=tQoHDQTrz1iAzcfYrbTF email=ibozinovi@student.unipu.hr ts=1777816618348 status=FACE_DETECTED
2026-05-17 16:25:45,163 [INFO] ANALYZED exam=tQoHDQTrz1iAzcfYrbTF email=ibozinovi@student.unipu.hr ts=1777816627163 status=FACE_DETECTED
2026-05-17 16:25:46,296 [INFO] ANALYZED exam=tQoHDQTrz1iAzcfYrbTF email=ibozinovi@student.unipu.hr ts=1777816630950 status=FACE_DETECTED
2026-05-17 16:25:47,297 [INFO] ANALYZE_STOP reason=busy processed=21
2026-05-17 16:25:47,431 [INFO] BATCH_WRITE items=21
2026-05-17 16:25:58,432 [INFO] LOAD cpu=1.3% mem=+-0.6% req_rate=0.00/min idle=True
2026-05-17 16:25:58,432 [INFO] ANALYZE_BEGIN n_pending=2375
2026-05-17 16:25:59,709 [INFO] ANALYZED exam=tQoHDQTrz1iAzcfYrbTF email=ibozinovi@student.unipu.hr ts=1777816641723 status=FACE_DETECTED
2026-05-17 16:26:00,837 [INFO] ANALYZED exam=tQoHDQTrz1iAzcfYrbTF email=ibozinovi@student.unipu.hr ts=1777816646439 status=FACE_DETECTED
2026-05-17 16:26:01,983 [INFO] ANALYZED exam=tQoHDQTrz1iAzcfYrbTF email=ibozinovi@student.unipu.hr ts=1777816654000 status=FACE_DETECTED
2026-05-17 16:26:03,114 [INFO] ANALYZED exam=tQoHDQTrz1iAzcfYrbTF email=ibozinovi@student.unipu.hr ts=1777816655955 status=FACE_DETECTED
2026-05-17 16:26:04,257 [INFO] ANALYZED exam=tQoHDQTrz1iAzcfYrbTF email=ibozinovi@student.unipu.hr ts=1777816661530 status=FACE_DETECTED
2026-05-17 16:26:05,377 [INFO] ANALYZED exam=tQoHDQTrz1iAzcfYrbTF email=ibozinovi@student.unipu.hr ts=1777816663117 status=FACE_DETECTED
2026-05-17 16:26:06,519 [INFO] ANALYZED exam=tQoHDQTrz1iAzcfYrbTF email=ibozinovi@student.unipu.hr ts=1777816664665 status=FACE_DETECTED
2026-05-17 16:26:07,643 [INFO] ANALYZED exam=tQoHDQTrz1iAzcfYrbTF email=ibozinovi@student.unipu.hr ts=1777816673233 status=FACE_DETECTED
2026-05-17 16:26:08,788 [INFO] ANALYZED exam=tQoHDQTrz1iAzcfYrbTF email=ibozinovi@student.unipu.hr ts=1777816680946 status=FACE_DETECTED
2026-05-17 16:26:09,946 [INFO] ANALYZED exam=tQoHDQTrz1iAzcfYrbTF email=ibozinovi@student.unipu.hr ts=1777816688868 status=FACE_DETECTED
2026-05-17 16:26:11,062 [INFO] ANALYZED exam=tQoHDQTrz1iAzcfYrbTF email=ibozinovi@student.unipu.hr ts=1777816691511 status=NO_FACE_DETECTED
2026-05-17 16:26:12,191 [INFO] ANALYZED exam=tQoHDQTrz1iAzcfYrbTF email=ibozinovi@student.unipu.hr ts=1777816694117 status=FACE_DETECTED
2026-05-17 16:26:13,311 [INFO] ANALYZED exam=tQoHDQTrz1iAzcfYrbTF email=ibozinovi@student.unipu.hr ts=1777816697825 status=FACE_DETECTED
2026-05-17 16:26:14,436 [INFO] ANALYZED exam=tQoHDQTrz1iAzcfYrbTF email=ibozinovi@student.unipu.hr ts=1777816705385 status=FACE_DETECTED
2026-05-17 16:26:15,576 [INFO] ANALYZED exam=tQoHDQTrz1iAzcfYrbTF email=ibozinovi@student.unipu.hr ts=1777816711187 status=FACE_DETECTED
2026-05-17 16:26:16,716 [INFO] ANALYZED exam=tQoHDQTrz1iAzcfYrbTF email=ibozinovi@student.unipu.hr ts=1777816716955 status=FACE_DETECTED
2026-05-17 16:26:17,829 [INFO] ANALYZED exam=tQoHDQTrz1iAzcfYrbTF email=ibozinovi@student.unipu.hr ts=1777816719557 status=NO_FACE_DETECTED
2026-05-17 16:26:18,949 [INFO] ANALYZED exam=tQoHDQTrz1iAzcfYrbTF email=ibozinovi@student.unipu.hr ts=1777816723208 status=FACE_DETECTED
2026-05-17 16:26:19,950 [INFO] ANALYZE_STOP reason=busy processed=18
2026-05-17 16:26:20,087 [INFO] BATCH_WRITE items=18
2026-05-17 16:26:31,088 [INFO] LOAD cpu=1.4% mem=+-0.6% req_rate=0.00/min idle=True
2026-05-17 16:26:31,089 [INFO] ANALYZE_BEGIN n_pending=2357
2026-05-17 16:26:32,359 [INFO] ANALYZED exam=tQoHDQTrz1iAzcfYrbTF email=ibozinovi@student.unipu.hr ts=1777816730738 status=FACE_DETECTED
2026-05-17 16:26:33,503 [INFO] ANALYZED exam=tQoHDQTrz1iAzcfYrbTF email=ibozinovi@student.unipu.hr ts=1777816738456 status=FACE_DETECTED
2026-05-17 16:26:34,666 [INFO] ANALYZED exam=tQoHDQTrz1iAzcfYrbTF email=ibozinovi@student.unipu.hr ts=1777816748262 status=FACE_DETECTED
2026-05-17 16:26:35,817 [INFO] ANALYZED exam=tQoHDQTrz1iAzcfYrbTF email=ibozinovi@student.unipu.hr ts=1777816753289 status=FACE_DETECTED
2026-05-17 16:26:36,949 [INFO] ANALYZED exam=tQoHDQTrz1iAzcfYrbTF email=ibozinovi@student.unipu.hr ts=1777816755911 status=FACE_DETECTED
2026-05-17 16:26:38,073 [INFO] ANALYZED exam=tQoHDQTrz1iAzcfYrbTF email=ibozinovi@student.unipu.hr ts=1777816758501 status=FACE_DETECTED
2026-05-17 16:26:39,222 [INFO] ANALYZED exam=tQoHDQTrz1iAzcfYrbTF email=ibozinovi@student.unipu.hr ts=1777816769130 status=FACE_DETECTED
2026-05-17 16:26:40,352 [INFO] ANALYZED exam=tQoHDQTrz1iAzcfYrbTF email=ibozinovi@student.unipu.hr ts=1777816772788 status=FACE_DETECTED
2026-05-17 16:26:41,501 [INFO] ANALYZED exam=tQoHDQTrz1iAzcfYrbTF email=ibozinovi@student.unipu.hr ts=1777816778571 status=FACE_DETECTED
2026-05-17 16:26:42,658 [INFO] ANALYZED exam=tQoHDQTrz1iAzcfYrbTF email=ibozinovi@student.unipu.hr ts=1777816783154 status=FACE_DETECTED
2026-05-17 16:26:43,800 [INFO] ANALYZED exam=tQoHDQTrz1iAzcfYrbTF email=ibozinovi@student.unipu.hr ts=1777816788761 status=FACE_DETECTED
2026-05-17 16:26:44,929 [INFO] ANALYZED exam=tQoHDQTrz1iAzcfYrbTF email=istevanja@student.unipu.hr ts=1777559441487 status=FACE_DETECTED
2026-05-17 16:26:46,059 [INFO] ANALYZED exam=tQoHDQTrz1iAzcfYrbTF email=istevanja@student.unipu.hr ts=1777559451316 status=FACE_DETECTED
2026-05-17 16:26:47,186 [INFO] ANALYZED exam=tQoHDQTrz1iAzcfYrbTF email=istevanja@student.unipu.hr ts=1777559453422 status=FACE_DETECTED
2026-05-17 16:26:48,315 [INFO] ANALYZED exam=tQoHDQTrz1iAzcfYrbTF email=istevanja@student.unipu.hr ts=1777559454430 status=FACE_DETECTED
2026-05-17 16:26:49,457 [INFO] ANALYZED exam=tQoHDQTrz1iAzcfYrbTF email=istevanja@student.unipu.hr ts=1777559455991 status=FACE_DETECTED
2026-05-17 16:26:50,593 [INFO] ANALYZED exam=tQoHDQTrz1iAzcfYrbTF email=istevanja@student.unipu.hr ts=1777559460063 status=FACE_DETECTED
2026-05-17 16:26:51,722 [INFO] ANALYZED exam=tQoHDQTrz1iAzcfYrbTF email=istevanja@student.unipu.hr ts=1777559463546 status=FACE_DETECTED
2026-05-17 16:26:52,860 [INFO] ANALYZED exam=tQoHDQTrz1iAzcfYrbTF email=istevanja@student.unipu.hr ts=1777559465629 status=FACE_DETECTED
2026-05-17 16:26:53,861 [INFO] ANALYZE_STOP reason=busy processed=19
2026-05-17 16:26:53,988 [INFO] BATCH_WRITE items=19
2026-05-17 16:27:09,009 [INFO] LOAD cpu=1.4% mem=+-0.8% req_rate=0.00/min idle=True
2026-05-17 16:27:09,009 [INFO] ANALYZE_BEGIN n_pending=2338
2026-05-17 16:27:10,147 [INFO] ANALYZED exam=tQoHDQTrz1iAzcfYrbTF email=istevanja@student.unipu.hr ts=1777559468093 status=FACE_DETECTED
2026-05-17 16:27:11,288 [INFO] ANALYZED exam=tQoHDQTrz1iAzcfYrbTF email=istevanja@student.unipu.hr ts=1777559469126 status=FACE_DETECTED
2026-05-17 16:27:12,410 [INFO] ANALYZED exam=tQoHDQTrz1iAzcfYrbTF email=istevanja@student.unipu.hr ts=1777559475625 status=FACE_DETECTED
2026-05-17 16:27:13,533 [INFO] ANALYZED exam=tQoHDQTrz1iAzcfYrbTF email=istevanja@student.unipu.hr ts=1777559476107 status=FACE_DETECTED
2026-05-17 16:27:14,651 [INFO] ANALYZED exam=tQoHDQTrz1iAzcfYrbTF email=istevanja@student.unipu.hr ts=1777559484334 status=FACE_DETECTED
2026-05-17 16:27:15,776 [INFO] ANALYZED exam=tQoHDQTrz1iAzcfYrbTF email=istevanja@student.unipu.hr ts=1777559484766 status=FACE_DETECTED
2026-05-17 16:27:16,904 [INFO] ANALYZED exam=tQoHDQTrz1iAzcfYrbTF email=istevanja@student.unipu.hr ts=1777559486286 status=FACE_DETECTED
2026-05-17 16:27:18,071 [INFO] ANALYZED exam=tQoHDQTrz1iAzcfYrbTF email=istevanja@student.unipu.hr ts=1777559492998 status=FACE_DETECTED
2026-05-17 16:27:19,190 [INFO] ANALYZED exam=tQoHDQTrz1iAzcfYrbTF email=istevanja@student.unipu.hr ts=1777559495799 status=FACE_DETECTED
2026-05-17 16:27:20,342 [INFO] ANALYZED exam=tQoHDQTrz1iAzcfYrbTF email=istevanja@student.unipu.hr ts=1777559496672 status=FACE_DETECTED
2026-05-17 16:27:21,469 [INFO] ANALYZED exam=tQoHDQTrz1iAzcfYrbTF email=istevanja@student.unipu.hr ts=1777559501175 status=FACE_DETECTED
2026-05-17 16:27:22,606 [INFO] ANALYZED exam=tQoHDQTrz1iAzcfYrbTF email=istevanja@student.unipu.hr ts=1777559502283 status=FACE_DETECTED
2026-05-17 16:27:23,729 [INFO] ANALYZED exam=tQoHDQTrz1iAzcfYrbTF email=istevanja@student.unipu.hr ts=1777559502668 status=FACE_DETECTED
2026-05-17 16:27:24,872 [INFO] ANALYZED exam=tQoHDQTrz1iAzcfYrbTF email=istevanja@student.unipu.hr ts=1777559503776 status=FACE_DETECTED
2026-05-17 16:27:26,006 [INFO] ANALYZED exam=tQoHDQTrz1iAzcfYrbTF email=istevanja@student.unipu.hr ts=1777559505132 status=FACE_DETECTED
2026-05-17 16:27:27,147 [INFO] ANALYZED exam=tQoHDQTrz1iAzcfYrbTF email=istevanja@student.unipu.hr ts=1777559505412 status=FACE_DETECTED
2026-05-17 16:27:28,297 [INFO] ANALYZED exam=tQoHDQTrz1iAzcfYrbTF email=istevanja@student.unipu.hr ts=1777559508891 status=FACE_DETECTED
2026-05-17 16:27:29,298 [INFO] ANALYZE_STOP reason=busy processed=17
2026-05-17 16:27:29,431 [INFO] BATCH_WRITE items=17
2026-05-17 16:27:40,432 [INFO] LOAD cpu=1.7% mem=+-0.5% req_rate=0.00/min idle=True
2026-05-17 16:27:40,432 [INFO] ANALYZE_BEGIN n_pending=2321
2026-05-17 16:27:41,716 [INFO] ANALYZED exam=tQoHDQTrz1iAzcfYrbTF email=istevanja@student.unipu.hr ts=1777559510668 status=FACE_DETECTED
2026-05-17 16:27:42,844 [INFO] ANALYZED exam=tQoHDQTrz1iAzcfYrbTF email=istevanja@student.unipu.hr ts=1777559512151 status=FACE_DETECTED
2026-05-17 16:27:43,975 [INFO] ANALYZED exam=tQoHDQTrz1iAzcfYrbTF email=istevanja@student.unipu.hr ts=1777559515468 status=FACE_DETECTED
2026-05-17 16:27:45,097 [INFO] ANALYZED exam=tQoHDQTrz1iAzcfYrbTF email=istevanja@student.unipu.hr ts=1777559517672 status=FACE_DETECTED
2026-05-17 16:27:46,227 [INFO] ANALYZED exam=tQoHDQTrz1iAzcfYrbTF email=istevanja@student.unipu.hr ts=1777559520185 status=FACE_DETECTED
2026-05-17 16:27:47,365 [INFO] ANALYZED exam=tQoHDQTrz1iAzcfYrbTF email=istevanja@student.unipu.hr ts=1777559524662 status=FACE_DETECTED
2026-05-17 16:27:48,533 [INFO] ANALYZED exam=tQoHDQTrz1iAzcfYrbTF email=istevanja@student.unipu.hr ts=1777559524981 status=FACE_DETECTED
2026-05-17 16:27:49,656 [INFO] ANALYZED exam=tQoHDQTrz1iAzcfYrbTF email=istevanja@student.unipu.hr ts=1777559532436 status=FACE_DETECTED
2026-05-17 16:27:50,784 [INFO] ANALYZED exam=tQoHDQTrz1iAzcfYrbTF email=istevanja@student.unipu.hr ts=1777559533152 status=FACE_DETECTED
2026-05-17 16:27:51,916 [INFO] ANALYZED exam=tQoHDQTrz1iAzcfYrbTF email=istevanja@student.unipu.hr ts=1777559537088 status=FACE_DETECTED
2026-05-17 16:27:53,072 [INFO] ANALYZED exam=tQoHDQTrz1iAzcfYrbTF email=istevanja@student.unipu.hr ts=1777559541642 status=FACE_DETECTED
2026-05-17 16:27:54,187 [INFO] ANALYZED exam=tQoHDQTrz1iAzcfYrbTF email=istevanja@student.unipu.hr ts=1777559544153 status=FACE_DETECTED
2026-05-17 16:27:55,309 [INFO] ANALYZED exam=tQoHDQTrz1iAzcfYrbTF email=istevanja@student.unipu.hr ts=1777559547611 status=FACE_DETECTED
2026-05-17 16:27:56,463 [INFO] ANALYZED exam=tQoHDQTrz1iAzcfYrbTF email=istevanja@student.unipu.hr ts=1777559552114 status=FACE_DETECTED
2026-05-17 16:27:57,602 [INFO] ANALYZED exam=tQoHDQTrz1iAzcfYrbTF email=istevanja@student.unipu.hr ts=1777559553676 status=FACE_DETECTED
2026-05-17 16:27:58,726 [INFO] ANALYZED exam=tQoHDQTrz1iAzcfYrbTF email=istevanja@student.unipu.hr ts=1777559554642 status=FACE_DETECTED
2026-05-17 16:27:59,858 [INFO] ANALYZED exam=tQoHDQTrz1iAzcfYrbTF email=istevanja@student.unipu.hr ts=1777559562174 status=FACE_DETECTED
2026-05-17 16:28:00,980 [INFO] ANALYZED exam=tQoHDQTrz1iAzcfYrbTF email=istevanja@student.unipu.hr ts=1777559563170 status=FACE_DETECTED
2026-05-17 16:28:02,099 [INFO] ANALYZED exam=tQoHDQTrz1iAzcfYrbTF email=istevanja@student.unipu.hr ts=1777559566802 status=FACE_DETECTED
2026-05-17 16:28:03,100 [INFO] ANALYZE_STOP reason=busy processed=19
2026-05-17 16:28:03,354 [INFO] BATCH_WRITE items=19
2026-05-17 16:28:14,355 [INFO] LOAD cpu=1.5% mem=+-0.5% req_rate=0.00/min idle=True
2026-05-17 16:28:14,355 [INFO] ANALYZE_BEGIN n_pending=2302
2026-05-17 16:28:15,640 [INFO] ANALYZED exam=tQoHDQTrz1iAzcfYrbTF email=istevanja@student.unipu.hr ts=1777559568683 status=FACE_DETECTED
2026-05-17 16:28:16,775 [INFO] ANALYZED exam=tQoHDQTrz1iAzcfYrbTF email=istevanja@student.unipu.hr ts=1777559571303 status=FACE_DETECTED
2026-05-17 16:28:17,900 [INFO] ANALYZED exam=tQoHDQTrz1iAzcfYrbTF email=istevanja@student.unipu.hr ts=1777559578822 status=FACE_DETECTED
2026-05-17 16:28:19,020 [INFO] ANALYZED exam=tQoHDQTrz1iAzcfYrbTF email=istevanja@student.unipu.hr ts=1777559579260 status=FACE_DETECTED
2026-05-17 16:28:20,140 [INFO] ANALYZED exam=tQoHDQTrz1iAzcfYrbTF email=istevanja@student.unipu.hr ts=1777559580745 status=FACE_DETECTED
2026-05-17 16:28:21,280 [INFO] ANALYZED exam=tQoHDQTrz1iAzcfYrbTF email=istevanja@student.unipu.hr ts=1777559584484 status=FACE_DETECTED
2026-05-17 16:28:22,397 [INFO] ANALYZED exam=tQoHDQTrz1iAzcfYrbTF email=istevanja@student.unipu.hr ts=1777559588266 status=FACE_DETECTED
2026-05-17 16:28:23,525 [INFO] ANALYZED exam=tQoHDQTrz1iAzcfYrbTF email=istevanja@student.unipu.hr ts=1777559593012 status=FACE_DETECTED
2026-05-17 16:28:24,680 [INFO] ANALYZED exam=tQoHDQTrz1iAzcfYrbTF email=istevanja@student.unipu.hr ts=1777559594789 status=FACE_DETECTED
2026-05-17 16:28:25,800 [INFO] ANALYZED exam=tQoHDQTrz1iAzcfYrbTF email=istevanja@student.unipu.hr ts=1777559596530 status=FACE_DETECTED
2026-05-17 16:28:26,914 [INFO] ANALYZED exam=tQoHDQTrz1iAzcfYrbTF email=istevanja@student.unipu.hr ts=1777559603312 status=FACE_DETECTED
2026-05-17 16:28:28,062 [INFO] ANALYZED exam=tQoHDQTrz1iAzcfYrbTF email=istevanja@student.unipu.hr ts=1777559605041 status=FACE_DETECTED
2026-05-17 16:28:29,181 [INFO] ANALYZED exam=tQoHDQTrz1iAzcfYrbTF email=istevanja@student.unipu.hr ts=1777559605346 status=FACE_DETECTED
2026-05-17 16:28:30,298 [INFO] ANALYZED exam=tQoHDQTrz1iAzcfYrbTF email=istevanja@student.unipu.hr ts=1777559612829 status=FACE_DETECTED
2026-05-17 16:28:31,425 [INFO] ANALYZED exam=tQoHDQTrz1iAzcfYrbTF email=istevanja@student.unipu.hr ts=1777559613565 status=FACE_DETECTED
2026-05-17 16:28:32,563 [INFO] ANALYZED exam=tQoHDQTrz1iAzcfYrbTF email=istevanja@student.unipu.hr ts=1777559618508 status=FACE_DETECTED
2026-05-17 16:28:33,712 [INFO] ANALYZED exam=tQoHDQTrz1iAzcfYrbTF email=istevanja@student.unipu.hr ts=1777559620054 status=FACE_DETECTED
2026-05-17 16:28:34,879 [INFO] ANALYZED exam=tQoHDQTrz1iAzcfYrbTF email=istevanja@student.unipu.hr ts=1777559620361 status=FACE_DETECTED
2026-05-17 16:28:35,997 [INFO] ANALYZED exam=tQoHDQTrz1iAzcfYrbTF email=istevanja@student.unipu.hr ts=1777559621583 status=FACE_DETECTED
2026-05-17 16:28:37,115 [INFO] ANALYZED exam=tQoHDQTrz1iAzcfYrbTF email=istevanja@student.unipu.hr ts=1777559625101 status=FACE_DETECTED
2026-05-17 16:28:38,237 [INFO] ANALYZED exam=tQoHDQTrz1iAzcfYrbTF email=istevanja@student.unipu.hr ts=1777559626841 status=FACE_DETECTED
2026-05-17 16:28:39,374 [INFO] ANALYZED exam=tQoHDQTrz1iAzcfYrbTF email=istevanja@student.unipu.hr ts=1777559629367 status=FACE_DETECTED
2026-05-17 16:28:40,494 [INFO] ANALYZED exam=tQoHDQTrz1iAzcfYrbTF email=istevanja@student.unipu.hr ts=1777559632623 status=FACE_DETECTED
2026-05-17 16:28:41,614 [INFO] ANALYZED exam=tQoHDQTrz1iAzcfYrbTF email=istevanja@student.unipu.hr ts=1777559635897 status=FACE_DETECTED
2026-05-17 16:28:42,737 [INFO] ANALYZED exam=tQoHDQTrz1iAzcfYrbTF email=istevanja@student.unipu.hr ts=1777559637151 status=FACE_DETECTED
2026-05-17 16:28:43,738 [INFO] ANALYZE_STOP reason=busy processed=25
2026-05-17 16:28:43,881 [INFO] BATCH_WRITE items=25
2026-05-17 16:28:54,882 [INFO] LOAD cpu=1.4% mem=+-0.7% req_rate=0.00/min idle=True
2026-05-17 16:28:54,883 [INFO] ANALYZE_BEGIN n_pending=2277
2026-05-17 16:28:56,158 [INFO] ANALYZED exam=tQoHDQTrz1iAzcfYrbTF email=istevanja@student.unipu.hr ts=1777559638432 status=FACE_DETECTED
2026-05-17 16:28:57,285 [INFO] ANALYZED exam=tQoHDQTrz1iAzcfYrbTF email=istevanja@student.unipu.hr ts=1777559640678 status=FACE_DETECTED
2026-05-17 16:28:58,437 [INFO] ANALYZED exam=tQoHDQTrz1iAzcfYrbTF email=istevanja@student.unipu.hr ts=1777559646997 status=FACE_DETECTED
2026-05-17 16:28:59,571 [INFO] ANALYZED exam=tQoHDQTrz1iAzcfYrbTF email=istevanja@student.unipu.hr ts=1777559648185 status=FACE_DETECTED
2026-05-17 16:29:00,702 [INFO] ANALYZED exam=tQoHDQTrz1iAzcfYrbTF email=istevanja@student.unipu.hr ts=1777559652684 status=FACE_DETECTED
2026-05-17 16:29:01,824 [INFO] ANALYZED exam=tQoHDQTrz1iAzcfYrbTF email=istevanja@student.unipu.hr ts=1777559654899 status=FACE_DETECTED
2026-05-17 16:29:03,016 [INFO] ANALYZED exam=tQoHDQTrz1iAzcfYrbTF email=istevanja@student.unipu.hr ts=1777559658172 status=FACE_DETECTED
2026-05-17 16:29:04,157 [INFO] ANALYZED exam=tQoHDQTrz1iAzcfYrbTF email=istevanja@student.unipu.hr ts=1777559661400 status=FACE_DETECTED
2026-05-17 16:29:05,286 [INFO] ANALYZED exam=tQoHDQTrz1iAzcfYrbTF email=istevanja@student.unipu.hr ts=1777559661683 status=FACE_DETECTED
2026-05-17 16:29:06,415 [INFO] ANALYZED exam=tQoHDQTrz1iAzcfYrbTF email=istevanja@student.unipu.hr ts=1777559665914 status=FACE_DETECTED
2026-05-17 16:29:07,534 [INFO] ANALYZED exam=tQoHDQTrz1iAzcfYrbTF email=istevanja@student.unipu.hr ts=1777559668413 status=FACE_DETECTED
2026-05-17 16:29:08,653 [INFO] ANALYZED exam=tQoHDQTrz1iAzcfYrbTF email=istevanja@student.unipu.hr ts=1777559669900 status=FACE_DETECTED
2026-05-17 16:29:09,789 [INFO] ANALYZED exam=tQoHDQTrz1iAzcfYrbTF email=istevanja@student.unipu.hr ts=1777559672152 status=FACE_DETECTED
2026-05-17 16:29:10,945 [INFO] ANALYZED exam=tQoHDQTrz1iAzcfYrbTF email=istevanja@student.unipu.hr ts=1777559675627 status=FACE_DETECTED
2026-05-17 16:29:12,071 [INFO] ANALYZED exam=tQoHDQTrz1iAzcfYrbTF email=istevanja@student.unipu.hr ts=1777559678398 status=FACE_DETECTED
2026-05-17 16:29:13,205 [INFO] ANALYZED exam=tQoHDQTrz1iAzcfYrbTF email=istevanja@student.unipu.hr ts=1777559684123 status=FACE_DETECTED
2026-05-17 16:29:14,325 [INFO] ANALYZED exam=tQoHDQTrz1iAzcfYrbTF email=istevanja@student.unipu.hr ts=1777559685896 status=FACE_DETECTED
2026-05-17 16:29:15,326 [INFO] ANALYZE_STOP reason=busy processed=17
2026-05-17 16:29:15,475 [INFO] BATCH_WRITE items=17
2026-05-17 16:29:26,476 [INFO] LOAD cpu=1.6% mem=+-0.5% req_rate=0.00/min idle=True
2026-05-17 16:29:26,477 [INFO] ANALYZE_BEGIN n_pending=2260
2026-05-17 16:29:27,751 [INFO] ANALYZED exam=tQoHDQTrz1iAzcfYrbTF email=istevanja@student.unipu.hr ts=1777559691647 status=FACE_DETECTED
2026-05-17 16:29:28,896 [INFO] ANALYZED exam=tQoHDQTrz1iAzcfYrbTF email=istevanja@student.unipu.hr ts=1777559693393 status=FACE_DETECTED
2026-05-17 16:29:30,033 [INFO] ANALYZED exam=tQoHDQTrz1iAzcfYrbTF email=istevanja@student.unipu.hr ts=1777559699148 status=FACE_DETECTED
2026-05-17 16:29:31,183 [INFO] ANALYZED exam=tQoHDQTrz1iAzcfYrbTF email=istevanja@student.unipu.hr ts=1777559699901 status=FACE_DETECTED
2026-05-17 16:29:32,317 [INFO] ANALYZED exam=tQoHDQTrz1iAzcfYrbTF email=istevanja@student.unipu.hr ts=1777559704408 status=FACE_DETECTED
2026-05-17 16:29:33,438 [INFO] ANALYZED exam=tQoHDQTrz1iAzcfYrbTF email=istevanja@student.unipu.hr ts=1777559709655 status=FACE_DETECTED
2026-05-17 16:29:34,580 [INFO] ANALYZED exam=tQoHDQTrz1iAzcfYrbTF email=istevanja@student.unipu.hr ts=1777559714929 status=FACE_DETECTED
2026-05-17 16:29:35,729 [INFO] ANALYZED exam=tQoHDQTrz1iAzcfYrbTF email=istevanja@student.unipu.hr ts=1777559720158 status=FACE_DETECTED
2026-05-17 16:29:36,848 [INFO] ANALYZED exam=tQoHDQTrz1iAzcfYrbTF email=istevanja@student.unipu.hr ts=1777559721448 status=FACE_DETECTED
2026-05-17 16:29:37,966 [INFO] ANALYZED exam=tQoHDQTrz1iAzcfYrbTF email=istevanja@student.unipu.hr ts=1777559726649 status=FACE_DETECTED
2026-05-17 16:29:39,090 [INFO] ANALYZED exam=tQoHDQTrz1iAzcfYrbTF email=istevanja@student.unipu.hr ts=1777559727955 status=FACE_DETECTED
2026-05-17 16:29:40,221 [INFO] ANALYZED exam=tQoHDQTrz1iAzcfYrbTF email=istevanja@student.unipu.hr ts=1777559732146 status=FACE_DETECTED
2026-05-17 16:29:41,343 [INFO] ANALYZED exam=tQoHDQTrz1iAzcfYrbTF email=istevanja@student.unipu.hr ts=1777559734467 status=FACE_DETECTED
2026-05-17 16:29:42,464 [INFO] ANALYZED exam=tQoHDQTrz1iAzcfYrbTF email=istevanja@student.unipu.hr ts=1777559738979 status=FACE_DETECTED
2026-05-17 16:29:43,588 [INFO] ANALYZED exam=tQoHDQTrz1iAzcfYrbTF email=istevanja@student.unipu.hr ts=1777559739626 status=FACE_DETECTED
2026-05-17 16:29:44,705 [INFO] ANALYZED exam=tQoHDQTrz1iAzcfYrbTF email=istevanja@student.unipu.hr ts=1777559743122 status=FACE_DETECTED
2026-05-17 16:29:45,706 [INFO] ANALYZE_STOP reason=busy processed=16
2026-05-17 16:29:45,834 [INFO] BATCH_WRITE items=16
2026-05-17 16:29:56,835 [INFO] LOAD cpu=1.5% mem=+-0.6% req_rate=0.00/min idle=True
2026-05-17 16:29:56,835 [INFO] ANALYZE_BEGIN n_pending=2244
2026-05-17 16:29:58,118 [INFO] ANALYZED exam=tQoHDQTrz1iAzcfYrbTF email=istevanja@student.unipu.hr ts=1777559744491 status=FACE_DETECTED
2026-05-17 16:29:59,249 [INFO] ANALYZED exam=tQoHDQTrz1iAzcfYrbTF email=istevanja@student.unipu.hr ts=1777559744777 status=FACE_DETECTED
2026-05-17 16:30:00,405 [INFO] ANALYZED exam=tQoHDQTrz1iAzcfYrbTF email=istevanja@student.unipu.hr ts=1777559749031 status=FACE_DETECTED
2026-05-17 16:30:01,534 [INFO] ANALYZED exam=tQoHDQTrz1iAzcfYrbTF email=istevanja@student.unipu.hr ts=1777559750257 status=FACE_DETECTED
2026-05-17 16:30:02,668 [INFO] ANALYZED exam=tQoHDQTrz1iAzcfYrbTF email=istevanja@student.unipu.hr ts=1777559752617 status=FACE_DETECTED
2026-05-17 16:30:03,793 [INFO] ANALYZED exam=tQoHDQTrz1iAzcfYrbTF email=jcrljenko@student.unipu.hr ts=1777817805088 status=FACE_DETECTED
2026-05-17 16:30:04,934 [INFO] ANALYZED exam=tQoHDQTrz1iAzcfYrbTF email=jcrljenko@student.unipu.hr ts=1777818182637 status=FACE_DETECTED
2026-05-17 16:30:06,087 [INFO] ANALYZED exam=tQoHDQTrz1iAzcfYrbTF email=jsubotic@student.unipu.hr ts=1777726699604 status=FACE_DETECTED
2026-05-17 16:30:07,211 [INFO] ANALYZED exam=tQoHDQTrz1iAzcfYrbTF email=jsubotic@student.unipu.hr ts=1777726701494 status=FACE_DETECTED
2026-05-17 16:30:08,361 [INFO] ANALYZED exam=tQoHDQTrz1iAzcfYrbTF email=jsubotic@student.unipu.hr ts=1777726712007 status=FACE_DETECTED
2026-05-17 16:30:09,495 [INFO] ANALYZED exam=tQoHDQTrz1iAzcfYrbTF email=jsubotic@student.unipu.hr ts=1777726715673 status=FACE_DETECTED
2026-05-17 16:30:10,640 [INFO] ANALYZED exam=tQoHDQTrz1iAzcfYrbTF email=jsubotic@student.unipu.hr ts=1777726724231 status=FACE_DETECTED
2026-05-17 16:30:11,762 [INFO] ANALYZED exam=tQoHDQTrz1iAzcfYrbTF email=jsubotic@student.unipu.hr ts=1777726730931 status=FACE_DETECTED
2026-05-17 16:30:12,895 [INFO] ANALYZED exam=tQoHDQTrz1iAzcfYrbTF email=jsubotic@student.unipu.hr ts=1777726734609 status=FACE_DETECTED
2026-05-17 16:30:14,021 [INFO] ANALYZED exam=tQoHDQTrz1iAzcfYrbTF email=jsubotic@student.unipu.hr ts=1777726744171 status=FACE_DETECTED
2026-05-17 16:30:15,153 [INFO] ANALYZED exam=tQoHDQTrz1iAzcfYrbTF email=jsubotic@student.unipu.hr ts=1777726752795 status=FACE_DETECTED
2026-05-17 16:30:16,284 [INFO] ANALYZED exam=tQoHDQTrz1iAzcfYrbTF email=jsubotic@student.unipu.hr ts=1777726762420 status=FACE_DETECTED
2026-05-17 16:30:17,436 [INFO] ANALYZED exam=tQoHDQTrz1iAzcfYrbTF email=jsubotic@student.unipu.hr ts=1777726764085 status=FACE_DETECTED
2026-05-17 16:30:18,562 [INFO] ANALYZED exam=tQoHDQTrz1iAzcfYrbTF email=jsubotic@student.unipu.hr ts=1777726771618 status=FACE_DETECTED
2026-05-17 16:30:19,686 [INFO] ANALYZED exam=tQoHDQTrz1iAzcfYrbTF email=jsubotic@student.unipu.hr ts=1777726778340 status=FACE_DETECTED
2026-05-17 16:30:20,687 [INFO] ANALYZE_STOP reason=busy processed=20
2026-05-17 16:30:20,844 [INFO] BATCH_WRITE items=20
2026-05-17 16:30:34,975 [INFO] LOAD cpu=1.5% mem=+-0.6% req_rate=0.00/min idle=True
2026-05-17 16:30:34,975 [INFO] ANALYZE_BEGIN n_pending=2224
2026-05-17 16:30:36,128 [INFO] ANALYZED exam=tQoHDQTrz1iAzcfYrbTF email=jsubotic@student.unipu.hr ts=1777726789089 status=FACE_DETECTED
2026-05-17 16:30:37,259 [INFO] ANALYZED exam=tQoHDQTrz1iAzcfYrbTF email=jsubotic@student.unipu.hr ts=1777726794799 status=FACE_DETECTED
2026-05-17 16:30:38,376 [INFO] ANALYZED exam=tQoHDQTrz1iAzcfYrbTF email=jsubotic@student.unipu.hr ts=1777726798371 status=FACE_DETECTED
2026-05-17 16:30:39,531 [INFO] ANALYZED exam=tQoHDQTrz1iAzcfYrbTF email=jsubotic@student.unipu.hr ts=1777726800921 status=FACE_DETECTED
2026-05-17 16:30:40,652 [INFO] ANALYZED exam=tQoHDQTrz1iAzcfYrbTF email=jsubotic@student.unipu.hr ts=1777726802465 status=FACE_DETECTED
2026-05-17 16:30:41,784 [INFO] ANALYZED exam=tQoHDQTrz1iAzcfYrbTF email=jsubotic@student.unipu.hr ts=1777726809985 status=FACE_DETECTED
2026-05-17 16:30:42,937 [INFO] ANALYZED exam=tQoHDQTrz1iAzcfYrbTF email=jsubotic@student.unipu.hr ts=1777726819644 status=FACE_DETECTED
2026-05-17 16:30:44,059 [INFO] ANALYZED exam=tQoHDQTrz1iAzcfYrbTF email=jsubotic@student.unipu.hr ts=1777726825326 status=FACE_DETECTED
2026-05-17 16:30:45,184 [INFO] ANALYZED exam=tQoHDQTrz1iAzcfYrbTF email=jsubotic@student.unipu.hr ts=1777726834883 status=FACE_DETECTED
2026-05-17 16:30:46,349 [INFO] ANALYZED exam=tQoHDQTrz1iAzcfYrbTF email=jsubotic@student.unipu.hr ts=1777726836533 status=FACE_DETECTED
2026-05-17 16:30:47,490 [INFO] ANALYZED exam=tQoHDQTrz1iAzcfYrbTF email=jsubotic@student.unipu.hr ts=1777726845097 status=FACE_DETECTED
2026-05-17 16:30:48,611 [INFO] ANALYZED exam=tQoHDQTrz1iAzcfYrbTF email=jsubotic@student.unipu.hr ts=1777726847779 status=FACE_DETECTED
2026-05-17 16:30:49,763 [INFO] ANALYZED exam=tQoHDQTrz1iAzcfYrbTF email=jsubotic@student.unipu.hr ts=1777726851313 status=FACE_DETECTED
2026-05-17 16:30:50,884 [INFO] ANALYZED exam=tQoHDQTrz1iAzcfYrbTF email=jsubotic@student.unipu.hr ts=1777726858831 status=FACE_DETECTED
2026-05-17 16:30:51,885 [INFO] ANALYZE_STOP reason=busy processed=14
2026-05-17 16:30:52,011 [INFO] BATCH_WRITE items=14
2026-05-17 16:31:03,012 [INFO] LOAD cpu=2.6% mem=+-0.8% req_rate=0.00/min idle=True
2026-05-17 16:31:03,012 [INFO] ANALYZE_BEGIN n_pending=2210
2026-05-17 16:31:04,291 [INFO] ANALYZED exam=tQoHDQTrz1iAzcfYrbTF email=jsubotic@student.unipu.hr ts=1777726864475 status=FACE_DETECTED
2026-05-17 16:31:05,411 [INFO] ANALYZED exam=tQoHDQTrz1iAzcfYrbTF email=jsubotic@student.unipu.hr ts=1777726866023 status=FACE_DETECTED
2026-05-17 16:31:06,539 [INFO] ANALYZED exam=tQoHDQTrz1iAzcfYrbTF email=jsubotic@student.unipu.hr ts=1777726872588 status=FACE_DETECTED
2026-05-17 16:31:07,668 [INFO] ANALYZED exam=tQoHDQTrz1iAzcfYrbTF email=jsubotic@student.unipu.hr ts=1777726875221 status=FACE_DETECTED
2026-05-17 16:31:08,794 [INFO] ANALYZED exam=tQoHDQTrz1iAzcfYrbTF email=jsubotic@student.unipu.hr ts=1777726877748 status=FACE_DETECTED
2026-05-17 16:31:09,947 [INFO] ANALYZED exam=tQoHDQTrz1iAzcfYrbTF email=jsubotic@student.unipu.hr ts=1777726881316 status=FACE_DETECTED
2026-05-17 16:31:11,070 [INFO] ANALYZED exam=tQoHDQTrz1iAzcfYrbTF email=jsubotic@student.unipu.hr ts=1777726886817 status=FACE_DETECTED
2026-05-17 16:31:12,196 [INFO] ANALYZED exam=tQoHDQTrz1iAzcfYrbTF email=jsubotic@student.unipu.hr ts=1777726897318 status=FACE_DETECTED
2026-05-17 16:31:13,316 [INFO] ANALYZED exam=tQoHDQTrz1iAzcfYrbTF email=jsubotic@student.unipu.hr ts=1777726900019 status=FACE_DETECTED
2026-05-17 16:31:14,437 [INFO] ANALYZED exam=tQoHDQTrz1iAzcfYrbTF email=jsubotic@student.unipu.hr ts=1777726909536 status=FACE_DETECTED
2026-05-17 16:31:15,566 [INFO] ANALYZED exam=tQoHDQTrz1iAzcfYrbTF email=jsubotic@student.unipu.hr ts=1777726917239 status=FACE_DETECTED
2026-05-17 16:31:16,687 [INFO] ANALYZED exam=tQoHDQTrz1iAzcfYrbTF email=jsubotic@student.unipu.hr ts=1777726922985 status=FACE_DETECTED
2026-05-17 16:31:17,834 [INFO] ANALYZED exam=tQoHDQTrz1iAzcfYrbTF email=jsubotic@student.unipu.hr ts=1777726926504 status=FACE_DETECTED
2026-05-17 16:31:18,960 [INFO] ANALYZED exam=tQoHDQTrz1iAzcfYrbTF email=jsubotic@student.unipu.hr ts=1777726928055 status=FACE_DETECTED
2026-05-17 16:31:20,080 [INFO] ANALYZED exam=tQoHDQTrz1iAzcfYrbTF email=jsubotic@student.unipu.hr ts=1777726930587 status=FACE_DETECTED
2026-05-17 16:31:21,211 [INFO] ANALYZED exam=tQoHDQTrz1iAzcfYrbTF email=jsubotic@student.unipu.hr ts=1777726936148 status=FACE_DETECTED
2026-05-17 16:31:22,353 [INFO] ANALYZED exam=tQoHDQTrz1iAzcfYrbTF email=jsubotic@student.unipu.hr ts=1777726940674 status=FACE_DETECTED
2026-05-17 16:31:23,492 [INFO] ANALYZED exam=tQoHDQTrz1iAzcfYrbTF email=jsubotic@student.unipu.hr ts=1777726944211 status=FACE_DETECTED
2026-05-17 16:31:24,638 [INFO] ANALYZED exam=tQoHDQTrz1iAzcfYrbTF email=jsubotic@student.unipu.hr ts=1777726950737 status=FACE_DETECTED
2026-05-17 16:31:25,762 [INFO] ANALYZED exam=tQoHDQTrz1iAzcfYrbTF email=jsubotic@student.unipu.hr ts=1777726953404 status=FACE_DETECTED
2026-05-17 16:31:26,896 [INFO] ANALYZED exam=tQoHDQTrz1iAzcfYrbTF email=jsubotic@student.unipu.hr ts=1777726957893 status=FACE_DETECTED
2026-05-17 16:31:27,897 [INFO] ANALYZE_STOP reason=busy processed=21
2026-05-17 16:31:28,176 [INFO] BATCH_WRITE items=21
2026-05-17 16:31:39,177 [INFO] LOAD cpu=1.8% mem=+-0.6% req_rate=0.00/min idle=True
2026-05-17 16:31:39,177 [INFO] ANALYZE_BEGIN n_pending=2189
2026-05-17 16:31:40,456 [INFO] ANALYZED exam=tQoHDQTrz1iAzcfYrbTF email=jsubotic@student.unipu.hr ts=1777726968417 status=FACE_DETECTED
2026-05-17 16:31:41,597 [INFO] ANALYZED exam=tQoHDQTrz1iAzcfYrbTF email=jsubotic@student.unipu.hr ts=1777726978101 status=FACE_DETECTED
2026-05-17 16:31:42,765 [INFO] ANALYZED exam=tQoHDQTrz1iAzcfYrbTF email=jsubotic@student.unipu.hr ts=1777726980826 status=FACE_DETECTED
2026-05-17 16:31:43,883 [INFO] ANALYZED exam=tQoHDQTrz1iAzcfYrbTF email=jsubotic@student.unipu.hr ts=1777726989375 status=FACE_DETECTED
2026-05-17 16:31:45,025 [INFO] ANALYZED exam=tQoHDQTrz1iAzcfYrbTF email=jsubotic@student.unipu.hr ts=1777726993043 status=FACE_DETECTED
2026-05-17 16:31:46,150 [INFO] ANALYZED exam=tQoHDQTrz1iAzcfYrbTF email=jsubotic@student.unipu.hr ts=1777726997531 status=FACE_DETECTED
2026-05-17 16:31:47,291 [INFO] ANALYZED exam=tQoHDQTrz1iAzcfYrbTF email=jsubotic@student.unipu.hr ts=1777727008059 status=FACE_DETECTED
2026-05-17 16:31:48,429 [INFO] ANALYZED exam=tQoHDQTrz1iAzcfYrbTF email=jsubotic@student.unipu.hr ts=1777727011763 status=FACE_DETECTED
2026-05-17 16:31:49,586 [INFO] ANALYZED exam=tQoHDQTrz1iAzcfYrbTF email=jsubotic@student.unipu.hr ts=1777727016263 status=FACE_DETECTED
2026-05-17 16:31:50,743 [INFO] ANALYZED exam=tQoHDQTrz1iAzcfYrbTF email=jsubotic@student.unipu.hr ts=1777727018787 status=FACE_DETECTED
2026-05-17 16:31:51,880 [INFO] ANALYZED exam=tQoHDQTrz1iAzcfYrbTF email=jsubotic@student.unipu.hr ts=1777727027283 status=FACE_DETECTED
2026-05-17 16:31:53,027 [INFO] ANALYZED exam=tQoHDQTrz1iAzcfYrbTF email=jsubotic@student.unipu.hr ts=1777727033922 status=FACE_DETECTED
2026-05-17 16:31:54,154 [INFO] ANALYZED exam=tQoHDQTrz1iAzcfYrbTF email=jsubotic@student.unipu.hr ts=1777727042617 status=FACE_DETECTED
2026-05-17 16:31:55,274 [INFO] ANALYZED exam=tQoHDQTrz1iAzcfYrbTF email=jsubotic@student.unipu.hr ts=1777727046315 status=FACE_DETECTED
2026-05-17 16:31:56,402 [INFO] ANALYZED exam=tQoHDQTrz1iAzcfYrbTF email=jsubotic@student.unipu.hr ts=1777727052818 status=FACE_DETECTED
2026-05-17 16:31:57,526 [INFO] ANALYZED exam=tQoHDQTrz1iAzcfYrbTF email=jsubotic@student.unipu.hr ts=1777727061453 status=FACE_DETECTED
2026-05-17 16:31:58,676 [INFO] ANALYZED exam=tQoHDQTrz1iAzcfYrbTF email=jsubotic@student.unipu.hr ts=1777727070115 status=FACE_DETECTED
2026-05-17 16:31:59,820 [INFO] ANALYZED exam=tQoHDQTrz1iAzcfYrbTF email=jsubotic@student.unipu.hr ts=1777727076762 status=FACE_DETECTED
2026-05-17 16:32:00,940 [INFO] ANALYZED exam=tQoHDQTrz1iAzcfYrbTF email=jsubotic@student.unipu.hr ts=1777727086466 status=FACE_DETECTED
2026-05-17 16:32:02,068 [INFO] ANALYZED exam=tQoHDQTrz1iAzcfYrbTF email=jsubotic@student.unipu.hr ts=1777727092147 status=FACE_DETECTED
2026-05-17 16:32:03,208 [INFO] ANALYZED exam=tQoHDQTrz1iAzcfYrbTF email=jsubotic@student.unipu.hr ts=1777727094713 status=FACE_DETECTED
2026-05-17 16:32:04,335 [INFO] ANALYZED exam=tQoHDQTrz1iAzcfYrbTF email=jsubotic@student.unipu.hr ts=1777727103491 status=FACE_DETECTED
2026-05-17 16:32:05,452 [INFO] ANALYZED exam=tQoHDQTrz1iAzcfYrbTF email=jsubotic@student.unipu.hr ts=1777727114197 status=FACE_DETECTED
2026-05-17 16:32:06,582 [INFO] ANALYZED exam=tQoHDQTrz1iAzcfYrbTF email=jsubotic@student.unipu.hr ts=1777727117847 status=FACE_DETECTED
2026-05-17 16:32:07,710 [INFO] ANALYZED exam=tQoHDQTrz1iAzcfYrbTF email=jsubotic@student.unipu.hr ts=1777727123381 status=FACE_DETECTED
2026-05-17 16:32:08,844 [INFO] ANALYZED exam=tQoHDQTrz1iAzcfYrbTF email=jsubotic@student.unipu.hr ts=1777727127905 status=FACE_DETECTED
2026-05-17 16:32:09,998 [INFO] ANALYZED exam=tQoHDQTrz1iAzcfYrbTF email=jsubotic@student.unipu.hr ts=1777727130489 status=FACE_DETECTED
2026-05-17 16:32:11,182 [INFO] ANALYZED exam=tQoHDQTrz1iAzcfYrbTF email=jsubotic@student.unipu.hr ts=1777727137021 status=FACE_DETECTED
2026-05-17 16:32:12,319 [INFO] ANALYZED exam=tQoHDQTrz1iAzcfYrbTF email=jsubotic@student.unipu.hr ts=1777727145725 status=FACE_DETECTED
2026-05-17 16:32:13,456 [INFO] ANALYZED exam=tQoHDQTrz1iAzcfYrbTF email=jsubotic@student.unipu.hr ts=1777727147447 status=FACE_DETECTED
2026-05-17 16:32:14,609 [INFO] ANALYZED exam=tQoHDQTrz1iAzcfYrbTF email=jsubotic@student.unipu.hr ts=1777727156011 status=FACE_DETECTED
2026-05-17 16:32:15,730 [INFO] ANALYZED exam=tQoHDQTrz1iAzcfYrbTF email=jsubotic@student.unipu.hr ts=1777727160695 status=FACE_DETECTED
2026-05-17 16:32:16,853 [INFO] ANALYZED exam=tQoHDQTrz1iAzcfYrbTF email=jsubotic@student.unipu.hr ts=1777727170255 status=FACE_DETECTED
2026-05-17 16:32:17,988 [INFO] ANALYZED exam=tQoHDQTrz1iAzcfYrbTF email=jsubotic@student.unipu.hr ts=1777727177949 status=FACE_DETECTED
2026-05-17 16:32:19,108 [INFO] ANALYZED exam=tQoHDQTrz1iAzcfYrbTF email=jsubotic@student.unipu.hr ts=1777727181626 status=FACE_DETECTED
2026-05-17 16:32:20,232 [INFO] ANALYZED exam=tQoHDQTrz1iAzcfYrbTF email=jsubotic@student.unipu.hr ts=1777727185175 status=FACE_DETECTED
2026-05-17 16:32:21,364 [INFO] ANALYZED exam=tQoHDQTrz1iAzcfYrbTF email=jsubotic@student.unipu.hr ts=1777727189703 status=FACE_DETECTED
2026-05-17 16:32:22,478 [INFO] ANALYZED exam=tQoHDQTrz1iAzcfYrbTF email=jsubotic@student.unipu.hr ts=1777727194265 status=FACE_DETECTED
2026-05-17 16:32:23,626 [INFO] ANALYZED exam=tQoHDQTrz1iAzcfYrbTF email=jsubotic@student.unipu.hr ts=1777727197757 status=FACE_DETECTED
2026-05-17 16:32:24,755 [INFO] ANALYZED exam=tQoHDQTrz1iAzcfYrbTF email=jsubotic@student.unipu.hr ts=1777727199253 status=FACE_DETECTED
2026-05-17 16:32:25,877 [INFO] ANALYZED exam=tQoHDQTrz1iAzcfYrbTF email=jsubotic@student.unipu.hr ts=1777727205753 status=FACE_DETECTED
2026-05-17 16:32:26,878 [INFO] ANALYZE_STOP reason=busy processed=41
2026-05-17 16:32:27,066 [INFO] BATCH_WRITE items=41
2026-05-17 16:32:38,067 [INFO] LOAD cpu=2.6% mem=+-0.5% req_rate=0.00/min idle=True
2026-05-17 16:32:38,067 [INFO] ANALYZE_BEGIN n_pending=2148
2026-05-17 16:32:39,392 [INFO] ANALYZED exam=tQoHDQTrz1iAzcfYrbTF email=jsubotic@student.unipu.hr ts=1777727209451 status=FACE_DETECTED
2026-05-17 16:32:40,531 [INFO] ANALYZED exam=tQoHDQTrz1iAzcfYrbTF email=jsubotic@student.unipu.hr ts=1777727215011 status=FACE_DETECTED
2026-05-17 16:32:41,665 [INFO] ANALYZED exam=tQoHDQTrz1iAzcfYrbTF email=jsubotic@student.unipu.hr ts=1777727216517 status=FACE_DETECTED
2026-05-17 16:32:42,818 [INFO] ANALYZED exam=tQoHDQTrz1iAzcfYrbTF email=jsubotic@student.unipu.hr ts=1777727222006 status=FACE_DETECTED
2026-05-17 16:32:43,962 [INFO] ANALYZED exam=tQoHDQTrz1iAzcfYrbTF email=jsubotic@student.unipu.hr ts=1777727223545 status=FACE_DETECTED
2026-05-17 16:32:45,080 [INFO] ANALYZED exam=tQoHDQTrz1iAzcfYrbTF email=jsubotic@student.unipu.hr ts=1777727226080 status=FACE_DETECTED
2026-05-17 16:32:46,217 [INFO] ANALYZED exam=tQoHDQTrz1iAzcfYrbTF email=jsubotic@student.unipu.hr ts=1777727231629 status=FACE_DETECTED
2026-05-17 16:32:47,354 [INFO] ANALYZED exam=tQoHDQTrz1iAzcfYrbTF email=jsubotic@student.unipu.hr ts=1777727240161 status=FACE_DETECTED
2026-05-17 16:32:48,500 [INFO] ANALYZED exam=tQoHDQTrz1iAzcfYrbTF email=jsubotic@student.unipu.hr ts=1777727247921 status=FACE_DETECTED
2026-05-17 16:32:49,648 [INFO] ANALYZED exam=tQoHDQTrz1iAzcfYrbTF email=jsubotic@student.unipu.hr ts=1777727252631 status=FACE_DETECTED
2026-05-17 16:32:50,806 [INFO] ANALYZED exam=tQoHDQTrz1iAzcfYrbTF email=jsubotic@student.unipu.hr ts=1777727261323 status=FACE_DETECTED
2026-05-17 16:32:51,955 [INFO] ANALYZED exam=tQoHDQTrz1iAzcfYrbTF email=jsubotic@student.unipu.hr ts=1777727271021 status=FACE_DETECTED
2026-05-17 16:32:53,109 [INFO] ANALYZED exam=tQoHDQTrz1iAzcfYrbTF email=jsubotic@student.unipu.hr ts=1777727281767 status=FACE_DETECTED
2026-05-17 16:32:54,232 [INFO] ANALYZED exam=tQoHDQTrz1iAzcfYrbTF email=jsubotic@student.unipu.hr ts=1777727284453 status=FACE_DETECTED
2026-05-17 16:32:55,362 [INFO] ANALYZED exam=tQoHDQTrz1iAzcfYrbTF email=jsubotic@student.unipu.hr ts=1777727293003 status=FACE_DETECTED
2026-05-17 16:32:56,363 [INFO] ANALYZE_STOP reason=busy processed=15
2026-05-17 16:32:56,568 [INFO] BATCH_WRITE items=15
2026-05-17 16:33:07,569 [INFO] LOAD cpu=2.3% mem=+-0.7% req_rate=0.00/min idle=True
2026-05-17 16:33:07,569 [INFO] ANALYZE_BEGIN n_pending=2133
2026-05-17 16:33:08,867 [INFO] ANALYZED exam=tQoHDQTrz1iAzcfYrbTF email=jsubotic@student.unipu.hr ts=1777727299736 status=FACE_DETECTED
2026-05-17 16:33:10,003 [INFO] ANALYZED exam=tQoHDQTrz1iAzcfYrbTF email=jsubotic@student.unipu.hr ts=1777727304405 status=FACE_DETECTED
2026-05-17 16:33:11,159 [INFO] ANALYZED exam=tQoHDQTrz1iAzcfYrbTF email=jsubotic@student.unipu.hr ts=1777727305959 status=FACE_DETECTED
2026-05-17 16:33:12,285 [INFO] ANALYZED exam=tQoHDQTrz1iAzcfYrbTF email=jsubotic@student.unipu.hr ts=1777727309509 status=FACE_DETECTED
2026-05-17 16:33:13,423 [INFO] ANALYZED exam=tQoHDQTrz1iAzcfYrbTF email=jsubotic@student.unipu.hr ts=1777727314095 status=FACE_DETECTED
2026-05-17 16:33:14,555 [INFO] ANALYZED exam=tQoHDQTrz1iAzcfYrbTF email=jsubotic@student.unipu.hr ts=1777727315662 status=FACE_DETECTED
2026-05-17 16:33:15,675 [INFO] ANALYZED exam=tQoHDQTrz1iAzcfYrbTF email=jsubotic@student.unipu.hr ts=1777727318221 status=FACE_DETECTED
2026-05-17 16:33:16,783 [INFO] ANALYZED exam=tQoHDQTrz1iAzcfYrbTF email=jzagar@student.unipu.hr ts=1777390490080 status=NO_FACE_DETECTED
2026-05-17 16:33:17,890 [INFO] ANALYZED exam=tQoHDQTrz1iAzcfYrbTF email=jzagar@student.unipu.hr ts=1777390493044 status=NO_FACE_DETECTED
2026-05-17 16:33:19,006 [INFO] ANALYZED exam=tQoHDQTrz1iAzcfYrbTF email=jzagar@student.unipu.hr ts=1777390497476 status=NO_FACE_DETECTED
2026-05-17 16:33:20,119 [INFO] ANALYZED exam=tQoHDQTrz1iAzcfYrbTF email=jzagar@student.unipu.hr ts=1777500084158 status=NO_FACE_DETECTED
2026-05-17 16:33:21,235 [INFO] ANALYZED exam=tQoHDQTrz1iAzcfYrbTF email=jzagar@student.unipu.hr ts=1777500085107 status=NO_FACE_DETECTED
2026-05-17 16:33:22,342 [INFO] ANALYZED exam=tQoHDQTrz1iAzcfYrbTF email=jzagar@student.unipu.hr ts=1777500094547 status=NO_FACE_DETECTED
2026-05-17 16:33:23,343 [INFO] ANALYZE_STOP reason=busy processed=13
2026-05-17 16:33:23,473 [INFO] BATCH_WRITE items=13
2026-05-17 16:33:34,474 [INFO] LOAD cpu=1.5% mem=+-0.5% req_rate=0.00/min idle=True
2026-05-17 16:33:34,474 [INFO] ANALYZE_BEGIN n_pending=2120
2026-05-17 16:33:35,755 [INFO] ANALYZED exam=tQoHDQTrz1iAzcfYrbTF email=jzagar@student.unipu.hr ts=1777500102203 status=NO_FACE_DETECTED
2026-05-17 16:33:36,871 [INFO] ANALYZED exam=tQoHDQTrz1iAzcfYrbTF email=jzagar@student.unipu.hr ts=1777500111799 status=NO_FACE_DETECTED
2026-05-17 16:33:37,988 [INFO] ANALYZED exam=tQoHDQTrz1iAzcfYrbTF email=jzagar@student.unipu.hr ts=1777500120389 status=NO_FACE_DETECTED
2026-05-17 16:33:39,105 [INFO] ANALYZED exam=tQoHDQTrz1iAzcfYrbTF email=jzagar@student.unipu.hr ts=1777500130983 status=NO_FACE_DETECTED
2026-05-17 16:33:40,219 [INFO] ANALYZED exam=tQoHDQTrz1iAzcfYrbTF email=jzagar@student.unipu.hr ts=1777500133569 status=NO_FACE_DETECTED
2026-05-17 16:33:41,332 [INFO] ANALYZED exam=tQoHDQTrz1iAzcfYrbTF email=jzagar@student.unipu.hr ts=1777500137045 status=NO_FACE_DETECTED
2026-05-17 16:33:42,447 [INFO] ANALYZED exam=tQoHDQTrz1iAzcfYrbTF email=jzagar@student.unipu.hr ts=1777500143489 status=NO_FACE_DETECTED
2026-05-17 16:33:43,561 [INFO] ANALYZED exam=tQoHDQTrz1iAzcfYrbTF email=jzagar@student.unipu.hr ts=1777500149082 status=NO_FACE_DETECTED
2026-05-17 16:33:44,673 [INFO] ANALYZED exam=tQoHDQTrz1iAzcfYrbTF email=jzagar@student.unipu.hr ts=1777500158545 status=NO_FACE_DETECTED
2026-05-17 16:33:45,788 [INFO] ANALYZED exam=tQoHDQTrz1iAzcfYrbTF email=jzagar@student.unipu.hr ts=1777500165134 status=NO_FACE_DETECTED
2026-05-17 16:33:46,904 [INFO] ANALYZED exam=tQoHDQTrz1iAzcfYrbTF email=jzagar@student.unipu.hr ts=1777500172412 status=NO_FACE_DETECTED
2026-05-17 16:33:48,020 [INFO] ANALYZED exam=tQoHDQTrz1iAzcfYrbTF email=jzagar@student.unipu.hr ts=1777500181405 status=NO_FACE_DETECTED
2026-05-17 16:33:49,135 [INFO] ANALYZED exam=tQoHDQTrz1iAzcfYrbTF email=jzagar@student.unipu.hr ts=1777500191033 status=NO_FACE_DETECTED
2026-05-17 16:33:50,249 [INFO] ANALYZED exam=tQoHDQTrz1iAzcfYrbTF email=jzagar@student.unipu.hr ts=1777500198619 status=NO_FACE_DETECTED
2026-05-17 16:33:51,367 [INFO] ANALYZED exam=tQoHDQTrz1iAzcfYrbTF email=jzagar@student.unipu.hr ts=1777500206195 status=NO_FACE_DETECTED
2026-05-17 16:33:52,479 [INFO] ANALYZED exam=tQoHDQTrz1iAzcfYrbTF email=jzagar@student.unipu.hr ts=1777500207785 status=NO_FACE_DETECTED
2026-05-17 16:33:53,597 [INFO] ANALYZED exam=tQoHDQTrz1iAzcfYrbTF email=jzagar@student.unipu.hr ts=1777500213218 status=NO_FACE_DETECTED
2026-05-17 16:33:54,711 [INFO] ANALYZED exam=tQoHDQTrz1iAzcfYrbTF email=jzagar@student.unipu.hr ts=1777500215659 status=NO_FACE_DETECTED
2026-05-17 16:33:55,825 [INFO] ANALYZED exam=tQoHDQTrz1iAzcfYrbTF email=jzagar@student.unipu.hr ts=1777500225085 status=NO_FACE_DETECTED
2026-05-17 16:33:56,939 [INFO] ANALYZED exam=tQoHDQTrz1iAzcfYrbTF email=jzagar@student.unipu.hr ts=1777500226678 status=NO_FACE_DETECTED
2026-05-17 16:33:58,052 [INFO] ANALYZED exam=tQoHDQTrz1iAzcfYrbTF email=jzagar@student.unipu.hr ts=1777500232147 status=NO_FACE_DETECTED
2026-05-17 16:33:59,165 [INFO] ANALYZED exam=tQoHDQTrz1iAzcfYrbTF email=jzagar@student.unipu.hr ts=1777500241597 status=NO_FACE_DETECTED
2026-05-17 16:34:00,166 [INFO] ANALYZE_STOP reason=busy processed=22
2026-05-17 16:34:00,306 [INFO] BATCH_WRITE items=22
2026-05-17 16:34:15,159 [INFO] LOAD cpu=1.2% mem=+-0.5% req_rate=0.00/min idle=True
2026-05-17 16:34:15,160 [INFO] ANALYZE_BEGIN n_pending=2098
2026-05-17 16:34:16,276 [INFO] ANALYZED exam=tQoHDQTrz1iAzcfYrbTF email=jzagar@student.unipu.hr ts=1777500251211 status=NO_FACE_DETECTED
2026-05-17 16:34:17,387 [INFO] ANALYZED exam=tQoHDQTrz1iAzcfYrbTF email=jzagar@student.unipu.hr ts=1777500257817 status=NO_FACE_DETECTED
2026-05-17 16:34:18,501 [INFO] ANALYZED exam=tQoHDQTrz1iAzcfYrbTF email=jzagar@student.unipu.hr ts=1777500263425 status=NO_FACE_DETECTED
2026-05-17 16:34:19,618 [INFO] ANALYZED exam=tQoHDQTrz1iAzcfYrbTF email=jzagar@student.unipu.hr ts=1777500268865 status=NO_FACE_DETECTED
2026-05-17 16:34:20,730 [INFO] ANALYZED exam=tQoHDQTrz1iAzcfYrbTF email=jzagar@student.unipu.hr ts=1777500272300 status=NO_FACE_DETECTED
2026-05-17 16:34:21,844 [INFO] ANALYZED exam=tQoHDQTrz1iAzcfYrbTF email=jzagar@student.unipu.hr ts=1777500273739 status=NO_FACE_DETECTED
2026-05-17 16:34:22,957 [INFO] ANALYZED exam=tQoHDQTrz1iAzcfYrbTF email=jzagar@student.unipu.hr ts=1777500280222 status=NO_FACE_DETECTED
2026-05-17 16:34:24,071 [INFO] ANALYZED exam=tQoHDQTrz1iAzcfYrbTF email=jzagar@student.unipu.hr ts=1777500281803 status=NO_FACE_DETECTED
2026-05-17 16:34:25,184 [INFO] ANALYZED exam=tQoHDQTrz1iAzcfYrbTF email=jzagar@student.unipu.hr ts=1777500287227 status=NO_FACE_DETECTED
2026-05-17 16:34:26,294 [INFO] ANALYZED exam=tQoHDQTrz1iAzcfYrbTF email=jzagar@student.unipu.hr ts=1777500294741 status=NO_FACE_DETECTED
2026-05-17 16:34:27,407 [INFO] ANALYZED exam=tQoHDQTrz1iAzcfYrbTF email=jzagar@student.unipu.hr ts=1777500305295 status=NO_FACE_DETECTED
2026-05-17 16:34:28,516 [INFO] ANALYZED exam=tQoHDQTrz1iAzcfYrbTF email=jzagar@student.unipu.hr ts=1777500314875 status=NO_FACE_DETECTED
2026-05-17 16:34:29,629 [INFO] ANALYZED exam=tQoHDQTrz1iAzcfYrbTF email=jzagar@student.unipu.hr ts=1777500324485 status=NO_FACE_DETECTED
2026-05-17 16:34:30,741 [INFO] ANALYZED exam=tQoHDQTrz1iAzcfYrbTF email=jzagar@student.unipu.hr ts=1777500332144 status=NO_FACE_DETECTED
2026-05-17 16:34:31,857 [INFO] ANALYZED exam=tQoHDQTrz1iAzcfYrbTF email=jzagar@student.unipu.hr ts=1777500333781 status=NO_FACE_DETECTED
2026-05-17 16:34:32,967 [INFO] ANALYZED exam=tQoHDQTrz1iAzcfYrbTF email=jzagar@student.unipu.hr ts=1777500339267 status=NO_FACE_DETECTED
2026-05-17 16:34:34,080 [INFO] ANALYZED exam=tQoHDQTrz1iAzcfYrbTF email=jzagar@student.unipu.hr ts=1777500349749 status=NO_FACE_DETECTED
2026-05-17 16:34:35,081 [INFO] ANALYZE_STOP reason=busy processed=17
2026-05-17 16:34:35,222 [INFO] BATCH_WRITE items=17
2026-05-17 16:34:46,223 [INFO] LOAD cpu=1.8% mem=+-0.4% req_rate=0.00/min idle=True
2026-05-17 16:34:46,224 [INFO] ANALYZE_BEGIN n_pending=2081
2026-05-17 16:34:47,483 [INFO] ANALYZED exam=tQoHDQTrz1iAzcfYrbTF email=jzagar@student.unipu.hr ts=1777500351439 status=NO_FACE_DETECTED
2026-05-17 16:34:48,593 [INFO] ANALYZED exam=tQoHDQTrz1iAzcfYrbTF email=jzagar@student.unipu.hr ts=1777500352915 status=NO_FACE_DETECTED
2026-05-17 16:34:49,706 [INFO] ANALYZED exam=tQoHDQTrz1iAzcfYrbTF email=jzagar@student.unipu.hr ts=1777500356384 status=NO_FACE_DETECTED
2026-05-17 16:34:50,818 [INFO] ANALYZED exam=tQoHDQTrz1iAzcfYrbTF email=jzagar@student.unipu.hr ts=1777500362861 status=NO_FACE_DETECTED
2026-05-17 16:34:51,930 [INFO] ANALYZED exam=tQoHDQTrz1iAzcfYrbTF email=jzagar@student.unipu.hr ts=1777500370504 status=NO_FACE_DETECTED
2026-05-17 16:34:53,041 [INFO] ANALYZED exam=tQoHDQTrz1iAzcfYrbTF email=jzagar@student.unipu.hr ts=1777500381165 status=NO_FACE_DETECTED
2026-05-17 16:34:54,154 [INFO] ANALYZED exam=tQoHDQTrz1iAzcfYrbTF email=jzagar@student.unipu.hr ts=1777500390811 status=NO_FACE_DETECTED
2026-05-17 16:34:55,261 [INFO] ANALYZED exam=tQoHDQTrz1iAzcfYrbTF email=jzagar@student.unipu.hr ts=1777500399489 status=NO_FACE_DETECTED
2026-05-17 16:34:56,373 [INFO] ANALYZED exam=tQoHDQTrz1iAzcfYrbTF email=jzagar@student.unipu.hr ts=1777500404405 status=NO_FACE_DETECTED
2026-05-17 16:34:57,483 [INFO] ANALYZED exam=tQoHDQTrz1iAzcfYrbTF email=jzagar@student.unipu.hr ts=1777500412853 status=NO_FACE_DETECTED
2026-05-17 16:34:58,586 [INFO] ANALYZED exam=tQoHDQTrz1iAzcfYrbTF email=jzagar@student.unipu.hr ts=1777500418463 status=NO_FACE_DETECTED
2026-05-17 16:34:59,691 [INFO] ANALYZED exam=tQoHDQTrz1iAzcfYrbTF email=jzagar@student.unipu.hr ts=1777500420921 status=NO_FACE_DETECTED
2026-05-17 16:35:00,801 [INFO] ANALYZED exam=tQoHDQTrz1iAzcfYrbTF email=jzagar@student.unipu.hr ts=1777500427381 status=NO_FACE_DETECTED
2026-05-17 16:35:01,911 [INFO] ANALYZED exam=tQoHDQTrz1iAzcfYrbTF email=jzagar@student.unipu.hr ts=1777500438015 status=NO_FACE_DETECTED
2026-05-17 16:35:03,027 [INFO] ANALYZED exam=tQoHDQTrz1iAzcfYrbTF email=jzagar@student.unipu.hr ts=1777500443603 status=NO_FACE_DETECTED
2026-05-17 16:35:04,028 [INFO] ANALYZE_STOP reason=busy processed=15
2026-05-17 16:35:04,156 [INFO] BATCH_WRITE items=15
2026-05-17 16:35:15,157 [INFO] LOAD cpu=1.9% mem=+-0.5% req_rate=0.00/min idle=True
2026-05-17 16:35:15,158 [INFO] ANALYZE_BEGIN n_pending=2066
2026-05-17 16:35:16,432 [INFO] ANALYZED exam=tQoHDQTrz1iAzcfYrbTF email=jzagar@student.unipu.hr ts=1777500453039 status=NO_FACE_DETECTED
2026-05-17 16:35:17,545 [INFO] ANALYZED exam=tQoHDQTrz1iAzcfYrbTF email=jzagar@student.unipu.hr ts=1777500454661 status=NO_FACE_DETECTED
2026-05-17 16:35:18,657 [INFO] ANALYZED exam=tQoHDQTrz1iAzcfYrbTF email=jzagar@student.unipu.hr ts=1777500464123 status=NO_FACE_DETECTED
2026-05-17 16:35:19,767 [INFO] ANALYZED exam=tQoHDQTrz1iAzcfYrbTF email=jzagar@student.unipu.hr ts=1777500468764 status=NO_FACE_DETECTED
2026-05-17 16:35:20,881 [INFO] ANALYZED exam=tQoHDQTrz1iAzcfYrbTF email=jzagar@student.unipu.hr ts=1777500474243 status=NO_FACE_DETECTED
2026-05-17 16:35:21,994 [INFO] ANALYZED exam=tQoHDQTrz1iAzcfYrbTF email=jzagar@student.unipu.hr ts=1777500484717 status=NO_FACE_DETECTED
2026-05-17 16:35:23,105 [INFO] ANALYZED exam=tQoHDQTrz1iAzcfYrbTF email=jzagar@student.unipu.hr ts=1777500494370 status=NO_FACE_DETECTED
2026-05-17 16:35:24,216 [INFO] ANALYZED exam=tQoHDQTrz1iAzcfYrbTF email=jzagar@student.unipu.hr ts=1777500499953 status=NO_FACE_DETECTED
2026-05-17 16:35:25,329 [INFO] ANALYZED exam=tQoHDQTrz1iAzcfYrbTF email=jzagar@student.unipu.hr ts=1777500502423 status=NO_FACE_DETECTED
2026-05-17 16:35:26,442 [INFO] ANALYZED exam=tQoHDQTrz1iAzcfYrbTF email=jzagar@student.unipu.hr ts=1777500511860 status=NO_FACE_DETECTED
2026-05-17 16:35:27,554 [INFO] ANALYZED exam=tQoHDQTrz1iAzcfYrbTF email=jzagar@student.unipu.hr ts=1777500518486 status=NO_FACE_DETECTED
2026-05-17 16:35:28,663 [INFO] ANALYZED exam=tQoHDQTrz1iAzcfYrbTF email=jzagar@student.unipu.hr ts=1777500521080 status=NO_FACE_DETECTED
2026-05-17 16:35:29,778 [INFO] ANALYZED exam=tQoHDQTrz1iAzcfYrbTF email=jzagar@student.unipu.hr ts=1777500523414 status=NO_FACE_DETECTED
2026-05-17 16:35:30,883 [INFO] ANALYZED exam=tQoHDQTrz1iAzcfYrbTF email=jzagar@student.unipu.hr ts=1777500526866 status=NO_FACE_DETECTED
2026-05-17 16:35:31,999 [INFO] ANALYZED exam=tQoHDQTrz1iAzcfYrbTF email=jzagar@student.unipu.hr ts=1777500536329 status=NO_FACE_DETECTED
2026-05-17 16:35:33,113 [INFO] ANALYZED exam=tQoHDQTrz1iAzcfYrbTF email=jzagar@student.unipu.hr ts=1777500540942 status=NO_FACE_DETECTED
2026-05-17 16:35:34,224 [INFO] ANALYZED exam=tQoHDQTrz1iAzcfYrbTF email=jzagar@student.unipu.hr ts=1777500543411 status=NO_FACE_DETECTED
2026-05-17 16:35:35,338 [INFO] ANALYZED exam=tQoHDQTrz1iAzcfYrbTF email=jzagar@student.unipu.hr ts=1777500553870 status=NO_FACE_DETECTED
2026-05-17 16:35:36,444 [INFO] ANALYZED exam=tQoHDQTrz1iAzcfYrbTF email=jzagar@student.unipu.hr ts=1777500559517 status=NO_FACE_DETECTED
2026-05-17 16:35:37,556 [INFO] ANALYZED exam=tQoHDQTrz1iAzcfYrbTF email=jzagar@student.unipu.hr ts=1777500561949 status=NO_FACE_DETECTED
2026-05-17 16:35:38,677 [INFO] ANALYZED exam=tQoHDQTrz1iAzcfYrbTF email=jzagar@student.unipu.hr ts=1777500572415 status=NO_FACE_DETECTED
2026-05-17 16:35:39,789 [INFO] ANALYZED exam=tQoHDQTrz1iAzcfYrbTF email=jzagar@student.unipu.hr ts=1777500578036 status=NO_FACE_DETECTED
2026-05-17 16:35:40,900 [INFO] ANALYZED exam=tQoHDQTrz1iAzcfYrbTF email=jzagar@student.unipu.hr ts=1777500586527 status=NO_FACE_DETECTED
2026-05-17 16:35:42,009 [INFO] ANALYZED exam=tQoHDQTrz1iAzcfYrbTF email=jzagar@student.unipu.hr ts=1777500588147 status=NO_FACE_DETECTED
2026-05-17 16:35:43,120 [INFO] ANALYZED exam=tQoHDQTrz1iAzcfYrbTF email=jzagar@student.unipu.hr ts=1777500589623 status=NO_FACE_DETECTED
2026-05-17 16:35:44,230 [INFO] ANALYZED exam=tQoHDQTrz1iAzcfYrbTF email=jzagar@student.unipu.hr ts=1777500596097 status=NO_FACE_DETECTED
2026-05-17 16:35:45,339 [INFO] ANALYZED exam=tQoHDQTrz1iAzcfYrbTF email=jzagar@student.unipu.hr ts=1777500598422 status=NO_FACE_DETECTED
2026-05-17 16:35:46,450 [INFO] ANALYZED exam=tQoHDQTrz1iAzcfYrbTF email=jzagar@student.unipu.hr ts=1777500603881 status=NO_FACE_DETECTED
2026-05-17 16:35:47,559 [INFO] ANALYZED exam=tQoHDQTrz1iAzcfYrbTF email=jzagar@student.unipu.hr ts=1777500611339 status=NO_FACE_DETECTED
2026-05-17 16:35:48,672 [INFO] ANALYZED exam=tQoHDQTrz1iAzcfYrbTF email=jzagar@student.unipu.hr ts=1777500613968 status=NO_FACE_DETECTED
2026-05-17 16:35:49,782 [INFO] ANALYZED exam=tQoHDQTrz1iAzcfYrbTF email=jzagar@student.unipu.hr ts=1777500618441 status=NO_FACE_DETECTED
2026-05-17 16:35:50,896 [INFO] ANALYZED exam=tQoHDQTrz1iAzcfYrbTF email=jzagar@student.unipu.hr ts=1777500621921 status=NO_FACE_DETECTED
2026-05-17 16:35:52,007 [INFO] ANALYZED exam=tQoHDQTrz1iAzcfYrbTF email=jzagar@student.unipu.hr ts=1777500627402 status=NO_FACE_DETECTED
2026-05-17 16:35:53,119 [INFO] ANALYZED exam=tQoHDQTrz1iAzcfYrbTF email=jzagar@student.unipu.hr ts=1777500638405 status=NO_FACE_DETECTED
2026-05-17 16:35:54,230 [INFO] ANALYZED exam=tQoHDQTrz1iAzcfYrbTF email=jzagar@student.unipu.hr ts=1777500648059 status=NO_FACE_DETECTED
2026-05-17 16:35:55,342 [INFO] ANALYZED exam=tQoHDQTrz1iAzcfYrbTF email=jzagar@student.unipu.hr ts=1777500653664 status=NO_FACE_DETECTED
2026-05-17 16:35:56,458 [INFO] ANALYZED exam=tQoHDQTrz1iAzcfYrbTF email=jzagar@student.unipu.hr ts=1777500661139 status=NO_FACE_DETECTED
2026-05-17 16:35:57,571 [INFO] ANALYZED exam=tQoHDQTrz1iAzcfYrbTF email=jzagar@student.unipu.hr ts=1777500664802 status=NO_FACE_DETECTED
2026-05-17 16:35:58,684 [INFO] ANALYZED exam=tQoHDQTrz1iAzcfYrbTF email=jzagar@student.unipu.hr ts=1777500673243 status=NO_FACE_DETECTED
2026-05-17 16:35:59,799 [INFO] ANALYZED exam=tQoHDQTrz1iAzcfYrbTF email=jzagar@student.unipu.hr ts=1777500676846 status=NO_FACE_DETECTED
2026-05-17 16:36:00,908 [INFO] ANALYZED exam=tQoHDQTrz1iAzcfYrbTF email=jzagar@student.unipu.hr ts=1777500686293 status=NO_FACE_DETECTED
2026-05-17 16:36:02,017 [INFO] ANALYZED exam=tQoHDQTrz1iAzcfYrbTF email=jzagar@student.unipu.hr ts=1777500692901 status=NO_FACE_DETECTED
2026-05-17 16:36:03,132 [INFO] ANALYZED exam=tQoHDQTrz1iAzcfYrbTF email=jzagar@student.unipu.hr ts=1777500702533 status=NO_FACE_DETECTED
2026-05-17 16:36:04,244 [INFO] ANALYZED exam=tQoHDQTrz1iAzcfYrbTF email=jzagar@student.unipu.hr ts=1777500707160 status=NO_FACE_DETECTED
2026-05-17 16:36:05,355 [INFO] ANALYZED exam=tQoHDQTrz1iAzcfYrbTF email=jzagar@student.unipu.hr ts=1777500708650 status=NO_FACE_DETECTED
2026-05-17 16:36:06,469 [INFO] ANALYZED exam=tQoHDQTrz1iAzcfYrbTF email=jzagar@student.unipu.hr ts=1777500715129 status=NO_FACE_DETECTED
2026-05-17 16:36:07,582 [INFO] ANALYZED exam=tQoHDQTrz1iAzcfYrbTF email=jzagar@student.unipu.hr ts=1777500726341 status=NO_FACE_DETECTED
2026-05-17 16:36:08,692 [INFO] ANALYZED exam=tQoHDQTrz1iAzcfYrbTF email=jzagar@student.unipu.hr ts=1777500730421 status=NO_FACE_DETECTED
2026-05-17 16:36:09,806 [INFO] ANALYZED exam=tQoHDQTrz1iAzcfYrbTF email=jzagar@student.unipu.hr ts=1777500733897 status=NO_FACE_DETECTED
2026-05-17 16:36:10,929 [INFO] ANALYZED exam=tQoHDQTrz1iAzcfYrbTF email=jzagar@student.unipu.hr ts=1777500737375 status=NO_FACE_DETECTED
2026-05-17 16:36:11,930 [INFO] ANALYZE_STOP reason=busy processed=50
2026-05-17 16:36:12,380 [INFO] BATCH_WRITE items=50
2026-05-17 16:36:23,381 [INFO] LOAD cpu=2.8% mem=+-0.5% req_rate=0.00/min idle=True
2026-05-17 16:36:23,381 [INFO] ANALYZE_BEGIN n_pending=2016
2026-05-17 16:36:24,647 [INFO] ANALYZED exam=tQoHDQTrz1iAzcfYrbTF email=jzagar@student.unipu.hr ts=1777500738845 status=NO_FACE_DETECTED
2026-05-17 16:36:25,760 [INFO] ANALYZED exam=tQoHDQTrz1iAzcfYrbTF email=jzagar@student.unipu.hr ts=1777500748319 status=NO_FACE_DETECTED
2026-05-17 16:36:26,874 [INFO] ANALYZED exam=tQoHDQTrz1iAzcfYrbTF email=jzagar@student.unipu.hr ts=1777500755926 status=NO_FACE_DETECTED
2026-05-17 16:36:27,986 [INFO] ANALYZED exam=tQoHDQTrz1iAzcfYrbTF email=jzagar@student.unipu.hr ts=1777500765533 status=NO_FACE_DETECTED
2026-05-17 16:36:29,102 [INFO] ANALYZED exam=tQoHDQTrz1iAzcfYrbTF email=jzagar@student.unipu.hr ts=1777500767163 status=NO_FACE_DETECTED
2026-05-17 16:36:30,217 [INFO] ANALYZED exam=tQoHDQTrz1iAzcfYrbTF email=jzagar@student.unipu.hr ts=1777500769626 status=NO_FACE_DETECTED
2026-05-17 16:36:31,329 [INFO] ANALYZED exam=tQoHDQTrz1iAzcfYrbTF email=jzagar@student.unipu.hr ts=1777500780421 status=NO_FACE_DETECTED
2026-05-17 16:36:32,442 [INFO] ANALYZED exam=tQoHDQTrz1iAzcfYrbTF email=jzagar@student.unipu.hr ts=1777500786048 status=NO_FACE_DETECTED
2026-05-17 16:36:33,556 [INFO] ANALYZED exam=tQoHDQTrz1iAzcfYrbTF email=jzagar@student.unipu.hr ts=1777500792513 status=NO_FACE_DETECTED
2026-05-17 16:36:34,666 [INFO] ANALYZED exam=tQoHDQTrz1iAzcfYrbTF email=jzagar@student.unipu.hr ts=1777500802146 status=NO_FACE_DETECTED
2026-05-17 16:36:35,781 [INFO] ANALYZED exam=tQoHDQTrz1iAzcfYrbTF email=jzagar@student.unipu.hr ts=1777500811739 status=NO_FACE_DETECTED
2026-05-17 16:36:36,891 [INFO] ANALYZED exam=tQoHDQTrz1iAzcfYrbTF email=jzagar@student.unipu.hr ts=1777500818313 status=NO_FACE_DETECTED
2026-05-17 16:36:38,003 [INFO] ANALYZED exam=tQoHDQTrz1iAzcfYrbTF email=jzagar@student.unipu.hr ts=1777500820979 status=NO_FACE_DETECTED
2026-05-17 16:36:39,108 [INFO] ANALYZED exam=tQoHDQTrz1iAzcfYrbTF email=jzagar@student.unipu.hr ts=1777500822457 status=NO_FACE_DETECTED
2026-05-17 16:36:40,218 [INFO] ANALYZED exam=tQoHDQTrz1iAzcfYrbTF email=jzagar@student.unipu.hr ts=1777500828919 status=NO_FACE_DETECTED
2026-05-17 16:36:41,328 [INFO] ANALYZED exam=tQoHDQTrz1iAzcfYrbTF email=jzagar@student.unipu.hr ts=1777500839562 status=NO_FACE_DETECTED
2026-05-17 16:36:42,441 [INFO] ANALYZED exam=tQoHDQTrz1iAzcfYrbTF email=kjurkovi2@student.unipu.hr ts=1777801917582 status=NO_FACE_DETECTED
2026-05-17 16:36:43,556 [INFO] ANALYZED exam=tQoHDQTrz1iAzcfYrbTF email=kjurkovi2@student.unipu.hr ts=1777801927519 status=NO_FACE_DETECTED
2026-05-17 16:36:44,671 [INFO] ANALYZED exam=tQoHDQTrz1iAzcfYrbTF email=kjurkovi2@student.unipu.hr ts=1777801936014 status=NO_FACE_DETECTED
2026-05-17 16:36:45,782 [INFO] ANALYZED exam=tQoHDQTrz1iAzcfYrbTF email=kjurkovi2@student.unipu.hr ts=1777801938693 status=NO_FACE_DETECTED
2026-05-17 16:36:46,783 [INFO] ANALYZE_STOP reason=busy processed=20
2026-05-17 16:36:46,916 [INFO] BATCH_WRITE items=20
2026-05-17 16:36:57,917 [INFO] LOAD cpu=3.2% mem=+-0.8% req_rate=0.00/min idle=True
2026-05-17 16:36:57,917 [INFO] ANALYZE_BEGIN n_pending=1996
2026-05-17 16:36:59,195 [INFO] ANALYZED exam=tQoHDQTrz1iAzcfYrbTF email=kjurkovi2@student.unipu.hr ts=1777801940240 status=NO_FACE_DETECTED
2026-05-17 16:37:00,307 [INFO] ANALYZED exam=tQoHDQTrz1iAzcfYrbTF email=kjurkovi2@student.unipu.hr ts=1777801941785 status=NO_FACE_DETECTED
2026-05-17 16:37:01,415 [INFO] ANALYZED exam=tQoHDQTrz1iAzcfYrbTF email=kjurkovi2@student.unipu.hr ts=1777801946306 status=NO_FACE_DETECTED
2026-05-17 16:37:02,528 [INFO] ANALYZED exam=tQoHDQTrz1iAzcfYrbTF email=kjurkovi2@student.unipu.hr ts=1777801950898 status=NO_FACE_DETECTED
2026-05-17 16:37:03,633 [INFO] ANALYZED exam=tQoHDQTrz1iAzcfYrbTF email=kjurkovi2@student.unipu.hr ts=1777801957396 status=NO_FACE_DETECTED
2026-05-17 16:37:04,745 [INFO] ANALYZED exam=tQoHDQTrz1iAzcfYrbTF email=kjurkovi2@student.unipu.hr ts=1777801963938 status=NO_FACE_DETECTED
2026-05-17 16:37:05,859 [INFO] ANALYZED exam=tQoHDQTrz1iAzcfYrbTF email=kjurkovi2@student.unipu.hr ts=1777801970598 status=NO_FACE_DETECTED
2026-05-17 16:37:06,970 [INFO] ANALYZED exam=tQoHDQTrz1iAzcfYrbTF email=kjurkovi2@student.unipu.hr ts=1777801972614 status=NO_FACE_DETECTED
2026-05-17 16:37:08,081 [INFO] ANALYZED exam=tQoHDQTrz1iAzcfYrbTF email=kjurkovi2@student.unipu.hr ts=1777801980170 status=NO_FACE_DETECTED
2026-05-17 16:37:09,196 [INFO] ANALYZED exam=tQoHDQTrz1iAzcfYrbTF email=kjurkovi2@student.unipu.hr ts=1777801987876 status=NO_FACE_DETECTED
2026-05-17 16:37:10,306 [INFO] ANALYZED exam=tQoHDQTrz1iAzcfYrbTF email=kjurkovi2@student.unipu.hr ts=1777801992378 status=NO_FACE_DETECTED
2026-05-17 16:37:11,420 [INFO] ANALYZED exam=tQoHDQTrz1iAzcfYrbTF email=kjurkovi2@student.unipu.hr ts=1777801998912 status=NO_FACE_DETECTED
2026-05-17 16:37:12,534 [INFO] ANALYZED exam=tQoHDQTrz1iAzcfYrbTF email=kjurkovi2@student.unipu.hr ts=1777802000602 status=NO_FACE_DETECTED
2026-05-17 16:37:13,647 [INFO] ANALYZED exam=tQoHDQTrz1iAzcfYrbTF email=kjurkovi2@student.unipu.hr ts=1777802006358 status=NO_FACE_DETECTED
2026-05-17 16:37:14,757 [INFO] ANALYZED exam=tQoHDQTrz1iAzcfYrbTF email=kjurkovi2@student.unipu.hr ts=1777802007892 status=NO_FACE_DETECTED
2026-05-17 16:37:15,872 [INFO] ANALYZED exam=tQoHDQTrz1iAzcfYrbTF email=kjurkovi2@student.unipu.hr ts=1777802012430 status=NO_FACE_DETECTED
2026-05-17 16:37:16,984 [INFO] ANALYZED exam=tQoHDQTrz1iAzcfYrbTF email=kjurkovi2@student.unipu.hr ts=1777802014614 status=NO_FACE_DETECTED
2026-05-17 16:37:18,097 [INFO] ANALYZED exam=tQoHDQTrz1iAzcfYrbTF email=kjurkovi2@student.unipu.hr ts=1777802019146 status=NO_FACE_DETECTED
2026-05-17 16:37:19,098 [INFO] ANALYZE_STOP reason=busy processed=18
2026-05-17 16:37:19,221 [INFO] BATCH_WRITE items=18
2026-05-17 16:37:30,222 [INFO] LOAD cpu=1.6% mem=+-0.4% req_rate=0.00/min idle=True
2026-05-17 16:37:30,222 [INFO] ANALYZE_BEGIN n_pending=1978
2026-05-17 16:37:31,480 [INFO] ANALYZED exam=tQoHDQTrz1iAzcfYrbTF email=kjurkovi2@student.unipu.hr ts=1777802030346 status=NO_FACE_DETECTED
2026-05-17 16:37:32,591 [INFO] ANALYZED exam=tQoHDQTrz1iAzcfYrbTF email=kjurkovi2@student.unipu.hr ts=1777802032094 status=NO_FACE_DETECTED
2026-05-17 16:37:33,702 [INFO] ANALYZED exam=tQoHDQTrz1iAzcfYrbTF email=kjurkovi2@student.unipu.hr ts=1777802034593 status=NO_FACE_DETECTED
2026-05-17 16:37:34,813 [INFO] ANALYZED exam=tQoHDQTrz1iAzcfYrbTF email=kjurkovi2@student.unipu.hr ts=1777802041158 status=NO_FACE_DETECTED
2026-05-17 16:37:35,923 [INFO] ANALYZED exam=tQoHDQTrz1iAzcfYrbTF email=kjurkovi2@student.unipu.hr ts=1777802051704 status=NO_FACE_DETECTED
2026-05-17 16:37:37,036 [INFO] ANALYZED exam=tQoHDQTrz1iAzcfYrbTF email=kjurkovi2@student.unipu.hr ts=1777802057248 status=NO_FACE_DETECTED
2026-05-17 16:37:38,150 [INFO] ANALYZED exam=tQoHDQTrz1iAzcfYrbTF email=kjurkovi2@student.unipu.hr ts=1777802068621 status=NO_FACE_DETECTED
2026-05-17 16:37:39,264 [INFO] ANALYZED exam=tQoHDQTrz1iAzcfYrbTF email=kjurkovi2@student.unipu.hr ts=1777802078162 status=NO_FACE_DETECTED
2026-05-17 16:37:40,373 [INFO] ANALYZED exam=tQoHDQTrz1iAzcfYrbTF email=kjurkovi2@student.unipu.hr ts=1777802082747 status=NO_FACE_DETECTED
2026-05-17 16:37:41,486 [INFO] ANALYZED exam=tQoHDQTrz1iAzcfYrbTF email=kjurkovi2@student.unipu.hr ts=1777802087287 status=NO_FACE_DETECTED
2026-05-17 16:37:42,599 [INFO] ANALYZED exam=tQoHDQTrz1iAzcfYrbTF email=kjurkovi2@student.unipu.hr ts=1777802089818 status=NO_FACE_DETECTED
2026-05-17 16:37:43,714 [INFO] ANALYZED exam=tQoHDQTrz1iAzcfYrbTF email=kjurkovi2@student.unipu.hr ts=1777802095354 status=NO_FACE_DETECTED
2026-05-17 16:37:44,822 [INFO] ANALYZED exam=tQoHDQTrz1iAzcfYrbTF email=kjurkovi2@student.unipu.hr ts=1777802104890 status=NO_FACE_DETECTED
2026-05-17 16:37:45,933 [INFO] ANALYZED exam=tQoHDQTrz1iAzcfYrbTF email=kjurkovi2@student.unipu.hr ts=1777802114441 status=NO_FACE_DETECTED
2026-05-17 16:37:47,045 [INFO] ANALYZED exam=tQoHDQTrz1iAzcfYrbTF email=kjurkovi2@student.unipu.hr ts=1777802122985 status=NO_FACE_DETECTED
2026-05-17 16:37:48,160 [INFO] ANALYZED exam=tQoHDQTrz1iAzcfYrbTF email=kjurkovi2@student.unipu.hr ts=1777802127527 status=NO_FACE_DETECTED
2026-05-17 16:37:49,270 [INFO] ANALYZED exam=tQoHDQTrz1iAzcfYrbTF email=kjurkovi2@student.unipu.hr ts=1777802135075 status=NO_FACE_DETECTED
2026-05-17 16:37:50,380 [INFO] ANALYZED exam=tQoHDQTrz1iAzcfYrbTF email=kjurkovi2@student.unipu.hr ts=1777802144644 status=NO_FACE_DETECTED
2026-05-17 16:37:51,489 [INFO] ANALYZED exam=tQoHDQTrz1iAzcfYrbTF email=kjurkovi2@student.unipu.hr ts=1777802153145 status=NO_FACE_DETECTED
2026-05-17 16:37:52,600 [INFO] ANALYZED exam=tQoHDQTrz1iAzcfYrbTF email=kjurkovi2@student.unipu.hr ts=1777802158840 status=NO_FACE_DETECTED
2026-05-17 16:37:53,601 [INFO] ANALYZE_STOP reason=busy processed=20
2026-05-17 16:37:53,737 [INFO] BATCH_WRITE items=20
2026-05-17 16:38:07,792 [INFO] LOAD cpu=10.3% mem=+-0.6% req_rate=0.00/min idle=False
2026-05-17 16:38:18,794 [INFO] LOAD cpu=9.0% mem=+0.6% req_rate=10.91/min idle=False
2026-05-17 16:38:29,795 [INFO] LOAD cpu=8.8% mem=+0.2% req_rate=0.00/min idle=False
2026-05-17 16:38:40,796 [INFO] LOAD cpu=10.4% mem=+-0.1% req_rate=0.00/min idle=False
2026-05-17 16:38:51,797 [INFO] LOAD cpu=8.5% mem=+-0.2% req_rate=0.00/min idle=False
2026-05-17 16:39:02,798 [INFO] LOAD cpu=9.4% mem=+-0.1% req_rate=0.00/min idle=False
2026-05-17 16:39:18,346 [INFO] LOAD cpu=11.1% mem=+0.3% req_rate=0.00/min idle=False
2026-05-17 16:39:29,347 [INFO] LOAD cpu=13.0% mem=+0.3% req_rate=0.00/min idle=False
2026-05-17 16:39:40,348 [INFO] LOAD cpu=2.1% mem=+0.5% req_rate=0.00/min idle=True
2026-05-17 16:39:40,349 [INFO] ANALYZE_BEGIN n_pending=1958
2026-05-17 16:39:41,637 [INFO] ANALYZED exam=tQoHDQTrz1iAzcfYrbTF email=kjurkovi2@student.unipu.hr ts=1777802160600 status=NO_FACE_DETECTED
2026-05-17 16:39:42,750 [INFO] ANALYZED exam=tQoHDQTrz1iAzcfYrbTF email=kjurkovi2@student.unipu.hr ts=1777802166150 status=NO_FACE_DETECTED
2026-05-17 16:39:43,751 [INFO] ANALYZE_STOP reason=busy processed=2
2026-05-17 16:39:43,861 [INFO] BATCH_WRITE items=2
2026-05-17 16:39:54,862 [INFO] LOAD cpu=2.3% mem=+0.0% req_rate=0.00/min idle=True
2026-05-17 16:39:54,862 [INFO] ANALYZE_BEGIN n_pending=1956
2026-05-17 16:39:56,123 [INFO] ANALYZED exam=tQoHDQTrz1iAzcfYrbTF email=kjurkovi2@student.unipu.hr ts=1777802176700 status=NO_FACE_DETECTED
2026-05-17 16:39:57,124 [INFO] ANALYZE_STOP reason=busy processed=1
2026-05-17 16:39:57,232 [INFO] BATCH_WRITE items=1
2026-05-17 16:40:08,233 [INFO] LOAD cpu=3.2% mem=+-0.3% req_rate=0.00/min idle=True
2026-05-17 16:40:08,234 [INFO] ANALYZE_BEGIN n_pending=1955
2026-05-17 16:40:09,502 [INFO] ANALYZED exam=tQoHDQTrz1iAzcfYrbTF email=kjurkovi2@student.unipu.hr ts=1777802186603 status=NO_FACE_DETECTED
2026-05-17 16:40:10,615 [INFO] ANALYZED exam=tQoHDQTrz1iAzcfYrbTF email=kjurkovi2@student.unipu.hr ts=1777802197150 status=NO_FACE_DETECTED
2026-05-17 16:40:11,616 [INFO] ANALYZE_STOP reason=busy processed=2
2026-05-17 16:40:11,849 [INFO] BATCH_WRITE items=2
2026-05-17 16:40:22,850 [INFO] LOAD cpu=3.0% mem=+-0.1% req_rate=0.00/min idle=True
2026-05-17 16:40:22,850 [INFO] ANALYZE_BEGIN n_pending=1953
2026-05-17 16:40:24,116 [INFO] ANALYZED exam=tQoHDQTrz1iAzcfYrbTF email=kjurkovi2@student.unipu.hr ts=1777802200680 status=NO_FACE_DETECTED
2026-05-17 16:40:25,229 [INFO] ANALYZED exam=tQoHDQTrz1iAzcfYrbTF email=kjurkovi2@student.unipu.hr ts=1777802209210 status=NO_FACE_DETECTED
2026-05-17 16:40:26,341 [INFO] ANALYZED exam=tQoHDQTrz1iAzcfYrbTF email=kjurkovi2@student.unipu.hr ts=1777802216809 status=NO_FACE_DETECTED
2026-05-17 16:40:27,342 [INFO] ANALYZE_STOP reason=busy processed=3
2026-05-17 16:40:27,466 [INFO] BATCH_WRITE items=3
2026-05-17 16:40:42,504 [INFO] LOAD cpu=2.4% mem=+-0.4% req_rate=0.00/min idle=True
2026-05-17 16:40:42,505 [INFO] ANALYZE_BEGIN n_pending=1950
2026-05-17 16:40:43,619 [INFO] ANALYZED exam=tQoHDQTrz1iAzcfYrbTF email=kjurkovi2@student.unipu.hr ts=1777802219340 status=NO_FACE_DETECTED
2026-05-17 16:40:44,730 [INFO] ANALYZED exam=tQoHDQTrz1iAzcfYrbTF email=kjurkovi2@student.unipu.hr ts=1777802221873 status=NO_FACE_DETECTED
2026-05-17 16:40:45,844 [INFO] ANALYZED exam=tQoHDQTrz1iAzcfYrbTF email=kjurkovi2@student.unipu.hr ts=1777802231376 status=NO_FACE_DETECTED
2026-05-17 16:40:46,959 [INFO] ANALYZED exam=tQoHDQTrz1iAzcfYrbTF email=kjurkovi2@student.unipu.hr ts=1777802235906 status=NO_FACE_DETECTED
2026-05-17 16:40:47,960 [INFO] ANALYZE_STOP reason=busy processed=4
2026-05-17 16:40:48,088 [INFO] BATCH_WRITE items=4
2026-05-17 16:40:59,089 [INFO] LOAD cpu=2.0% mem=+-0.3% req_rate=0.00/min idle=True
2026-05-17 16:40:59,090 [INFO] ANALYZE_BEGIN n_pending=1946
2026-05-17 16:41:00,374 [INFO] ANALYZED exam=tQoHDQTrz1iAzcfYrbTF email=kjurkovi2@student.unipu.hr ts=1777802237697 status=NO_FACE_DETECTED
2026-05-17 16:41:01,487 [INFO] ANALYZED exam=tQoHDQTrz1iAzcfYrbTF email=kjurkovi2@student.unipu.hr ts=1777802242206 status=NO_FACE_DETECTED
2026-05-17 16:41:02,601 [INFO] ANALYZED exam=tQoHDQTrz1iAzcfYrbTF email=kjurkovi2@student.unipu.hr ts=1777802247750 status=NO_FACE_DETECTED
2026-05-17 16:41:03,602 [INFO] ANALYZE_STOP reason=busy processed=3
2026-05-17 16:41:03,718 [INFO] BATCH_WRITE items=3
2026-05-17 16:41:14,719 [INFO] LOAD cpu=1.9% mem=+-0.1% req_rate=0.00/min idle=True
2026-05-17 16:41:14,719 [INFO] ANALYZE_BEGIN n_pending=1943
2026-05-17 16:41:15,988 [INFO] ANALYZED exam=tQoHDQTrz1iAzcfYrbTF email=kjurkovi2@student.unipu.hr ts=1777802255800 status=NO_FACE_DETECTED
2026-05-17 16:41:16,989 [INFO] ANALYZE_STOP reason=busy processed=1
2026-05-17 16:41:17,093 [INFO] BATCH_WRITE items=1
2026-05-17 16:41:28,094 [INFO] LOAD cpu=4.0% mem=+0.0% req_rate=0.00/min idle=True
2026-05-17 16:41:28,094 [INFO] ANALYZE_BEGIN n_pending=1942
2026-05-17 16:41:29,367 [INFO] ANALYZED exam=tQoHDQTrz1iAzcfYrbTF email=kjurkovi2@student.unipu.hr ts=1777802258290 status=NO_FACE_DETECTED
2026-05-17 16:41:30,477 [INFO] ANALYZED exam=tQoHDQTrz1iAzcfYrbTF email=kjurkovi2@student.unipu.hr ts=1777802265839 status=NO_FACE_DETECTED
2026-05-17 16:41:31,587 [INFO] ANALYZED exam=tQoHDQTrz1iAzcfYrbTF email=kjurkovi2@student.unipu.hr ts=1777802272371 status=NO_FACE_DETECTED
2026-05-17 16:41:32,588 [INFO] ANALYZE_STOP reason=busy processed=3
2026-05-17 16:41:32,729 [INFO] BATCH_WRITE items=3
2026-05-17 16:41:43,730 [INFO] LOAD cpu=3.3% mem=+-0.2% req_rate=0.00/min idle=True
2026-05-17 16:41:43,730 [INFO] ANALYZE_BEGIN n_pending=1939
2026-05-17 16:41:44,987 [INFO] ANALYZED exam=tQoHDQTrz1iAzcfYrbTF email=kjurkovi2@student.unipu.hr ts=1777802279078 status=NO_FACE_DETECTED
2026-05-17 16:41:46,097 [INFO] ANALYZED exam=tQoHDQTrz1iAzcfYrbTF email=kjurkovi2@student.unipu.hr ts=1777802287639 status=NO_FACE_DETECTED
2026-05-17 16:41:47,212 [INFO] ANALYZED exam=tQoHDQTrz1iAzcfYrbTF email=kjurkovi2@student.unipu.hr ts=1777802298308 status=NO_FACE_DETECTED
2026-05-17 16:41:48,213 [INFO] ANALYZE_STOP reason=busy processed=3
2026-05-17 16:41:48,326 [INFO] BATCH_WRITE items=3
2026-05-17 16:41:59,327 [INFO] LOAD cpu=2.0% mem=+-0.4% req_rate=0.00/min idle=True
2026-05-17 16:41:59,327 [INFO] ANALYZE_BEGIN n_pending=1936
2026-05-17 16:42:00,580 [INFO] ANALYZED exam=tQoHDQTrz1iAzcfYrbTF email=kjurkovi2@student.unipu.hr ts=1777802305846 status=NO_FACE_DETECTED
2026-05-17 16:42:01,692 [INFO] ANALYZED exam=tQoHDQTrz1iAzcfYrbTF email=kjurkovi2@student.unipu.hr ts=1777802308387 status=NO_FACE_DETECTED
2026-05-17 16:42:02,807 [INFO] ANALYZED exam=tQoHDQTrz1iAzcfYrbTF email=kjurkovi2@student.unipu.hr ts=1777802310893 status=NO_FACE_DETECTED
2026-05-17 16:42:03,922 [INFO] ANALYZED exam=tQoHDQTrz1iAzcfYrbTF email=kjurkovi2@student.unipu.hr ts=1777802316378 status=NO_FACE_DETECTED
2026-05-17 16:42:05,038 [INFO] ANALYZED exam=tQoHDQTrz1iAzcfYrbTF email=kjurkovi2@student.unipu.hr ts=1777802322607 status=NO_FACE_DETECTED
2026-05-17 16:42:06,039 [INFO] ANALYZE_STOP reason=busy processed=5
2026-05-17 16:42:06,183 [INFO] BATCH_WRITE items=5
2026-05-17 16:42:20,942 [INFO] LOAD cpu=2.5% mem=+-0.3% req_rate=0.00/min idle=True
2026-05-17 16:42:20,942 [INFO] ANALYZE_BEGIN n_pending=1931
2026-05-17 16:42:22,054 [INFO] ANALYZED exam=tQoHDQTrz1iAzcfYrbTF email=kjurkovi2@student.unipu.hr ts=1777802329144 status=NO_FACE_DETECTED
2026-05-17 16:42:23,167 [INFO] ANALYZED exam=tQoHDQTrz1iAzcfYrbTF email=kjurkovi2@student.unipu.hr ts=1777802333672 status=NO_FACE_DETECTED
2026-05-17 16:42:24,278 [INFO] ANALYZED exam=tQoHDQTrz1iAzcfYrbTF email=kjurkovi2@student.unipu.hr ts=1777802336258 status=NO_FACE_DETECTED
2026-05-17 16:42:25,391 [INFO] ANALYZED exam=tQoHDQTrz1iAzcfYrbTF email=kjurkovi2@student.unipu.hr ts=1777802344796 status=NO_FACE_DETECTED
2026-05-17 16:42:26,503 [INFO] ANALYZED exam=tQoHDQTrz1iAzcfYrbTF email=kjurkovi2@student.unipu.hr ts=1777802348346 status=NO_FACE_DETECTED
2026-05-17 16:42:27,614 [INFO] ANALYZED exam=tQoHDQTrz1iAzcfYrbTF email=kjurkovi2@student.unipu.hr ts=1777802358887 status=NO_FACE_DETECTED
2026-05-17 16:42:28,728 [INFO] ANALYZED exam=tQoHDQTrz1iAzcfYrbTF email=kjurkovi2@student.unipu.hr ts=1777802363552 status=NO_FACE_DETECTED
2026-05-17 16:42:29,729 [INFO] ANALYZE_STOP reason=busy processed=7
2026-05-17 16:42:29,866 [INFO] BATCH_WRITE items=7
2026-05-17 16:42:40,867 [INFO] LOAD cpu=5.7% mem=+-0.3% req_rate=0.00/min idle=False
2026-05-17 16:42:51,868 [INFO] LOAD cpu=1.7% mem=+-0.5% req_rate=0.00/min idle=True
2026-05-17 16:42:51,868 [INFO] ANALYZE_BEGIN n_pending=1924
2026-05-17 16:42:53,127 [INFO] ANALYZED exam=tQoHDQTrz1iAzcfYrbTF email=kjurkovi2@student.unipu.hr ts=1777802374222 status=NO_FACE_DETECTED
2026-05-17 16:42:54,239 [INFO] ANALYZED exam=tQoHDQTrz1iAzcfYrbTF email=kjurkovi2@student.unipu.hr ts=1777802376712 status=NO_FACE_DETECTED
2026-05-17 16:42:55,356 [INFO] ANALYZED exam=tQoHDQTrz1iAzcfYrbTF email=kjurkovi2@student.unipu.hr ts=1777802386364 status=NO_FACE_DETECTED
2026-05-17 16:42:56,467 [INFO] ANALYZED exam=tQoHDQTrz1iAzcfYrbTF email=kjurkovi2@student.unipu.hr ts=1777802395861 status=NO_FACE_DETECTED
2026-05-17 16:42:57,584 [INFO] ANALYZED exam=tQoHDQTrz1iAzcfYrbTF email=kjurkovi2@student.unipu.hr ts=1777802399439 status=NO_FACE_DETECTED
2026-05-17 16:42:58,723 [INFO] ANALYZED exam=tQoHDQTrz1iAzcfYrbTF email=kjurkovi2@student.unipu.hr ts=1777802402006 status=NO_FACE_DETECTED
2026-05-17 16:42:59,836 [INFO] ANALYZED exam=tQoHDQTrz1iAzcfYrbTF email=kjurkovi2@student.unipu.hr ts=1777802407569 status=NO_FACE_DETECTED
2026-05-17 16:43:00,946 [INFO] ANALYZED exam=tQoHDQTrz1iAzcfYrbTF email=kjurkovi2@student.unipu.hr ts=1777802417129 status=NO_FACE_DETECTED
2026-05-17 16:43:02,060 [INFO] ANALYZED exam=tQoHDQTrz1iAzcfYrbTF email=kjurkovi2@student.unipu.hr ts=1777802425000 status=NO_FACE_DETECTED
2026-05-17 16:43:03,169 [INFO] ANALYZED exam=tQoHDQTrz1iAzcfYrbTF email=kjurkovi2@student.unipu.hr ts=1777802427680 status=NO_FACE_DETECTED
2026-05-17 16:43:04,283 [INFO] ANALYZED exam=tQoHDQTrz1iAzcfYrbTF email=kjurkovi2@student.unipu.hr ts=1777802430220 status=NO_FACE_DETECTED
2026-05-17 16:43:05,396 [INFO] ANALYZED exam=tQoHDQTrz1iAzcfYrbTF email=kjurkovi2@student.unipu.hr ts=1777802438766 status=NO_FACE_DETECTED
2026-05-17 16:43:06,527 [INFO] ANALYZED exam=tQoHDQTrz1iAzcfYrbTF email=kjurkovi2@student.unipu.hr ts=1777802447600 status=NO_FACE_DETECTED
2026-05-17 16:43:07,638 [INFO] ANALYZED exam=tQoHDQTrz1iAzcfYrbTF email=kjurkovi2@student.unipu.hr ts=1777802457268 status=NO_FACE_DETECTED
2026-05-17 16:43:08,749 [INFO] ANALYZED exam=tQoHDQTrz1iAzcfYrbTF email=kjurkovi2@student.unipu.hr ts=1777802467934 status=NO_FACE_DETECTED
2026-05-17 16:43:09,864 [INFO] ANALYZED exam=tQoHDQTrz1iAzcfYrbTF email=kjurkovi2@student.unipu.hr ts=1777802470653 status=NO_FACE_DETECTED
2026-05-17 16:43:10,981 [INFO] ANALYZED exam=tQoHDQTrz1iAzcfYrbTF email=kjurkovi2@student.unipu.hr ts=1777802476194 status=NO_FACE_DETECTED
2026-05-17 16:43:12,100 [INFO] ANALYZED exam=tQoHDQTrz1iAzcfYrbTF email=kjurkovi2@student.unipu.hr ts=1777802483734 status=NO_FACE_DETECTED
2026-05-17 16:43:13,210 [INFO] ANALYZED exam=tQoHDQTrz1iAzcfYrbTF email=kjurkovi2@student.unipu.hr ts=1777802494402 status=NO_FACE_DETECTED
2026-05-17 16:43:14,326 [INFO] ANALYZED exam=tQoHDQTrz1iAzcfYrbTF email=kjurkovi2@student.unipu.hr ts=1777802496100 status=NO_FACE_DETECTED
2026-05-17 16:43:15,440 [INFO] ANALYZED exam=tQoHDQTrz1iAzcfYrbTF email=kjurkovi2@student.unipu.hr ts=1777802498652 status=NO_FACE_DETECTED
2026-05-17 16:43:16,551 [INFO] ANALYZED exam=tQoHDQTrz1iAzcfYrbTF email=kjurkovi2@student.unipu.hr ts=1777802508245 status=NO_FACE_DETECTED
2026-05-17 16:43:17,664 [INFO] ANALYZED exam=tQoHDQTrz1iAzcfYrbTF email=kjurkovi2@student.unipu.hr ts=1777802516596 status=NO_FACE_DETECTED
2026-05-17 16:43:18,665 [INFO] ANALYZE_STOP reason=busy processed=23
2026-05-17 16:43:18,819 [INFO] BATCH_WRITE items=23
2026-05-17 16:43:29,820 [INFO] LOAD cpu=2.0% mem=+-0.2% req_rate=0.00/min idle=True
2026-05-17 16:43:29,821 [INFO] ANALYZE_BEGIN n_pending=1901
2026-05-17 16:43:31,079 [INFO] ANALYZED exam=tQoHDQTrz1iAzcfYrbTF email=kjurkovi2@student.unipu.hr ts=1777802527283 status=NO_FACE_DETECTED
2026-05-17 16:43:32,187 [INFO] ANALYZED exam=tQoHDQTrz1iAzcfYrbTF email=kjurkovi2@student.unipu.hr ts=1777802534936 status=NO_FACE_DETECTED
2026-05-17 16:43:33,302 [INFO] ANALYZED exam=tQoHDQTrz1iAzcfYrbTF email=kjurkovi2@student.unipu.hr ts=1777802542798 status=NO_FACE_DETECTED
2026-05-17 16:43:34,415 [INFO] ANALYZED exam=tQoHDQTrz1iAzcfYrbTF email=kjurkovi2@student.unipu.hr ts=1777802550487 status=NO_FACE_DETECTED
2026-05-17 16:43:35,415 [INFO] ANALYZE_STOP reason=busy processed=4
2026-05-17 16:43:35,547 [INFO] BATCH_WRITE items=4
2026-05-17 16:43:46,548 [INFO] LOAD cpu=4.0% mem=+-0.3% req_rate=0.00/min idle=True
2026-05-17 16:43:46,548 [INFO] ANALYZE_BEGIN n_pending=1897
2026-05-17 16:43:47,803 [INFO] ANALYZED exam=tQoHDQTrz1iAzcfYrbTF email=kjurkovi2@student.unipu.hr ts=1777802555179 status=NO_FACE_DETECTED
2026-05-17 16:43:48,913 [INFO] ANALYZED exam=tQoHDQTrz1iAzcfYrbTF email=kjurkovi2@student.unipu.hr ts=1777802565742 status=NO_FACE_DETECTED
2026-05-17 16:43:50,023 [INFO] ANALYZED exam=tQoHDQTrz1iAzcfYrbTF email=kjurkovi2@student.unipu.hr ts=1777802573422 status=NO_FACE_DETECTED
2026-05-17 16:43:51,135 [INFO] ANALYZED exam=tQoHDQTrz1iAzcfYrbTF email=kjurkovi2@student.unipu.hr ts=1777802582101 status=NO_FACE_DETECTED
2026-05-17 16:43:52,246 [INFO] ANALYZED exam=tQoHDQTrz1iAzcfYrbTF email=kjurkovi2@student.unipu.hr ts=1777802587782 status=NO_FACE_DETECTED
2026-05-17 16:43:53,247 [INFO] ANALYZE_STOP reason=busy processed=5
2026-05-17 16:43:53,384 [INFO] BATCH_WRITE items=5
2026-05-17 16:44:04,385 [INFO] LOAD cpu=1.6% mem=+-0.5% req_rate=0.00/min idle=True
2026-05-17 16:44:04,385 [INFO] ANALYZE_BEGIN n_pending=1892
2026-05-17 16:44:05,664 [INFO] ANALYZED exam=tQoHDQTrz1iAzcfYrbTF email=kjurkovi2@student.unipu.hr ts=1777802589589 status=NO_FACE_DETECTED
2026-05-17 16:44:06,806 [INFO] ANALYZED exam=tQoHDQTrz1iAzcfYrbTF email=kjurkovi2@student.unipu.hr ts=1777802593132 status=NO_FACE_DETECTED
2026-05-17 16:44:07,920 [INFO] ANALYZED exam=tQoHDQTrz1iAzcfYrbTF email=kjurkovi2@student.unipu.hr ts=1777802599593 status=NO_FACE_DETECTED
2026-05-17 16:44:09,031 [INFO] ANALYZED exam=tQoHDQTrz1iAzcfYrbTF email=kjurkovi2@student.unipu.hr ts=1777802604261 status=NO_FACE_DETECTED
2026-05-17 16:44:10,032 [INFO] ANALYZE_STOP reason=busy processed=4
2026-05-17 16:44:10,147 [INFO] BATCH_WRITE items=4
2026-05-17 16:44:24,903 [INFO] LOAD cpu=2.1% mem=+-0.3% req_rate=0.00/min idle=True
2026-05-17 16:44:24,904 [INFO] ANALYZE_BEGIN n_pending=1888
2026-05-17 16:44:26,016 [INFO] ANALYZED exam=tQoHDQTrz1iAzcfYrbTF email=kjurkovi2@student.unipu.hr ts=1777802610834 status=NO_FACE_DETECTED
2026-05-17 16:44:27,124 [INFO] ANALYZED exam=tQoHDQTrz1iAzcfYrbTF email=kjurkovi2@student.unipu.hr ts=1777802614573 status=NO_FACE_DETECTED
2026-05-17 16:44:28,228 [INFO] ANALYZED exam=tQoHDQTrz1iAzcfYrbTF email=kjurkovi2@student.unipu.hr ts=1777802617146 status=NO_FACE_DETECTED
2026-05-17 16:44:29,338 [INFO] ANALYZED exam=tQoHDQTrz1iAzcfYrbTF email=kjurkovi2@student.unipu.hr ts=1777802620717 status=NO_FACE_DETECTED
2026-05-17 16:44:30,453 [INFO] ANALYZED exam=tQoHDQTrz1iAzcfYrbTF email=kjurkovi2@student.unipu.hr ts=1777802623304 status=NO_FACE_DETECTED
2026-05-17 16:44:31,567 [INFO] ANALYZED exam=tQoHDQTrz1iAzcfYrbTF email=kjurkovi2@student.unipu.hr ts=1777802634598 status=NO_FACE_DETECTED
2026-05-17 16:44:32,675 [INFO] ANALYZED exam=tQoHDQTrz1iAzcfYrbTF email=kjurkovi2@student.unipu.hr ts=1777802644287 status=NO_FACE_DETECTED
2026-05-17 16:44:33,787 [INFO] ANALYZED exam=tQoHDQTrz1iAzcfYrbTF email=kjurkovi2@student.unipu.hr ts=1777802653976 status=NO_FACE_DETECTED
2026-05-17 16:44:34,895 [INFO] ANALYZED exam=tQoHDQTrz1iAzcfYrbTF email=kjurkovi2@student.unipu.hr ts=1777802657940 status=NO_FACE_DETECTED
2026-05-17 16:44:36,006 [INFO] ANALYZED exam=tQoHDQTrz1iAzcfYrbTF email=kjurkovi2@student.unipu.hr ts=1777802662476 status=NO_FACE_DETECTED
2026-05-17 16:44:37,111 [INFO] ANALYZED exam=tQoHDQTrz1iAzcfYrbTF email=kjurkovi2@student.unipu.hr ts=1777802664022 status=NO_FACE_DETECTED
2026-05-17 16:44:38,225 [INFO] ANALYZED exam=tQoHDQTrz1iAzcfYrbTF email=kjurkovi2@student.unipu.hr ts=1777802671563 status=NO_FACE_DETECTED
2026-05-17 16:44:39,332 [INFO] ANALYZED exam=tQoHDQTrz1iAzcfYrbTF email=kjurkovi2@student.unipu.hr ts=1777802676234 status=NO_FACE_DETECTED
2026-05-17 16:44:40,333 [INFO] ANALYZE_STOP reason=busy processed=13
2026-05-17 16:44:40,463 [INFO] BATCH_WRITE items=13
2026-05-17 16:44:51,464 [INFO] LOAD cpu=2.1% mem=+-0.1% req_rate=0.00/min idle=True
2026-05-17 16:44:51,464 [INFO] ANALYZE_BEGIN n_pending=1875
2026-05-17 16:44:52,730 [INFO] ANALYZED exam=tQoHDQTrz1iAzcfYrbTF email=kjurkovi2@student.unipu.hr ts=1777802687413 status=NO_FACE_DETECTED
2026-05-17 16:44:53,731 [INFO] ANALYZE_STOP reason=busy processed=1
2026-05-17 16:44:53,866 [INFO] BATCH_WRITE items=1
2026-05-17 16:45:04,867 [INFO] LOAD cpu=1.7% mem=+-0.4% req_rate=0.00/min idle=True
2026-05-17 16:45:04,867 [INFO] ANALYZE_BEGIN n_pending=1874
2026-05-17 16:45:06,129 [INFO] ANALYZED exam=tQoHDQTrz1iAzcfYrbTF email=kjurkovi2@student.unipu.hr ts=1777802693096 status=NO_FACE_DETECTED
2026-05-17 16:45:07,244 [INFO] ANALYZED exam=tQoHDQTrz1iAzcfYrbTF email=kjurkovi2@student.unipu.hr ts=1777802703654 status=NO_FACE_DETECTED
2026-05-17 16:45:08,356 [INFO] ANALYZED exam=tQoHDQTrz1iAzcfYrbTF email=kjurkovi2@student.unipu.hr ts=1777802713344 status=NO_FACE_DETECTED
2026-05-17 16:45:09,469 [INFO] ANALYZED exam=tQoHDQTrz1iAzcfYrbTF email=kjurkovi2@student.unipu.hr ts=1777802723018 status=NO_FACE_DETECTED
2026-05-17 16:45:10,586 [INFO] ANALYZED exam=tQoHDQTrz1iAzcfYrbTF email=kjurkovi2@student.unipu.hr ts=1777802731740 status=NO_FACE_DETECTED
2026-05-17 16:45:11,587 [INFO] ANALYZE_STOP reason=busy processed=5
2026-05-17 16:45:11,706 [INFO] BATCH_WRITE items=5
2026-05-17 16:45:22,707 [INFO] LOAD cpu=2.6% mem=+-0.2% req_rate=0.00/min idle=True
2026-05-17 16:45:22,708 [INFO] ANALYZE_BEGIN n_pending=1869
2026-05-17 16:45:23,969 [INFO] ANALYZED exam=tQoHDQTrz1iAzcfYrbTF email=kjurkovi2@student.unipu.hr ts=1777802738433 status=NO_FACE_DETECTED
2026-05-17 16:45:25,080 [INFO] ANALYZED exam=tQoHDQTrz1iAzcfYrbTF email=kjurkovi2@student.unipu.hr ts=1777802741103 status=NO_FACE_DETECTED
2026-05-17 16:45:26,194 [INFO] ANALYZED exam=tQoHDQTrz1iAzcfYrbTF email=kjurkovi2@student.unipu.hr ts=1777802745589 status=NO_FACE_DETECTED
2026-05-17 16:45:27,308 [INFO] ANALYZED exam=tQoHDQTrz1iAzcfYrbTF email=kjurkovi2@student.unipu.hr ts=1777802752283 status=NO_FACE_DETECTED
2026-05-17 16:45:28,424 [INFO] ANALYZED exam=tQoHDQTrz1iAzcfYrbTF email=kjurkovi2@student.unipu.hr ts=1777802757586 status=NO_FACE_DETECTED
2026-05-17 16:45:29,531 [INFO] ANALYZED exam=tQoHDQTrz1iAzcfYrbTF email=kjurkovi2@student.unipu.hr ts=1777802767139 status=NO_FACE_DETECTED
2026-05-17 16:45:30,644 [INFO] ANALYZED exam=tQoHDQTrz1iAzcfYrbTF email=kjurkovi2@student.unipu.hr ts=1777802777831 status=NO_FACE_DETECTED
2026-05-17 16:45:31,756 [INFO] ANALYZED exam=tQoHDQTrz1iAzcfYrbTF email=kjurkovi2@student.unipu.hr ts=1777802779523 status=NO_FACE_DETECTED
2026-05-17 16:45:32,867 [INFO] ANALYZED exam=tQoHDQTrz1iAzcfYrbTF email=kjurkovi2@student.unipu.hr ts=1777802786060 status=NO_FACE_DETECTED
2026-05-17 16:45:33,982 [INFO] ANALYZED exam=tQoHDQTrz1iAzcfYrbTF email=kjurkovi2@student.unipu.hr ts=1777802794726 status=NO_FACE_DETECTED
2026-05-17 16:45:35,092 [INFO] ANALYZED exam=tQoHDQTrz1iAzcfYrbTF email=kjurkovi2@student.unipu.hr ts=1777802798410 status=NO_FACE_DETECTED
2026-05-17 16:45:36,199 [INFO] ANALYZED exam=tQoHDQTrz1iAzcfYrbTF email=kjurkovi2@student.unipu.hr ts=1777802801974 status=NO_FACE_DETECTED
2026-05-17 16:45:37,323 [INFO] ANALYZED exam=tQoHDQTrz1iAzcfYrbTF email=lbaljak@student.unipu.hr ts=1777825637429 status=FACE_DETECTED
2026-05-17 16:45:38,481 [INFO] ANALYZED exam=tQoHDQTrz1iAzcfYrbTF email=lbaljak@student.unipu.hr ts=1777825639152 status=FACE_DETECTED
2026-05-17 16:45:39,482 [INFO] ANALYZE_STOP reason=busy processed=14
2026-05-17 16:45:39,611 [INFO] BATCH_WRITE items=14
2026-05-17 16:45:50,612 [INFO] LOAD cpu=2.6% mem=+-0.1% req_rate=0.00/min idle=True
2026-05-17 16:45:50,612 [INFO] ANALYZE_BEGIN n_pending=1855
2026-05-17 16:45:51,897 [INFO] ANALYZED exam=tQoHDQTrz1iAzcfYrbTF email=lbaljak@student.unipu.hr ts=1777825649016 status=FACE_DETECTED
2026-05-17 16:45:53,021 [INFO] ANALYZED exam=tQoHDQTrz1iAzcfYrbTF email=lbaljak@student.unipu.hr ts=1777825657964 status=FACE_DETECTED
2026-05-17 16:45:54,156 [INFO] ANALYZED exam=tQoHDQTrz1iAzcfYrbTF email=lbaljak@student.unipu.hr ts=1777825659857 status=FACE_DETECTED
2026-05-17 16:45:55,281 [INFO] ANALYZED exam=tQoHDQTrz1iAzcfYrbTF email=lbaljak@student.unipu.hr ts=1777825666596 status=FACE_DETECTED
2026-05-17 16:45:56,403 [INFO] ANALYZED exam=tQoHDQTrz1iAzcfYrbTF email=lbaljak@student.unipu.hr ts=1777825668576 status=FACE_DETECTED
2026-05-17 16:45:57,404 [INFO] ANALYZE_STOP reason=busy processed=5
2026-05-17 16:45:57,675 [INFO] BATCH_WRITE items=5
2026-05-17 16:46:55,926 [INFO] STARTUP pid=91472 cwd=/media/gamedisk/Zadace/Faks/FaceQuizNovi/face-quiz-backend bucket=face-quiz-media env=production
2026-05-17 16:46:58,411 [INFO] BASELINE mem=52.9%
2026-05-17 16:46:59,418 [INFO] LOAD cpu=3.8% mem=+-0.1% req_rate=0.00/min idle=True
2026-05-17 16:46:59,419 [INFO] ANALYZE_BEGIN n_pending=1850
2026-05-17 16:47:01,899 [INFO] ANALYZED exam=tQoHDQTrz1iAzcfYrbTF email=lbaljak@student.unipu.hr ts=1777825679404 status=FACE_DETECTED
2026-05-17 16:47:02,900 [INFO] ANALYZE_STOP reason=busy processed=1
2026-05-17 16:47:03,260 [INFO] BATCH_WRITE items=1
2026-05-17 16:47:14,262 [INFO] LOAD cpu=18.6% mem=+0.6% req_rate=0.00/min idle=False
2026-05-17 16:47:25,263 [INFO] LOAD cpu=24.5% mem=+2.5% req_rate=0.00/min idle=False
2026-05-17 16:47:36,265 [INFO] LOAD cpu=8.1% mem=+5.0% req_rate=10.91/min idle=False
2026-05-17 16:47:47,266 [INFO] LOAD cpu=14.2% mem=+4.2% req_rate=0.00/min idle=False
2026-05-17 16:48:02,946 [INFO] LOAD cpu=2.8% mem=+5.8% req_rate=0.00/min idle=False
2026-05-17 16:48:13,947 [INFO] LOAD cpu=8.8% mem=+3.1% req_rate=0.00/min idle=False
2026-05-17 16:48:24,949 [INFO] LOAD cpu=2.5% mem=+3.2% req_rate=0.00/min idle=False
2026-05-17 16:48:35,950 [INFO] LOAD cpu=3.0% mem=+3.0% req_rate=0.00/min idle=False
2026-05-17 16:48:46,951 [INFO] LOAD cpu=3.6% mem=+2.9% req_rate=0.00/min idle=False
2026-05-17 16:48:57,952 [INFO] LOAD cpu=4.8% mem=+2.8% req_rate=0.00/min idle=False
2026-05-17 16:49:12,882 [INFO] LOAD cpu=1.6% mem=+2.9% req_rate=0.00/min idle=False
2026-05-17 16:49:23,883 [INFO] LOAD cpu=5.6% mem=+2.8% req_rate=0.00/min idle=False
2026-05-17 16:49:34,884 [INFO] LOAD cpu=21.3% mem=+3.6% req_rate=10.91/min idle=False
2026-05-17 16:49:45,885 [INFO] LOAD cpu=7.3% mem=+4.6% req_rate=27.27/min idle=False
2026-05-17 16:49:56,887 [INFO] LOAD cpu=8.1% mem=+4.3% req_rate=70.90/min idle=False
2026-05-17 16:50:07,888 [INFO] LOAD cpu=6.3% mem=+3.5% req_rate=0.00/min idle=False
2026-05-17 16:50:22,600 [INFO] LOAD cpu=27.5% mem=+6.2% req_rate=0.00/min idle=False
2026-05-17 16:50:33,601 [INFO] LOAD cpu=4.3% mem=+7.8% req_rate=0.00/min idle=False
2026-05-17 16:50:44,603 [INFO] LOAD cpu=3.2% mem=+7.2% req_rate=0.00/min idle=False
2026-05-17 16:50:55,604 [INFO] LOAD cpu=2.1% mem=+6.3% req_rate=0.00/min idle=False
2026-05-17 16:51:06,605 [INFO] LOAD cpu=9.1% mem=+6.8% req_rate=0.00/min idle=False
2026-05-17 16:51:17,607 [INFO] LOAD cpu=2.1% mem=+6.5% req_rate=0.00/min idle=False
2026-05-17 16:51:32,953 [INFO] LOAD cpu=4.2% mem=+6.9% req_rate=7.82/min idle=False
2026-05-17 16:51:43,954 [INFO] LOAD cpu=4.6% mem=+8.0% req_rate=0.00/min idle=False
2026-05-17 16:51:54,955 [INFO] LOAD cpu=1.6% mem=+6.9% req_rate=0.00/min idle=False
2026-05-17 16:52:05,957 [INFO] LOAD cpu=2.2% mem=+6.5% req_rate=0.00/min idle=False
2026-05-17 16:52:16,958 [INFO] LOAD cpu=2.4% mem=+6.6% req_rate=0.00/min idle=False
2026-05-17 16:52:27,959 [INFO] LOAD cpu=4.9% mem=+5.9% req_rate=0.00/min idle=False
2026-05-17 16:52:42,952 [INFO] LOAD cpu=9.6% mem=+6.3% req_rate=52.03/min idle=False
2026-05-17 16:52:53,953 [INFO] LOAD cpu=9.2% mem=+6.7% req_rate=0.00/min idle=False
2026-05-17 16:53:04,954 [INFO] LOAD cpu=5.9% mem=+6.8% req_rate=10.91/min idle=False
2026-05-17 16:53:15,955 [INFO] LOAD cpu=11.7% mem=+6.4% req_rate=0.00/min idle=False
2026-05-17 16:53:26,957 [INFO] LOAD cpu=1.3% mem=+5.1% req_rate=0.00/min idle=False
2026-05-17 16:53:37,958 [INFO] LOAD cpu=11.3% mem=+5.1% req_rate=0.00/min idle=False
2026-05-17 16:53:53,019 [INFO] LOAD cpu=2.2% mem=+5.6% req_rate=0.00/min idle=False
2026-05-17 16:54:04,021 [INFO] LOAD cpu=6.6% mem=+5.6% req_rate=0.00/min idle=False
2026-05-17 16:54:15,022 [INFO] LOAD cpu=5.8% mem=+5.8% req_rate=0.00/min idle=False
2026-05-17 16:54:26,023 [INFO] LOAD cpu=6.0% mem=+6.3% req_rate=0.00/min idle=False
2026-05-17 16:54:37,024 [INFO] LOAD cpu=4.9% mem=+6.3% req_rate=0.00/min idle=False
2026-05-17 16:54:48,025 [INFO] LOAD cpu=5.1% mem=+6.3% req_rate=0.00/min idle=False
2026-05-17 16:55:02,908 [INFO] LOAD cpu=15.2% mem=+7.1% req_rate=0.00/min idle=False
2026-05-17 16:55:13,910 [INFO] LOAD cpu=4.5% mem=+7.1% req_rate=0.00/min idle=False
2026-05-17 16:55:24,911 [INFO] LOAD cpu=19.2% mem=+7.0% req_rate=0.00/min idle=False
2026-05-17 16:55:35,912 [INFO] LOAD cpu=11.5% mem=+8.9% req_rate=0.00/min idle=False
2026-05-17 16:55:46,913 [INFO] LOAD cpu=1.6% mem=+7.5% req_rate=0.00/min idle=False
2026-05-17 16:55:57,915 [INFO] LOAD cpu=14.4% mem=+7.6% req_rate=0.00/min idle=False
2026-05-17 16:56:13,254 [INFO] LOAD cpu=2.1% mem=+6.9% req_rate=0.00/min idle=False
2026-05-17 16:56:24,255 [INFO] LOAD cpu=9.2% mem=+7.1% req_rate=0.00/min idle=False
2026-05-17 16:56:35,256 [INFO] LOAD cpu=2.7% mem=+7.2% req_rate=0.00/min idle=False
2026-05-17 16:56:46,258 [INFO] LOAD cpu=9.5% mem=+7.3% req_rate=0.00/min idle=False
2026-05-17 16:56:57,259 [INFO] LOAD cpu=3.5% mem=+7.2% req_rate=0.00/min idle=False
2026-05-17 16:57:08,260 [INFO] LOAD cpu=1.8% mem=+7.1% req_rate=0.00/min idle=False
2026-05-17 16:57:22,797 [INFO] LOAD cpu=10.6% mem=+6.4% req_rate=0.00/min idle=False
2026-05-17 16:57:33,799 [INFO] LOAD cpu=7.2% mem=+6.3% req_rate=0.00/min idle=False
2026-05-17 16:57:44,800 [INFO] LOAD cpu=10.9% mem=+7.1% req_rate=0.00/min idle=False
2026-05-17 16:57:55,801 [INFO] LOAD cpu=4.9% mem=+6.9% req_rate=0.00/min idle=False
2026-05-17 16:58:06,802 [INFO] LOAD cpu=4.1% mem=+6.3% req_rate=0.00/min idle=False
2026-05-17 16:58:17,803 [INFO] LOAD cpu=8.8% mem=+7.1% req_rate=0.00/min idle=False
2026-05-17 16:58:32,252 [INFO] LOAD cpu=2.8% mem=+7.6% req_rate=0.00/min idle=False
2026-05-17 16:58:43,253 [INFO] LOAD cpu=12.7% mem=+8.6% req_rate=0.00/min idle=False
2026-05-17 16:58:54,255 [INFO] LOAD cpu=11.8% mem=+8.4% req_rate=92.72/min idle=False
2026-05-17 16:59:05,256 [INFO] LOAD cpu=10.3% mem=+8.7% req_rate=43.63/min idle=False
2026-05-17 16:59:16,257 [INFO] LOAD cpu=10.2% mem=+8.5% req_rate=43.63/min idle=False
2026-05-17 16:59:27,258 [INFO] LOAD cpu=6.5% mem=+8.4% req_rate=21.82/min idle=False
2026-05-17 16:59:41,117 [INFO] LOAD cpu=2.0% mem=+7.9% req_rate=8.66/min idle=False
2026-05-17 16:59:52,119 [INFO] LOAD cpu=4.2% mem=+8.3% req_rate=0.00/min idle=False
2026-05-17 17:00:03,120 [INFO] LOAD cpu=2.5% mem=+7.8% req_rate=0.00/min idle=False
2026-05-17 17:00:14,121 [INFO] LOAD cpu=3.3% mem=+6.7% req_rate=0.00/min idle=False
2026-05-17 17:00:25,123 [INFO] LOAD cpu=1.7% mem=+6.3% req_rate=0.00/min idle=False
2026-05-17 17:00:36,124 [INFO] LOAD cpu=1.8% mem=+6.3% req_rate=0.00/min idle=False
2026-05-17 17:00:50,868 [INFO] LOAD cpu=1.8% mem=+6.2% req_rate=0.00/min idle=False
2026-05-17 17:01:01,869 [INFO] LOAD cpu=1.7% mem=+6.3% req_rate=0.00/min idle=False
2026-05-17 17:01:12,870 [INFO] LOAD cpu=1.9% mem=+6.8% req_rate=0.00/min idle=False
2026-05-17 17:01:23,872 [INFO] LOAD cpu=3.2% mem=+6.7% req_rate=0.00/min idle=False
2026-05-17 17:01:34,873 [INFO] LOAD cpu=1.6% mem=+6.5% req_rate=0.00/min idle=False
2026-05-17 17:01:45,874 [INFO] LOAD cpu=2.0% mem=+6.4% req_rate=0.00/min idle=False
2026-05-17 17:01:59,916 [INFO] LOAD cpu=2.0% mem=+6.2% req_rate=0.00/min idle=False
2026-05-17 17:02:10,917 [INFO] LOAD cpu=2.8% mem=+6.3% req_rate=0.00/min idle=False
2026-05-17 17:02:21,919 [INFO] LOAD cpu=3.7% mem=+6.2% req_rate=0.00/min idle=False
2026-05-17 17:02:32,920 [INFO] LOAD cpu=2.5% mem=+6.2% req_rate=0.00/min idle=False
2026-05-17 17:02:43,921 [INFO] LOAD cpu=3.3% mem=+6.1% req_rate=0.00/min idle=False
2026-05-17 17:02:54,923 [INFO] LOAD cpu=1.8% mem=+6.1% req_rate=0.00/min idle=False
2026-05-17 17:03:08,941 [INFO] LOAD cpu=3.4% mem=+6.2% req_rate=0.00/min idle=False
2026-05-17 17:03:19,942 [INFO] LOAD cpu=2.1% mem=+6.4% req_rate=0.00/min idle=False
2026-05-17 17:03:30,943 [INFO] LOAD cpu=1.8% mem=+6.4% req_rate=0.00/min idle=False
2026-05-17 17:03:41,944 [INFO] LOAD cpu=1.8% mem=+6.4% req_rate=0.00/min idle=False
2026-05-17 17:03:52,946 [INFO] LOAD cpu=2.0% mem=+6.3% req_rate=0.00/min idle=False
2026-05-17 17:04:03,947 [INFO] LOAD cpu=3.1% mem=+6.3% req_rate=0.00/min idle=False
2026-05-17 17:04:17,973 [INFO] LOAD cpu=1.9% mem=+6.4% req_rate=0.00/min idle=False
2026-05-17 17:04:28,978 [INFO] LOAD cpu=3.5% mem=+6.4% req_rate=0.00/min idle=False
2026-05-17 17:04:39,979 [INFO] LOAD cpu=2.8% mem=+6.3% req_rate=0.00/min idle=False
2026-05-17 17:04:50,981 [INFO] LOAD cpu=1.7% mem=+6.4% req_rate=0.00/min idle=False
2026-05-17 17:05:01,982 [INFO] LOAD cpu=2.5% mem=+6.2% req_rate=0.00/min idle=False
2026-05-17 17:05:12,983 [INFO] LOAD cpu=2.3% mem=+6.5% req_rate=0.00/min idle=False
2026-05-17 17:05:26,746 [INFO] LOAD cpu=5.4% mem=+6.5% req_rate=0.00/min idle=False
2026-05-17 17:05:37,747 [INFO] LOAD cpu=1.9% mem=+6.4% req_rate=0.00/min idle=False
2026-05-17 17:05:48,749 [INFO] LOAD cpu=3.4% mem=+6.2% req_rate=0.00/min idle=False
2026-05-17 17:05:59,750 [INFO] LOAD cpu=6.0% mem=+6.2% req_rate=0.00/min idle=False
2026-05-17 17:06:10,751 [INFO] LOAD cpu=1.8% mem=+6.2% req_rate=0.00/min idle=False
2026-05-17 17:06:21,752 [INFO] LOAD cpu=1.9% mem=+6.3% req_rate=0.00/min idle=False
2026-05-17 17:06:35,607 [INFO] LOAD cpu=1.7% mem=+6.3% req_rate=0.00/min idle=False
2026-05-17 17:06:46,609 [INFO] LOAD cpu=1.9% mem=+6.3% req_rate=0.00/min idle=False
2026-05-17 17:06:57,610 [INFO] LOAD cpu=2.3% mem=+6.1% req_rate=0.00/min idle=False
2026-05-17 17:07:08,611 [INFO] LOAD cpu=2.0% mem=+6.2% req_rate=0.00/min idle=False
2026-05-17 17:07:19,612 [INFO] LOAD cpu=3.4% mem=+6.8% req_rate=0.00/min idle=False
2026-05-17 17:07:30,613 [INFO] LOAD cpu=1.9% mem=+6.9% req_rate=0.00/min idle=False
2026-05-17 17:07:44,311 [INFO] LOAD cpu=3.2% mem=+6.7% req_rate=0.00/min idle=False
2026-05-17 17:07:55,312 [INFO] LOAD cpu=2.1% mem=+6.5% req_rate=0.00/min idle=False
2026-05-17 17:08:06,314 [INFO] LOAD cpu=1.6% mem=+6.5% req_rate=0.00/min idle=False
2026-05-17 17:08:17,315 [INFO] LOAD cpu=3.2% mem=+6.8% req_rate=0.00/min idle=False
2026-05-17 17:08:28,316 [INFO] LOAD cpu=2.1% mem=+6.6% req_rate=0.00/min idle=False
2026-05-17 17:08:39,317 [INFO] LOAD cpu=3.1% mem=+6.6% req_rate=0.00/min idle=False
2026-05-17 17:08:53,114 [INFO] LOAD cpu=1.7% mem=+6.4% req_rate=0.00/min idle=False
2026-05-17 17:09:04,115 [INFO] LOAD cpu=3.5% mem=+6.5% req_rate=0.00/min idle=False
2026-05-17 17:09:15,116 [INFO] LOAD cpu=1.8% mem=+6.9% req_rate=0.00/min idle=False
2026-05-17 17:09:26,118 [INFO] LOAD cpu=1.7% mem=+7.0% req_rate=0.00/min idle=False
2026-05-17 17:09:37,119 [INFO] LOAD cpu=3.9% mem=+6.8% req_rate=0.00/min idle=False
2026-05-17 17:09:48,120 [INFO] LOAD cpu=3.9% mem=+6.7% req_rate=0.00/min idle=False
2026-05-17 17:10:01,793 [INFO] LOAD cpu=1.8% mem=+6.6% req_rate=0.00/min idle=False
2026-05-17 17:10:12,794 [INFO] LOAD cpu=2.3% mem=+6.7% req_rate=0.00/min idle=False
2026-05-17 17:10:23,796 [INFO] LOAD cpu=2.9% mem=+6.7% req_rate=0.00/min idle=False
2026-05-17 17:10:34,797 [INFO] LOAD cpu=2.0% mem=+6.6% req_rate=0.00/min idle=False
2026-05-17 17:10:45,798 [INFO] LOAD cpu=2.2% mem=+6.6% req_rate=0.00/min idle=False
2026-05-17 17:10:56,800 [INFO] LOAD cpu=5.5% mem=+6.4% req_rate=0.00/min idle=False
2026-05-17 17:11:10,479 [INFO] LOAD cpu=1.8% mem=+6.5% req_rate=0.00/min idle=False
2026-05-17 17:11:21,480 [INFO] LOAD cpu=1.8% mem=+6.9% req_rate=0.00/min idle=False
2026-05-17 17:11:32,482 [INFO] LOAD cpu=3.0% mem=+6.6% req_rate=0.00/min idle=False
2026-05-17 17:11:43,483 [INFO] LOAD cpu=2.8% mem=+7.7% req_rate=5.45/min idle=False
2026-05-17 17:11:54,484 [INFO] LOAD cpu=11.5% mem=+8.1% req_rate=0.00/min idle=False
2026-05-17 17:12:05,485 [INFO] LOAD cpu=3.4% mem=+9.6% req_rate=0.00/min idle=False
2026-05-17 17:12:19,414 [INFO] LOAD cpu=14.0% mem=+9.8% req_rate=60.31/min idle=False
2026-05-17 17:12:30,415 [INFO] LOAD cpu=4.3% mem=+9.8% req_rate=0.00/min idle=False
2026-05-17 17:12:41,416 [INFO] LOAD cpu=6.7% mem=+9.7% req_rate=0.00/min idle=False
2026-05-17 17:12:52,417 [INFO] LOAD cpu=3.6% mem=+9.6% req_rate=0.00/min idle=False
2026-05-17 17:13:03,418 [INFO] LOAD cpu=2.0% mem=+9.4% req_rate=0.00/min idle=False
2026-05-17 17:13:14,420 [INFO] LOAD cpu=3.3% mem=+9.5% req_rate=0.00/min idle=False
2026-05-17 17:13:28,414 [INFO] LOAD cpu=1.9% mem=+9.5% req_rate=0.00/min idle=False
2026-05-17 17:13:39,415 [INFO] LOAD cpu=3.3% mem=+9.6% req_rate=0.00/min idle=False
2026-05-17 17:13:50,417 [INFO] LOAD cpu=2.0% mem=+9.5% req_rate=0.00/min idle=False
2026-05-17 17:14:01,418 [INFO] LOAD cpu=2.4% mem=+9.4% req_rate=0.00/min idle=False
2026-05-17 17:14:12,419 [INFO] LOAD cpu=2.6% mem=+9.5% req_rate=0.00/min idle=False
2026-05-17 17:14:23,420 [INFO] LOAD cpu=2.8% mem=+9.4% req_rate=0.00/min idle=False
2026-05-17 17:14:37,197 [INFO] LOAD cpu=2.8% mem=+7.3% req_rate=0.00/min idle=False
2026-05-17 17:14:48,199 [INFO] LOAD cpu=2.2% mem=+7.4% req_rate=0.00/min idle=False
2026-05-17 17:14:59,200 [INFO] LOAD cpu=4.1% mem=+7.1% req_rate=0.00/min idle=False
2026-05-17 17:15:10,201 [INFO] LOAD cpu=3.0% mem=+7.2% req_rate=0.00/min idle=False
2026-05-17 17:15:21,203 [INFO] LOAD cpu=2.1% mem=+7.5% req_rate=0.00/min idle=False
2026-05-17 17:15:21,828 [INFO] SIGNAL received signal=15; will exit after current cycle
2026-05-17 17:15:31,204 [INFO] SHUTDOWN flushed=0
2026-05-17 17:15:35,928 [INFO] STARTUP pid=102541 cwd=/media/gamedisk/Zadace/Faks/FaceQuizNovi/face-quiz-backend bucket=face-quiz-media env=production
2026-05-17 17:15:38,391 [INFO] BASELINE mem=61.6%
2026-05-17 17:15:39,397 [INFO] LOAD cpu=4.5% mem=+0.0% req_rate=0.00/min idle=True
2026-05-17 17:15:39,397 [INFO] ANALYZE_BEGIN n_pending=1849
2026-05-17 17:15:41,904 [INFO] ANALYZED exam=tQoHDQTrz1iAzcfYrbTF email=lbaljak@student.unipu.hr ts=1777825683376 status=FACE_DETECTED
2026-05-17 17:15:42,905 [INFO] ANALYZE_STOP reason=busy processed=1
2026-05-17 17:15:43,299 [INFO] BATCH_WRITE items=1
2026-05-17 17:15:54,300 [INFO] LOAD cpu=3.7% mem=+0.2% req_rate=0.00/min idle=True
2026-05-17 17:15:54,300 [INFO] ANALYZE_BEGIN n_pending=1848
2026-05-17 17:15:55,301 [INFO] ANALYZE_STOP reason=busy processed=0
2026-05-17 17:16:06,302 [INFO] LOAD cpu=1.6% mem=+0.0% req_rate=0.00/min idle=True
2026-05-17 17:16:06,302 [INFO] ANALYZE_BEGIN n_pending=1848
2026-05-17 17:16:07,579 [INFO] ANALYZED exam=tQoHDQTrz1iAzcfYrbTF email=lbaljak@student.unipu.hr ts=1777825694140 status=FACE_DETECTED
2026-05-17 17:16:08,580 [INFO] ANALYZE_STOP reason=busy processed=1
2026-05-17 17:16:08,705 [INFO] BATCH_WRITE items=1
2026-05-17 17:16:19,706 [INFO] LOAD cpu=3.4% mem=+0.3% req_rate=0.00/min idle=True
2026-05-17 17:16:19,706 [INFO] ANALYZE_BEGIN n_pending=1847
2026-05-17 17:16:21,011 [INFO] ANALYZED exam=tQoHDQTrz1iAzcfYrbTF email=lbaljak@student.unipu.hr ts=1777825705117 status=FACE_DETECTED
2026-05-17 17:16:22,012 [INFO] ANALYZE_STOP reason=busy processed=1
2026-05-17 17:16:22,155 [INFO] BATCH_WRITE items=1
2026-05-17 17:16:33,156 [INFO] LOAD cpu=2.0% mem=+0.1% req_rate=0.00/min idle=True
2026-05-17 17:16:33,156 [INFO] ANALYZE_BEGIN n_pending=1846
2026-05-17 17:16:34,455 [INFO] ANALYZED exam=tQoHDQTrz1iAzcfYrbTF email=lbaljak@student.unipu.hr ts=1777825707016 status=FACE_DETECTED
2026-05-17 17:16:35,456 [INFO] ANALYZE_STOP reason=busy processed=1
2026-05-17 17:16:35,584 [INFO] BATCH_WRITE items=1
2026-05-17 17:16:49,477 [INFO] LOAD cpu=2.9% mem=+-0.1% req_rate=0.00/min idle=True
2026-05-17 17:16:49,477 [INFO] ANALYZE_BEGIN n_pending=1845
2026-05-17 17:16:50,614 [INFO] ANALYZED exam=tQoHDQTrz1iAzcfYrbTF email=lbaljak@student.unipu.hr ts=1777825715796 status=FACE_DETECTED
2026-05-17 17:16:51,615 [INFO] ANALYZE_STOP reason=busy processed=1
2026-05-17 17:16:51,750 [INFO] BATCH_WRITE items=1
2026-05-17 17:17:02,751 [INFO] LOAD cpu=2.1% mem=+-10.1% req_rate=0.00/min idle=True
2026-05-17 17:17:02,751 [INFO] ANALYZE_BEGIN n_pending=1844
2026-05-17 17:17:03,752 [INFO] ANALYZE_STOP reason=busy processed=0
2026-05-17 17:17:14,753 [INFO] LOAD cpu=3.1% mem=+-11.2% req_rate=0.00/min idle=True
2026-05-17 17:17:14,754 [INFO] ANALYZE_BEGIN n_pending=1844
2026-05-17 17:17:16,037 [INFO] ANALYZED exam=tQoHDQTrz1iAzcfYrbTF email=lbaljak@student.unipu.hr ts=1777825722736 status=FACE_DETECTED
2026-05-17 17:17:17,184 [INFO] ANALYZED exam=tQoHDQTrz1iAzcfYrbTF email=lbaljak@student.unipu.hr ts=1777825732616 status=FACE_DETECTED
2026-05-17 17:17:18,185 [INFO] ANALYZE_STOP reason=busy processed=2
2026-05-17 17:17:18,315 [INFO] BATCH_WRITE items=2
2026-05-17 17:17:29,316 [INFO] LOAD cpu=2.8% mem=+-12.9% req_rate=0.00/min idle=True
2026-05-17 17:17:29,316 [INFO] ANALYZE_BEGIN n_pending=1842
2026-05-17 17:17:30,593 [INFO] ANALYZED exam=tQoHDQTrz1iAzcfYrbTF email=lbaljak@student.unipu.hr ts=1777825736504 status=FACE_DETECTED
2026-05-17 17:17:31,594 [INFO] ANALYZE_STOP reason=busy processed=1
2026-05-17 17:17:31,724 [INFO] BATCH_WRITE items=1
2026-05-17 17:17:42,725 [INFO] LOAD cpu=1.8% mem=+-13.1% req_rate=0.00/min idle=True
2026-05-17 17:17:42,725 [INFO] ANALYZE_BEGIN n_pending=1841
2026-05-17 17:17:44,076 [INFO] ANALYZED exam=tQoHDQTrz1iAzcfYrbTF email=lbaljak@student.unipu.hr ts=1777825741300 status=FACE_DETECTED
2026-05-17 17:17:45,077 [INFO] ANALYZE_STOP reason=busy processed=1
2026-05-17 17:17:45,211 [INFO] BATCH_WRITE items=1
2026-05-17 17:17:56,212 [INFO] LOAD cpu=2.1% mem=+-13.1% req_rate=0.00/min idle=True
2026-05-17 17:17:56,212 [INFO] ANALYZE_BEGIN n_pending=1840
2026-05-17 17:17:57,492 [INFO] ANALYZED exam=tQoHDQTrz1iAzcfYrbTF email=lbaljak@student.unipu.hr ts=1777825749124 status=FACE_DETECTED
2026-05-17 17:17:58,617 [INFO] ANALYZED exam=tQoHDQTrz1iAzcfYrbTF email=lbaljak@student.unipu.hr ts=1777825753105 status=FACE_DETECTED
2026-05-17 17:17:59,618 [INFO] ANALYZE_STOP reason=busy processed=2
2026-05-17 17:17:59,755 [INFO] BATCH_WRITE items=2
2026-05-17 17:18:14,350 [INFO] LOAD cpu=2.6% mem=+-13.1% req_rate=0.00/min idle=True
2026-05-17 17:18:14,351 [INFO] ANALYZE_BEGIN n_pending=1838
2026-05-17 17:18:15,475 [INFO] ANALYZED exam=tQoHDQTrz1iAzcfYrbTF email=lbaljak@student.unipu.hr ts=1777825762905 status=FACE_DETECTED
2026-05-17 17:18:16,612 [INFO] ANALYZED exam=tQoHDQTrz1iAzcfYrbTF email=lbaljak@student.unipu.hr ts=1777825765916 status=FACE_DETECTED
2026-05-17 17:18:17,613 [INFO] ANALYZE_STOP reason=busy processed=2
2026-05-17 17:18:17,731 [INFO] BATCH_WRITE items=2
2026-05-17 17:18:28,732 [INFO] LOAD cpu=2.0% mem=+-13.4% req_rate=0.00/min idle=True
2026-05-17 17:18:28,732 [INFO] ANALYZE_BEGIN n_pending=1836
2026-05-17 17:18:30,029 [INFO] ANALYZED exam=tQoHDQTrz1iAzcfYrbTF email=lbaljak@student.unipu.hr ts=1777825770704 status=FACE_DETECTED
2026-05-17 17:18:31,182 [INFO] ANALYZED exam=tQoHDQTrz1iAzcfYrbTF email=lbaljak@student.unipu.hr ts=1777825780444 status=FACE_DETECTED
2026-05-17 17:18:32,183 [INFO] ANALYZE_STOP reason=busy processed=2
2026-05-17 17:18:32,288 [INFO] BATCH_WRITE items=2
2026-05-17 17:18:43,289 [INFO] LOAD cpu=1.6% mem=+-13.4% req_rate=0.00/min idle=True
2026-05-17 17:18:43,289 [INFO] ANALYZE_BEGIN n_pending=1834
2026-05-17 17:18:44,591 [INFO] ANALYZED exam=tQoHDQTrz1iAzcfYrbTF email=lbaljak@student.unipu.hr ts=1777825786332 status=FACE_DETECTED
2026-05-17 17:18:45,717 [INFO] ANALYZED exam=tQoHDQTrz1iAzcfYrbTF email=lbaljak@student.unipu.hr ts=1777825797196 status=FACE_DETECTED
2026-05-17 17:18:46,842 [INFO] ANALYZED exam=tQoHDQTrz1iAzcfYrbTF email=lbaljak@student.unipu.hr ts=1777825804156 status=FACE_DETECTED
2026-05-17 17:18:47,981 [INFO] ANALYZED exam=tQoHDQTrz1iAzcfYrbTF email=lbaljak@student.unipu.hr ts=1777825811065 status=FACE_DETECTED
2026-05-17 17:18:49,134 [INFO] ANALYZED exam=tQoHDQTrz1iAzcfYrbTF email=lbaljak@student.unipu.hr ts=1777825822016 status=FACE_DETECTED
2026-05-17 17:18:50,278 [INFO] ANALYZED exam=tQoHDQTrz1iAzcfYrbTF email=lbaljak@student.unipu.hr ts=1777825825896 status=FACE_DETECTED
2026-05-17 17:18:51,397 [INFO] ANALYZED exam=tQoHDQTrz1iAzcfYrbTF email=lbaljak@student.unipu.hr ts=1777825828708 status=FACE_DETECTED
2026-05-17 17:18:52,523 [INFO] ANALYZED exam=tQoHDQTrz1iAzcfYrbTF email=lbaljak@student.unipu.hr ts=1777825834476 status=FACE_DETECTED
2026-05-17 17:18:53,672 [INFO] ANALYZED exam=tQoHDQTrz1iAzcfYrbTF email=lbaljak@student.unipu.hr ts=1777825841324 status=FACE_DETECTED
2026-05-17 17:18:54,673 [INFO] ANALYZE_STOP reason=busy processed=9
2026-05-17 17:18:54,837 [INFO] BATCH_WRITE items=9
2026-05-17 17:19:05,838 [INFO] LOAD cpu=1.6% mem=+-13.1% req_rate=0.00/min idle=True
2026-05-17 17:19:05,839 [INFO] ANALYZE_BEGIN n_pending=1825
2026-05-17 17:19:07,117 [INFO] ANALYZED exam=tQoHDQTrz1iAzcfYrbTF email=lbaljak@student.unipu.hr ts=1777825845245 status=FACE_DETECTED
2026-05-17 17:19:08,260 [INFO] ANALYZED exam=tQoHDQTrz1iAzcfYrbTF email=lbaljak@student.unipu.hr ts=1777825848045 status=FACE_DETECTED
2026-05-17 17:19:09,398 [INFO] ANALYZED exam=tQoHDQTrz1iAzcfYrbTF email=lbaljak@student.unipu.hr ts=1777825855824 status=FACE_DETECTED
2026-05-17 17:19:10,399 [INFO] ANALYZE_STOP reason=busy processed=3
2026-05-17 17:19:10,614 [INFO] BATCH_WRITE items=3
2026-05-17 17:19:21,615 [INFO] LOAD cpu=1.8% mem=+-13.0% req_rate=0.00/min idle=True
2026-05-17 17:19:21,616 [INFO] ANALYZE_BEGIN n_pending=1822
2026-05-17 17:19:22,617 [INFO] ANALYZE_STOP reason=busy processed=0
2026-05-17 17:19:33,619 [INFO] LOAD cpu=1.7% mem=+-13.0% req_rate=0.00/min idle=True
2026-05-17 17:19:33,619 [INFO] ANALYZE_BEGIN n_pending=1822
2026-05-17 17:19:34,915 [INFO] ANALYZED exam=tQoHDQTrz1iAzcfYrbTF email=lbaljak@student.unipu.hr ts=1777825865804 status=FACE_DETECTED
2026-05-17 17:19:36,034 [INFO] ANALYZED exam=tQoHDQTrz1iAzcfYrbTF email=lbaljak@student.unipu.hr ts=1777825869712 status=FACE_DETECTED
2026-05-17 17:19:37,188 [INFO] ANALYZED exam=tQoHDQTrz1iAzcfYrbTF email=lbaljak@student.unipu.hr ts=1777825873545 status=FACE_DETECTED
2026-05-17 17:19:38,337 [INFO] ANALYZED exam=tQoHDQTrz1iAzcfYrbTF email=lbaljak@student.unipu.hr ts=1777825880344 status=FACE_DETECTED
2026-05-17 17:19:39,469 [INFO] ANALYZED exam=tQoHDQTrz1iAzcfYrbTF email=lbaljak@student.unipu.hr ts=1777825890264 status=FACE_DETECTED
2026-05-17 17:19:40,633 [INFO] ANALYZED exam=tQoHDQTrz1iAzcfYrbTF email=lbaljak@student.unipu.hr ts=1777825894204 status=FACE_DETECTED
2026-05-17 17:19:41,634 [INFO] ANALYZE_STOP reason=busy processed=6
2026-05-17 17:19:41,800 [INFO] BATCH_WRITE items=6
2026-05-17 17:19:55,690 [INFO] LOAD cpu=2.1% mem=+-13.1% req_rate=0.00/min idle=True
2026-05-17 17:19:55,690 [INFO] ANALYZE_BEGIN n_pending=1816
2026-05-17 17:19:56,691 [INFO] ANALYZE_STOP reason=busy processed=0
2026-05-17 17:20:07,692 [INFO] LOAD cpu=2.1% mem=+-13.2% req_rate=0.00/min idle=True
2026-05-17 17:20:07,693 [INFO] ANALYZE_BEGIN n_pending=1816
2026-05-17 17:20:08,997 [INFO] ANALYZED exam=tQoHDQTrz1iAzcfYrbTF email=lbaljak@student.unipu.hr ts=1777825903948 status=FACE_DETECTED
2026-05-17 17:20:10,155 [INFO] ANALYZED exam=tQoHDQTrz1iAzcfYrbTF email=lbaljak@student.unipu.hr ts=1777825909964 status=FACE_DETECTED
2026-05-17 17:20:11,300 [INFO] ANALYZED exam=tQoHDQTrz1iAzcfYrbTF email=lbaljak@student.unipu.hr ts=1777825918756 status=FACE_DETECTED
2026-05-17 17:20:12,425 [INFO] ANALYZED exam=tQoHDQTrz1iAzcfYrbTF email=lbaljak@student.unipu.hr ts=1777825920696 status=FACE_DETECTED
2026-05-17 17:20:13,561 [INFO] ANALYZED exam=tQoHDQTrz1iAzcfYrbTF email=lbaljak@student.unipu.hr ts=1777825926500 status=FACE_DETECTED
2026-05-17 17:20:14,562 [INFO] ANALYZE_STOP reason=busy processed=5
2026-05-17 17:20:14,694 [INFO] BATCH_WRITE items=5
2026-05-17 17:20:25,695 [INFO] LOAD cpu=1.8% mem=+-13.4% req_rate=0.00/min idle=True
2026-05-17 17:20:25,696 [INFO] ANALYZE_BEGIN n_pending=1811
2026-05-17 17:20:26,983 [INFO] ANALYZED exam=tQoHDQTrz1iAzcfYrbTF email=lbaljak@student.unipu.hr ts=1777825935245 status=FACE_DETECTED
2026-05-17 17:20:28,118 [INFO] ANALYZED exam=tQoHDQTrz1iAzcfYrbTF email=lbaljak@student.unipu.hr ts=1777825941192 status=FACE_DETECTED
2026-05-17 17:20:29,119 [INFO] ANALYZE_STOP reason=busy processed=2
2026-05-17 17:20:29,238 [INFO] BATCH_WRITE items=2
2026-05-17 17:20:40,239 [INFO] LOAD cpu=4.7% mem=+-13.0% req_rate=0.00/min idle=True
2026-05-17 17:20:40,239 [INFO] ANALYZE_BEGIN n_pending=1809
2026-05-17 17:20:41,526 [INFO] ANALYZED exam=tQoHDQTrz1iAzcfYrbTF email=lbaljak@student.unipu.hr ts=1777825951004 status=FACE_DETECTED
2026-05-17 17:20:42,527 [INFO] ANALYZE_STOP reason=busy processed=1
2026-05-17 17:20:42,641 [INFO] BATCH_WRITE items=1
2026-05-17 17:20:53,642 [INFO] LOAD cpu=6.3% mem=+-11.2% req_rate=59.38/min idle=False
2026-05-17 17:21:04,643 [INFO] LOAD cpu=15.5% mem=+-10.3% req_rate=27.27/min idle=False
2026-05-17 17:21:18,982 [INFO] LOAD cpu=2.3% mem=+-10.9% req_rate=0.00/min idle=True
2026-05-17 17:21:18,983 [INFO] ANALYZE_BEGIN n_pending=1808
2026-05-17 17:21:20,117 [INFO] ANALYZED exam=tQoHDQTrz1iAzcfYrbTF email=lbaljak@student.unipu.hr ts=1777825955944 status=FACE_DETECTED
2026-05-17 17:21:21,121 [INFO] ANALYZE_STOP reason=busy processed=1
2026-05-17 17:21:21,220 [INFO] BATCH_WRITE items=1
2026-05-17 17:21:32,221 [INFO] LOAD cpu=1.9% mem=+-11.4% req_rate=0.00/min idle=True
2026-05-17 17:21:32,221 [INFO] ANALYZE_BEGIN n_pending=1807
2026-05-17 17:21:33,536 [INFO] ANALYZED exam=tQoHDQTrz1iAzcfYrbTF email=lbaljak@student.unipu.hr ts=1777825964764 status=FACE_DETECTED
2026-05-17 17:21:34,537 [INFO] ANALYZE_STOP reason=busy processed=1
2026-05-17 17:21:34,635 [INFO] BATCH_WRITE items=1
2026-05-17 17:21:45,636 [INFO] LOAD cpu=2.3% mem=+-11.6% req_rate=0.00/min idle=True
2026-05-17 17:21:45,637 [INFO] ANALYZE_BEGIN n_pending=1806
2026-05-17 17:21:46,645 [INFO] ANALYZE_STOP reason=busy processed=0
2026-05-17 17:21:57,646 [INFO] LOAD cpu=5.8% mem=+-11.6% req_rate=0.00/min idle=False
2026-05-17 17:22:08,648 [INFO] LOAD cpu=2.7% mem=+-11.6% req_rate=0.00/min idle=True
2026-05-17 17:22:08,648 [INFO] ANALYZE_BEGIN n_pending=1806
2026-05-17 17:22:09,649 [INFO] ANALYZE_STOP reason=busy processed=0
2026-05-17 17:22:20,651 [INFO] LOAD cpu=15.1% mem=+-11.0% req_rate=49.08/min idle=False
2026-05-17 17:22:35,036 [INFO] LOAD cpu=11.9% mem=+-10.4% req_rate=45.88/min idle=False
2026-05-17 17:22:46,037 [INFO] LOAD cpu=22.2% mem=+-10.6% req_rate=32.72/min idle=False
2026-05-17 17:22:57,038 [INFO] LOAD cpu=7.4% mem=+-12.6% req_rate=43.63/min idle=False
2026-05-17 17:23:08,040 [INFO] LOAD cpu=10.4% mem=+-12.7% req_rate=38.18/min idle=False
2026-05-17 17:23:19,041 [INFO] LOAD cpu=7.5% mem=+-12.4% req_rate=38.18/min idle=False
2026-05-17 17:23:30,042 [INFO] LOAD cpu=14.0% mem=+-12.4% req_rate=54.54/min idle=False
2026-05-17 17:23:43,956 [INFO] LOAD cpu=3.2% mem=+-12.6% req_rate=12.94/min idle=False
2026-05-17 17:23:54,957 [INFO] LOAD cpu=6.9% mem=+-12.7% req_rate=0.00/min idle=False
2026-05-17 17:24:05,959 [INFO] LOAD cpu=3.3% mem=+-12.6% req_rate=0.00/min idle=True
2026-05-17 17:24:05,959 [INFO] ANALYZE_BEGIN n_pending=1806
2026-05-17 17:24:07,217 [INFO] ANALYZED exam=tQoHDQTrz1iAzcfYrbTF email=lbaljak@student.unipu.hr ts=1777825974574 status=NO_FACE_DETECTED
2026-05-17 17:24:08,353 [INFO] ANALYZED exam=tQoHDQTrz1iAzcfYrbTF email=lbaljak@student.unipu.hr ts=1777825978504 status=FACE_DETECTED
2026-05-17 17:24:09,354 [INFO] ANALYZE_STOP reason=busy processed=2
2026-05-17 17:24:09,464 [INFO] BATCH_WRITE items=2
2026-05-17 17:24:20,465 [INFO] LOAD cpu=6.4% mem=+-11.9% req_rate=0.00/min idle=False
2026-05-17 17:24:31,466 [INFO] LOAD cpu=3.8% mem=+-12.5% req_rate=0.00/min idle=True
2026-05-17 17:24:31,466 [INFO] ANALYZE_BEGIN n_pending=1804
2026-05-17 17:24:32,764 [INFO] ANALYZED exam=tQoHDQTrz1iAzcfYrbTF email=lbaljak@student.unipu.hr ts=1777825985284 status=FACE_DETECTED
2026-05-17 17:24:33,903 [INFO] ANALYZED exam=tQoHDQTrz1iAzcfYrbTF email=lbaljak@student.unipu.hr ts=1777825994264 status=FACE_DETECTED
2026-05-17 17:24:34,904 [INFO] ANALYZE_STOP reason=busy processed=2
2026-05-17 17:24:34,997 [INFO] BATCH_WRITE items=2
2026-05-17 17:24:45,998 [INFO] LOAD cpu=8.3% mem=+-12.8% req_rate=0.00/min idle=False
2026-05-17 17:25:00,189 [INFO] LOAD cpu=5.2% mem=+-12.8% req_rate=0.00/min idle=False
2026-05-17 17:25:11,191 [INFO] LOAD cpu=5.3% mem=+-12.7% req_rate=0.00/min idle=False
2026-05-17 17:25:22,192 [INFO] LOAD cpu=10.9% mem=+-12.1% req_rate=0.00/min idle=False
2026-05-17 17:25:33,193 [INFO] LOAD cpu=3.5% mem=+-12.5% req_rate=0.00/min idle=True
2026-05-17 17:25:33,194 [INFO] ANALYZE_BEGIN n_pending=1802
2026-05-17 17:25:34,498 [INFO] ANALYZED exam=tQoHDQTrz1iAzcfYrbTF email=lbaljak@student.unipu.hr ts=1777825997140 status=FACE_DETECTED
2026-05-17 17:25:35,627 [INFO] ANALYZED exam=tQoHDQTrz1iAzcfYrbTF email=lbaljak@student.unipu.hr ts=1777826006924 status=FACE_DETECTED
2026-05-17 17:25:36,628 [INFO] ANALYZE_STOP reason=busy processed=2
2026-05-17 17:25:36,844 [INFO] BATCH_WRITE items=2
2026-05-17 17:25:47,845 [INFO] LOAD cpu=3.5% mem=+-12.6% req_rate=0.00/min idle=True
2026-05-17 17:25:47,845 [INFO] ANALYZE_BEGIN n_pending=1800
2026-05-17 17:25:49,149 [INFO] ANALYZED exam=tQoHDQTrz1iAzcfYrbTF email=lbaljak@student.unipu.hr ts=1777826015864 status=FACE_DETECTED
2026-05-17 17:25:50,282 [INFO] ANALYZED exam=tQoHDQTrz1iAzcfYrbTF email=lbaljak@student.unipu.hr ts=1777826022757 status=FACE_DETECTED
2026-05-17 17:25:51,283 [INFO] ANALYZE_STOP reason=busy processed=2
2026-05-17 17:25:51,390 [INFO] BATCH_WRITE items=2
2026-05-17 17:26:02,391 [INFO] LOAD cpu=3.8% mem=+-12.6% req_rate=0.00/min idle=True
2026-05-17 17:26:02,391 [INFO] ANALYZE_BEGIN n_pending=1798
2026-05-17 17:26:03,682 [INFO] ANALYZED exam=tQoHDQTrz1iAzcfYrbTF email=lbaljak@student.unipu.hr ts=1777826032741 status=FACE_DETECTED
2026-05-17 17:26:04,683 [INFO] ANALYZE_STOP reason=busy processed=1
2026-05-17 17:26:04,774 [INFO] BATCH_WRITE items=1
2026-05-17 17:26:18,575 [INFO] LOAD cpu=2.7% mem=+-12.3% req_rate=0.00/min idle=True
2026-05-17 17:26:18,576 [INFO] ANALYZE_BEGIN n_pending=1797
2026-05-17 17:26:19,577 [INFO] ANALYZE_STOP reason=busy processed=0
2026-05-17 17:26:30,578 [INFO] LOAD cpu=3.1% mem=+-12.7% req_rate=0.00/min idle=True
2026-05-17 17:26:30,578 [INFO] ANALYZE_BEGIN n_pending=1797
2026-05-17 17:26:31,856 [INFO] ANALYZED exam=tQoHDQTrz1iAzcfYrbTF email=lbaljak@student.unipu.hr ts=1777826037736 status=FACE_DETECTED
2026-05-17 17:26:32,981 [INFO] ANALYZED exam=tQoHDQTrz1iAzcfYrbTF email=lbaljak@student.unipu.hr ts=1777826046589 status=FACE_DETECTED
2026-05-17 17:26:34,121 [INFO] ANALYZED exam=tQoHDQTrz1iAzcfYrbTF email=lbaljak@student.unipu.hr ts=1777826055524 status=FACE_DETECTED
2026-05-17 17:26:35,122 [INFO] ANALYZE_STOP reason=busy processed=3
2026-05-17 17:26:35,234 [INFO] BATCH_WRITE items=3
2026-05-17 17:26:46,235 [INFO] LOAD cpu=6.7% mem=+-13.1% req_rate=0.00/min idle=False
2026-05-17 17:26:57,236 [INFO] LOAD cpu=3.0% mem=+-13.1% req_rate=0.00/min idle=True
2026-05-17 17:26:57,237 [INFO] ANALYZE_BEGIN n_pending=1794
2026-05-17 17:26:58,536 [INFO] ANALYZED exam=tQoHDQTrz1iAzcfYrbTF email=lbaljak@student.unipu.hr ts=1777826064436 status=FACE_DETECTED
2026-05-17 17:26:59,537 [INFO] ANALYZE_STOP reason=busy processed=1
2026-05-17 17:26:59,641 [INFO] BATCH_WRITE items=1
2026-05-17 17:27:10,642 [INFO] LOAD cpu=4.0% mem=+-13.1% req_rate=0.00/min idle=True
2026-05-17 17:27:10,642 [INFO] ANALYZE_BEGIN n_pending=1793
2026-05-17 17:27:11,643 [INFO] ANALYZE_STOP reason=busy processed=0
2026-05-17 17:27:22,644 [INFO] LOAD cpu=10.6% mem=+-12.7% req_rate=0.00/min idle=False
2026-05-17 17:27:36,629 [INFO] LOAD cpu=2.0% mem=+-12.7% req_rate=0.00/min idle=True
2026-05-17 17:27:36,630 [INFO] ANALYZE_BEGIN n_pending=1793
2026-05-17 17:27:37,742 [INFO] ANALYZED exam=tQoHDQTrz1iAzcfYrbTF email=ljuros@student.unipu.hr ts=1777226081078 status=NO_FACE_DETECTED
2026-05-17 17:27:38,861 [INFO] ANALYZED exam=tQoHDQTrz1iAzcfYrbTF email=ljuros@student.unipu.hr ts=1777226087867 status=NO_FACE_DETECTED
2026-05-17 17:27:39,977 [INFO] ANALYZED exam=tQoHDQTrz1iAzcfYrbTF email=ljuros@student.unipu.hr ts=1777226098617 status=NO_FACE_DETECTED
2026-05-17 17:27:41,095 [INFO] ANALYZED exam=tQoHDQTrz1iAzcfYrbTF email=ljuros@student.unipu.hr ts=1777226109421 status=NO_FACE_DETECTED
2026-05-17 17:27:42,209 [INFO] ANALYZED exam=tQoHDQTrz1iAzcfYrbTF email=ljuros@student.unipu.hr ts=1777226115169 status=NO_FACE_DETECTED
2026-05-17 17:27:43,328 [INFO] ANALYZED exam=tQoHDQTrz1iAzcfYrbTF email=ljuros@student.unipu.hr ts=1777226119806 status=NO_FACE_DETECTED
2026-05-17 17:27:44,446 [INFO] ANALYZED exam=tQoHDQTrz1iAzcfYrbTF email=ljuros@student.unipu.hr ts=1777226122429 status=NO_FACE_DETECTED
2026-05-17 17:27:45,562 [INFO] ANALYZED exam=tQoHDQTrz1iAzcfYrbTF email=ljuros@student.unipu.hr ts=1777226128062 status=NO_FACE_DETECTED
2026-05-17 17:27:46,685 [INFO] ANALYZED exam=tQoHDQTrz1iAzcfYrbTF email=ljuros@student.unipu.hr ts=1777226132681 status=NO_FACE_DETECTED
2026-05-17 17:27:47,686 [INFO] ANALYZE_STOP reason=busy processed=9
2026-05-17 17:27:47,802 [INFO] BATCH_WRITE items=9
2026-05-17 17:27:58,803 [INFO] LOAD cpu=3.6% mem=+-13.2% req_rate=0.00/min idle=True
2026-05-17 17:27:58,804 [INFO] ANALYZE_BEGIN n_pending=1784
2026-05-17 17:27:59,804 [INFO] ANALYZE_STOP reason=busy processed=0
2026-05-17 17:28:10,806 [INFO] LOAD cpu=3.4% mem=+-13.1% req_rate=0.00/min idle=True
2026-05-17 17:28:10,806 [INFO] ANALYZE_BEGIN n_pending=1784
2026-05-17 17:28:12,059 [INFO] ANALYZED exam=tQoHDQTrz1iAzcfYrbTF email=ljuros@student.unipu.hr ts=1777226140334 status=NO_FACE_DETECTED
2026-05-17 17:28:13,168 [INFO] ANALYZED exam=tQoHDQTrz1iAzcfYrbTF email=ljuros@student.unipu.hr ts=1777226147062 status=NO_FACE_DETECTED
2026-05-17 17:28:14,281 [INFO] ANALYZED exam=tQoHDQTrz1iAzcfYrbTF email=ljuros@student.unipu.hr ts=1777226151806 status=NO_FACE_DETECTED
2026-05-17 17:28:15,282 [INFO] ANALYZE_STOP reason=busy processed=3
2026-05-17 17:28:15,398 [INFO] BATCH_WRITE items=3
2026-05-17 17:28:26,399 [INFO] LOAD cpu=3.3% mem=+-12.5% req_rate=0.00/min idle=True
2026-05-17 17:28:26,399 [INFO] ANALYZE_BEGIN n_pending=1781
2026-05-17 17:28:27,658 [INFO] ANALYZED exam=tQoHDQTrz1iAzcfYrbTF email=ljuros@student.unipu.hr ts=1777226160435 status=NO_FACE_DETECTED
2026-05-17 17:28:28,769 [INFO] ANALYZED exam=tQoHDQTrz1iAzcfYrbTF email=ljuros@student.unipu.hr ts=1777226164212 status=NO_FACE_DETECTED
2026-05-17 17:28:29,770 [INFO] ANALYZE_STOP reason=busy processed=2
2026-05-17 17:28:29,885 [INFO] BATCH_WRITE items=2
2026-05-17 17:28:40,886 [INFO] LOAD cpu=6.0% mem=+-12.6% req_rate=0.00/min idle=False
2026-05-17 17:28:51,888 [INFO] LOAD cpu=4.2% mem=+-12.1% req_rate=0.00/min idle=True
2026-05-17 17:28:51,888 [INFO] ANALYZE_BEGIN n_pending=1779
2026-05-17 17:28:53,139 [INFO] ANALYZED exam=tQoHDQTrz1iAzcfYrbTF email=ljuros@student.unipu.hr ts=1777226171838 status=NO_FACE_DETECTED
2026-05-17 17:28:54,250 [INFO] ANALYZED exam=tQoHDQTrz1iAzcfYrbTF email=ljuros@student.unipu.hr ts=1777226178568 status=NO_FACE_DETECTED
2026-05-17 17:28:55,365 [INFO] ANALYZED exam=tQoHDQTrz1iAzcfYrbTF email=ljuros@student.unipu.hr ts=1777226189372 status=NO_FACE_DETECTED
2026-05-17 17:28:56,479 [INFO] ANALYZED exam=tQoHDQTrz1iAzcfYrbTF email=ljuros@student.unipu.hr ts=1777226198153 status=NO_FACE_DETECTED
2026-05-17 17:28:57,589 [INFO] ANALYZED exam=tQoHDQTrz1iAzcfYrbTF email=ljuros@student.unipu.hr ts=1777226203907 status=NO_FACE_DETECTED
2026-05-17 17:28:58,701 [INFO] ANALYZED exam=tQoHDQTrz1iAzcfYrbTF email=ljuros@student.unipu.hr ts=1777226209514 status=NO_FACE_DETECTED
2026-05-17 17:28:59,812 [INFO] ANALYZED exam=tQoHDQTrz1iAzcfYrbTF email=ljuros@student.unipu.hr ts=1777226220128 status=NO_FACE_DETECTED
2026-05-17 17:29:00,926 [INFO] ANALYZED exam=tQoHDQTrz1iAzcfYrbTF email=ljuros@student.unipu.hr ts=1777226230868 status=NO_FACE_DETECTED
2026-05-17 17:29:01,927 [INFO] ANALYZE_STOP reason=busy processed=8
2026-05-17 17:29:02,070 [INFO] BATCH_WRITE items=8
2026-05-17 17:29:11,756 [INFO] SIGNAL received signal=15; will exit after current cycle
2026-05-17 17:29:12,070 [INFO] SHUTDOWN flushed=0
2026-05-17 17:29:16,769 [INFO] STARTUP pid=107627 cwd=/media/gamedisk/Zadace/Faks/FaceQuizNovi/face-quiz-backend bucket=face-quiz-media env=production
2026-05-17 17:29:19,214 [INFO] BASELINE mem=47.6%
2026-05-17 17:29:20,221 [INFO] LOAD cpu=5.4% mem=+0.1% req_rate=0.00/min idle=True
2026-05-17 17:29:20,221 [INFO] ANALYZE_BEGIN n_pending=1771
2026-05-17 17:29:22,666 [INFO] ANALYZED exam=tQoHDQTrz1iAzcfYrbTF email=ljuros@student.unipu.hr ts=1777226234634 status=NO_FACE_DETECTED
2026-05-17 17:29:23,781 [INFO] ANALYZED exam=tQoHDQTrz1iAzcfYrbTF email=ljuros@student.unipu.hr ts=1777226240257 status=NO_FACE_DETECTED
2026-05-17 17:29:24,903 [INFO] ANALYZED exam=tQoHDQTrz1iAzcfYrbTF email=ljuros@student.unipu.hr ts=1777226244904 status=NO_FACE_DETECTED
2026-05-17 17:29:26,019 [INFO] ANALYZED exam=tQoHDQTrz1iAzcfYrbTF email=ljuros@student.unipu.hr ts=1777226253509 status=NO_FACE_DETECTED
2026-05-17 17:29:27,132 [INFO] ANALYZED exam=tQoHDQTrz1iAzcfYrbTF email=ljuros@student.unipu.hr ts=1777226258299 status=NO_FACE_DETECTED
2026-05-17 17:29:28,245 [INFO] ANALYZED exam=tQoHDQTrz1iAzcfYrbTF email=ljuros@student.unipu.hr ts=1777226261910 status=NO_FACE_DETECTED
2026-05-17 17:29:29,360 [INFO] ANALYZED exam=tQoHDQTrz1iAzcfYrbTF email=ljuros@student.unipu.hr ts=1777226267529 status=NO_FACE_DETECTED
2026-05-17 17:29:30,474 [INFO] ANALYZED exam=tQoHDQTrz1iAzcfYrbTF email=ljuros@student.unipu.hr ts=1777226277147 status=NO_FACE_DETECTED
2026-05-17 17:29:31,584 [INFO] ANALYZED exam=tQoHDQTrz1iAzcfYrbTF email=ljuros@student.unipu.hr ts=1777226287862 status=NO_FACE_DETECTED
2026-05-17 17:29:32,692 [INFO] ANALYZED exam=tQoHDQTrz1iAzcfYrbTF email=ljuros@student.unipu.hr ts=1777226290627 status=NO_FACE_DETECTED
2026-05-17 17:29:33,806 [INFO] ANALYZED exam=tQoHDQTrz1iAzcfYrbTF email=ljuros@student.unipu.hr ts=1777226295910 status=NO_FACE_DETECTED
2026-05-17 17:29:34,918 [INFO] ANALYZED exam=tQoHDQTrz1iAzcfYrbTF email=ljuros@student.unipu.hr ts=1777226303555 status=NO_FACE_DETECTED
2026-05-17 17:29:36,033 [INFO] ANALYZED exam=tQoHDQTrz1iAzcfYrbTF email=ljuros@student.unipu.hr ts=1777226311337 status=NO_FACE_DETECTED
2026-05-17 17:29:37,150 [INFO] ANALYZED exam=tQoHDQTrz1iAzcfYrbTF email=ljuros@student.unipu.hr ts=1777226316108 status=NO_FACE_DETECTED
2026-05-17 17:29:38,266 [INFO] ANALYZED exam=tQoHDQTrz1iAzcfYrbTF email=ljuros@student.unipu.hr ts=1777226321770 status=NO_FACE_DETECTED
2026-05-17 17:29:39,385 [INFO] ANALYZED exam=tQoHDQTrz1iAzcfYrbTF email=ljuros@student.unipu.hr ts=1777226332391 status=NO_FACE_DETECTED
2026-05-17 17:29:40,502 [INFO] ANALYZED exam=tQoHDQTrz1iAzcfYrbTF email=ljuros@student.unipu.hr ts=1777226335358 status=NO_FACE_DETECTED
2026-05-17 17:29:41,620 [INFO] ANALYZED exam=tQoHDQTrz1iAzcfYrbTF email=ljuros@student.unipu.hr ts=1777226344961 status=NO_FACE_DETECTED
2026-05-17 17:29:42,758 [INFO] ANALYZED exam=tQoHDQTrz1iAzcfYrbTF email=ljuros@student.unipu.hr ts=1777226354749 status=NO_FACE_DETECTED
2026-05-17 17:29:43,870 [INFO] ANALYZED exam=tQoHDQTrz1iAzcfYrbTF email=ljuros@student.unipu.hr ts=1777226362524 status=NO_FACE_DETECTED
2026-05-17 17:29:44,982 [INFO] ANALYZED exam=tQoHDQTrz1iAzcfYrbTF email=ljuros@student.unipu.hr ts=1777226372924 status=NO_FACE_DETECTED
2026-05-17 17:29:46,094 [INFO] ANALYZED exam=tQoHDQTrz1iAzcfYrbTF email=ljuros@student.unipu.hr ts=1777226381728 status=NO_FACE_DETECTED
2026-05-17 17:29:47,208 [INFO] ANALYZED exam=tQoHDQTrz1iAzcfYrbTF email=ljuros@student.unipu.hr ts=1777226385467 status=NO_FACE_DETECTED
2026-05-17 17:29:48,322 [INFO] ANALYZED exam=tQoHDQTrz1iAzcfYrbTF email=ljuros@student.unipu.hr ts=1777226395075 status=NO_FACE_DETECTED
2026-05-17 17:29:49,438 [INFO] ANALYZED exam=tQoHDQTrz1iAzcfYrbTF email=ljuros@student.unipu.hr ts=1777226397831 status=NO_FACE_DETECTED
2026-05-17 17:29:50,552 [INFO] ANALYZED exam=tQoHDQTrz1iAzcfYrbTF email=ljuros@student.unipu.hr ts=1777226402903 status=NO_FACE_DETECTED
2026-05-17 17:29:51,666 [INFO] ANALYZED exam=tQoHDQTrz1iAzcfYrbTF email=ljuros@student.unipu.hr ts=1777226409912 status=NO_FACE_DETECTED
2026-05-17 17:29:52,779 [INFO] ANALYZED exam=tQoHDQTrz1iAzcfYrbTF email=ljuros@student.unipu.hr ts=1777226414726 status=NO_FACE_DETECTED
2026-05-17 17:29:53,894 [INFO] ANALYZED exam=tQoHDQTrz1iAzcfYrbTF email=ljuros@student.unipu.hr ts=1777226422335 status=NO_FACE_DETECTED
2026-05-17 17:29:55,009 [INFO] ANALYZED exam=tQoHDQTrz1iAzcfYrbTF email=ljuros@student.unipu.hr ts=1777226431117 status=NO_FACE_DETECTED
2026-05-17 17:29:56,124 [INFO] ANALYZED exam=tQoHDQTrz1iAzcfYrbTF email=ljuros@student.unipu.hr ts=1777226439850 status=NO_FACE_DETECTED
2026-05-17 17:29:57,235 [INFO] ANALYZED exam=tQoHDQTrz1iAzcfYrbTF email=ljuros@student.unipu.hr ts=1777226449576 status=NO_FACE_DETECTED
2026-05-17 17:29:58,351 [INFO] ANALYZED exam=tQoHDQTrz1iAzcfYrbTF email=ljuros@student.unipu.hr ts=1777226453342 status=NO_FACE_DETECTED
2026-05-17 17:29:59,463 [INFO] ANALYZED exam=tQoHDQTrz1iAzcfYrbTF email=ljuros@student.unipu.hr ts=1777226457944 status=NO_FACE_DETECTED
2026-05-17 17:30:00,577 [INFO] ANALYZED exam=tQoHDQTrz1iAzcfYrbTF email=ljuros@student.unipu.hr ts=1777226463539 status=NO_FACE_DETECTED
2026-05-17 17:30:01,691 [INFO] ANALYZED exam=tQoHDQTrz1iAzcfYrbTF email=ljuros@student.unipu.hr ts=1777226469164 status=NO_FACE_DETECTED
2026-05-17 17:30:02,809 [INFO] ANALYZED exam=tQoHDQTrz1iAzcfYrbTF email=ljuros@student.unipu.hr ts=1777226471782 status=NO_FACE_DETECTED
2026-05-17 17:30:03,919 [INFO] ANALYZED exam=tQoHDQTrz1iAzcfYrbTF email=ljuros@student.unipu.hr ts=1777226474436 status=NO_FACE_DETECTED
2026-05-17 17:30:05,025 [INFO] ANALYZED exam=tQoHDQTrz1iAzcfYrbTF email=ljuros@student.unipu.hr ts=1777226482092 status=NO_FACE_DETECTED
2026-05-17 17:30:06,142 [INFO] ANALYZED exam=tQoHDQTrz1iAzcfYrbTF email=ljuros@student.unipu.hr ts=1777226487844 status=NO_FACE_DETECTED
2026-05-17 17:30:07,259 [INFO] ANALYZED exam=tQoHDQTrz1iAzcfYrbTF email=ljuros@student.unipu.hr ts=1777226490464 status=NO_FACE_DETECTED
2026-05-17 17:30:08,373 [INFO] ANALYZED exam=tQoHDQTrz1iAzcfYrbTF email=ljuros@student.unipu.hr ts=1777226498060 status=NO_FACE_DETECTED
2026-05-17 17:30:09,492 [INFO] ANALYZED exam=tQoHDQTrz1iAzcfYrbTF email=ljuros@student.unipu.hr ts=1777226503817 status=NO_FACE_DETECTED
2026-05-17 17:30:10,606 [INFO] ANALYZED exam=tQoHDQTrz1iAzcfYrbTF email=ljuros@student.unipu.hr ts=1777226506465 status=NO_FACE_DETECTED
2026-05-17 17:30:11,722 [INFO] ANALYZED exam=tQoHDQTrz1iAzcfYrbTF email=ljuros@student.unipu.hr ts=1777226517089 status=NO_FACE_DETECTED
2026-05-17 17:30:12,837 [INFO] ANALYZED exam=tQoHDQTrz1iAzcfYrbTF email=ljuros@student.unipu.hr ts=1777226523845 status=NO_FACE_DETECTED
2026-05-17 17:30:13,953 [INFO] ANALYZED exam=tQoHDQTrz1iAzcfYrbTF email=ljuros@student.unipu.hr ts=1777226526649 status=NO_FACE_DETECTED
2026-05-17 17:30:15,069 [INFO] ANALYZED exam=tQoHDQTrz1iAzcfYrbTF email=ljuros@student.unipu.hr ts=1777226537914 status=NO_FACE_DETECTED
2026-05-17 17:30:16,183 [INFO] ANALYZED exam=tQoHDQTrz1iAzcfYrbTF email=ljuros@student.unipu.hr ts=1777226541644 status=NO_FACE_DETECTED
2026-05-17 17:30:17,295 [INFO] ANALYZED exam=tQoHDQTrz1iAzcfYrbTF email=ljuros@student.unipu.hr ts=1777226548253 status=NO_FACE_DETECTED
2026-05-17 17:30:18,408 [INFO] ANALYZED exam=tQoHDQTrz1iAzcfYrbTF email=ljuros@student.unipu.hr ts=1777226557012 status=NO_FACE_DETECTED
2026-05-17 17:30:19,537 [INFO] ANALYZED exam=tQoHDQTrz1iAzcfYrbTF email=ljuros@student.unipu.hr ts=1777226562762 status=NO_FACE_DETECTED
2026-05-17 17:30:20,650 [INFO] ANALYZED exam=tQoHDQTrz1iAzcfYrbTF email=ljuros@student.unipu.hr ts=1777226567406 status=NO_FACE_DETECTED
2026-05-17 17:30:21,765 [INFO] ANALYZED exam=tQoHDQTrz1iAzcfYrbTF email=ljuros@student.unipu.hr ts=1777226573105 status=NO_FACE_DETECTED
2026-05-17 17:30:22,875 [INFO] ANALYZED exam=tQoHDQTrz1iAzcfYrbTF email=ljuros@student.unipu.hr ts=1777226582712 status=NO_FACE_DETECTED
2026-05-17 17:30:23,987 [INFO] ANALYZED exam=tQoHDQTrz1iAzcfYrbTF email=ljuros@student.unipu.hr ts=1777226587493 status=NO_FACE_DETECTED
2026-05-17 17:30:25,098 [INFO] ANALYZED exam=tQoHDQTrz1iAzcfYrbTF email=ljuros@student.unipu.hr ts=1777226589123 status=NO_FACE_DETECTED
2026-05-17 17:30:26,213 [INFO] ANALYZED exam=tQoHDQTrz1iAzcfYrbTF email=ljuros@student.unipu.hr ts=1777226593714 status=NO_FACE_DETECTED
2026-05-17 17:30:27,328 [INFO] ANALYZED exam=tQoHDQTrz1iAzcfYrbTF email=ljuros@student.unipu.hr ts=1777226603341 status=NO_FACE_DETECTED
2026-05-17 17:30:28,328 [INFO] ANALYZE_STOP reason=busy processed=59
2026-05-17 17:30:28,803 [INFO] BATCH_WRITE items=59
2026-05-17 17:30:39,804 [INFO] LOAD cpu=3.6% mem=+0.1% req_rate=0.00/min idle=True
2026-05-17 17:30:39,804 [INFO] ANALYZE_BEGIN n_pending=1712
2026-05-17 17:30:41,061 [INFO] ANALYZED exam=tQoHDQTrz1iAzcfYrbTF email=ljuros@student.unipu.hr ts=1777226610097 status=NO_FACE_DETECTED
2026-05-17 17:30:42,178 [INFO] ANALYZED exam=tQoHDQTrz1iAzcfYrbTF email=ljuros@student.unipu.hr ts=1777226611860 status=NO_FACE_DETECTED
2026-05-17 17:30:43,296 [INFO] ANALYZED exam=tQoHDQTrz1iAzcfYrbTF email=ljuros@student.unipu.hr ts=1777226616462 status=NO_FACE_DETECTED
2026-05-17 17:30:44,406 [INFO] ANALYZED exam=tQoHDQTrz1iAzcfYrbTF email=ljuros@student.unipu.hr ts=1777226622066 status=NO_FACE_DETECTED
2026-05-17 17:30:45,522 [INFO] ANALYZED exam=tQoHDQTrz1iAzcfYrbTF email=ljuros@student.unipu.hr ts=1777226632705 status=NO_FACE_DETECTED
2026-05-17 17:30:46,635 [INFO] ANALYZED exam=tQoHDQTrz1iAzcfYrbTF email=ljuros@student.unipu.hr ts=1777226636437 status=NO_FACE_DETECTED
2026-05-17 17:30:47,746 [INFO] ANALYZED exam=tQoHDQTrz1iAzcfYrbTF email=ljuros@student.unipu.hr ts=1777226641921 status=NO_FACE_DETECTED
2026-05-17 17:30:48,859 [INFO] ANALYZED exam=tQoHDQTrz1iAzcfYrbTF email=ljuros@student.unipu.hr ts=1777226645531 status=NO_FACE_DETECTED
2026-05-17 17:30:49,970 [INFO] ANALYZED exam=tQoHDQTrz1iAzcfYrbTF email=ljuros@student.unipu.hr ts=1777226654143 status=NO_FACE_DETECTED
2026-05-17 17:30:51,086 [INFO] ANALYZED exam=tQoHDQTrz1iAzcfYrbTF email=ljuros@student.unipu.hr ts=1777226662874 status=NO_FACE_DETECTED
2026-05-17 17:30:52,199 [INFO] ANALYZED exam=tQoHDQTrz1iAzcfYrbTF email=ljuros@student.unipu.hr ts=1777226668636 status=NO_FACE_DETECTED
2026-05-17 17:30:53,311 [INFO] ANALYZED exam=tQoHDQTrz1iAzcfYrbTF email=ljuros@student.unipu.hr ts=1777226679237 status=NO_FACE_DETECTED
2026-05-17 17:30:54,427 [INFO] ANALYZED exam=tQoHDQTrz1iAzcfYrbTF email=ljuros@student.unipu.hr ts=1777226681976 status=NO_FACE_DETECTED
2026-05-17 17:30:55,540 [INFO] ANALYZED exam=tQoHDQTrz1iAzcfYrbTF email=ljuros@student.unipu.hr ts=1777226687595 status=NO_FACE_DETECTED
2026-05-17 17:30:56,652 [INFO] ANALYZED exam=tQoHDQTrz1iAzcfYrbTF email=ljuros@student.unipu.hr ts=1777226694256 status=NO_FACE_DETECTED
2026-05-17 17:30:57,769 [INFO] ANALYZED exam=tQoHDQTrz1iAzcfYrbTF email=ljuros@student.unipu.hr ts=1777226702009 status=NO_FACE_DETECTED
2026-05-17 17:30:58,884 [INFO] ANALYZED exam=tQoHDQTrz1iAzcfYrbTF email=ljuros@student.unipu.hr ts=1777226705753 status=NO_FACE_DETECTED
2026-05-17 17:30:59,995 [INFO] ANALYZED exam=tQoHDQTrz1iAzcfYrbTF email=ljuros@student.unipu.hr ts=1777226712364 status=NO_FACE_DETECTED
2026-05-17 17:31:01,109 [INFO] ANALYZED exam=tQoHDQTrz1iAzcfYrbTF email=ljuros@student.unipu.hr ts=1777226714118 status=NO_FACE_DETECTED
2026-05-17 17:31:02,221 [INFO] ANALYZED exam=tQoHDQTrz1iAzcfYrbTF email=ljuros@student.unipu.hr ts=1777226722736 status=NO_FACE_DETECTED
2026-05-17 17:31:03,335 [INFO] ANALYZED exam=tQoHDQTrz1iAzcfYrbTF email=ljuros@student.unipu.hr ts=1777226733478 status=NO_FACE_DETECTED
2026-05-17 17:31:04,455 [INFO] ANALYZED exam=tQoHDQTrz1iAzcfYrbTF email=ljuros@student.unipu.hr ts=1777226741260 status=NO_FACE_DETECTED
2026-05-17 17:31:05,570 [INFO] ANALYZED exam=tQoHDQTrz1iAzcfYrbTF email=ljuros@student.unipu.hr ts=1777226749013 status=NO_FACE_DETECTED
2026-05-17 17:31:06,688 [INFO] ANALYZED exam=tQoHDQTrz1iAzcfYrbTF email=ljuros@student.unipu.hr ts=1777226753755 status=NO_FACE_DETECTED
2026-05-17 17:31:07,804 [INFO] ANALYZED exam=tQoHDQTrz1iAzcfYrbTF email=ljuros@student.unipu.hr ts=1777226762381 status=NO_FACE_DETECTED
2026-05-17 17:31:08,917 [INFO] ANALYZED exam=tQoHDQTrz1iAzcfYrbTF email=ljuros@student.unipu.hr ts=1777226765134 status=NO_FACE_DETECTED
2026-05-17 17:31:10,031 [INFO] ANALYZED exam=tQoHDQTrz1iAzcfYrbTF email=ljuros@student.unipu.hr ts=1777226769913 status=NO_FACE_DETECTED
2026-05-17 17:31:11,150 [INFO] ANALYZED exam=tQoHDQTrz1iAzcfYrbTF email=ljuros@student.unipu.hr ts=1777226771521 status=NO_FACE_DETECTED
2026-05-17 17:31:12,266 [INFO] ANALYZED exam=tQoHDQTrz1iAzcfYrbTF email=ljuros@student.unipu.hr ts=1777226780142 status=NO_FACE_DETECTED
2026-05-17 17:31:13,375 [INFO] ANALYZED exam=tQoHDQTrz1iAzcfYrbTF email=ljuros@student.unipu.hr ts=1777226790913 status=NO_FACE_DETECTED
2026-05-17 17:31:14,488 [INFO] ANALYZED exam=tQoHDQTrz1iAzcfYrbTF email=ljuros@student.unipu.hr ts=1777226795637 status=NO_FACE_DETECTED
2026-05-17 17:31:15,600 [INFO] ANALYZED exam=tQoHDQTrz1iAzcfYrbTF email=ljuros@student.unipu.hr ts=1777226804240 status=NO_FACE_DETECTED
2026-05-17 17:31:16,710 [INFO] ANALYZED exam=tQoHDQTrz1iAzcfYrbTF email=ljuros@student.unipu.hr ts=1777226807985 status=NO_FACE_DETECTED
2026-05-17 17:31:17,825 [INFO] ANALYZED exam=tQoHDQTrz1iAzcfYrbTF email=ljuros@student.unipu.hr ts=1777226813592 status=NO_FACE_DETECTED
2026-05-17 17:31:18,937 [INFO] ANALYZED exam=tQoHDQTrz1iAzcfYrbTF email=ljuros@student.unipu.hr ts=1777226817232 status=NO_FACE_DETECTED
2026-05-17 17:31:20,050 [INFO] ANALYZED exam=tQoHDQTrz1iAzcfYrbTF email=ljuros@student.unipu.hr ts=1777226823837 status=NO_FACE_DETECTED
2026-05-17 17:31:21,162 [INFO] ANALYZED exam=tQoHDQTrz1iAzcfYrbTF email=ljuros@student.unipu.hr ts=1777226829582 status=NO_FACE_DETECTED
2026-05-17 17:31:22,277 [INFO] ANALYZED exam=tQoHDQTrz1iAzcfYrbTF email=ljuros@student.unipu.hr ts=1777226835209 status=NO_FACE_DETECTED
2026-05-17 17:31:23,390 [INFO] ANALYZED exam=tQoHDQTrz1iAzcfYrbTF email=ljuros@student.unipu.hr ts=1777226843873 status=NO_FACE_DETECTED
2026-05-17 17:31:24,504 [INFO] ANALYZED exam=tQoHDQTrz1iAzcfYrbTF email=ljuros@student.unipu.hr ts=1777226845596 status=NO_FACE_DETECTED
2026-05-17 17:31:25,619 [INFO] ANALYZED exam=tQoHDQTrz1iAzcfYrbTF email=ljuros@student.unipu.hr ts=1777226849245 status=NO_FACE_DETECTED
2026-05-17 17:31:26,736 [INFO] ANALYZED exam=tQoHDQTrz1iAzcfYrbTF email=ljuros@student.unipu.hr ts=1777226855918 status=NO_FACE_DETECTED
2026-05-17 17:31:27,847 [INFO] ANALYZED exam=tQoHDQTrz1iAzcfYrbTF email=ljuros@student.unipu.hr ts=1777226857676 status=NO_FACE_DETECTED
2026-05-17 17:31:28,956 [INFO] ANALYZED exam=tQoHDQTrz1iAzcfYrbTF email=ljuros@student.unipu.hr ts=1777226865273 status=NO_FACE_DETECTED
2026-05-17 17:31:30,084 [INFO] ANALYZED exam=tQoHDQTrz1iAzcfYrbTF email=lpavlicic@student.unipu.hr ts=1777809086451 status=NO_FACE_DETECTED
2026-05-17 17:31:31,208 [INFO] ANALYZED exam=tQoHDQTrz1iAzcfYrbTF email=lpavlicic@student.unipu.hr ts=1777809091367 status=NO_FACE_DETECTED
2026-05-17 17:31:32,355 [INFO] ANALYZED exam=tQoHDQTrz1iAzcfYrbTF email=lpavlicic@student.unipu.hr ts=1777809098969 status=NO_FACE_DETECTED
2026-05-17 17:31:33,494 [INFO] ANALYZED exam=tQoHDQTrz1iAzcfYrbTF email=lpavlicic@student.unipu.hr ts=1777809106754 status=NO_FACE_DETECTED
2026-05-17 17:31:34,630 [INFO] ANALYZED exam=tQoHDQTrz1iAzcfYrbTF email=lpavlicic@student.unipu.hr ts=1777809110541 status=NO_FACE_DETECTED
2026-05-17 17:31:35,749 [INFO] ANALYZED exam=tQoHDQTrz1iAzcfYrbTF email=lpavlicic@student.unipu.hr ts=1777809118201 status=NO_FACE_DETECTED
2026-05-17 17:31:36,914 [INFO] ANALYZED exam=tQoHDQTrz1iAzcfYrbTF email=lpavlicic@student.unipu.hr ts=1777809127290 status=NO_FACE_DETECTED
2026-05-17 17:31:38,052 [INFO] ANALYZED exam=tQoHDQTrz1iAzcfYrbTF email=lpavlicic@student.unipu.hr ts=1777809131141 status=NO_FACE_DETECTED
2026-05-17 17:31:39,176 [INFO] ANALYZED exam=tQoHDQTrz1iAzcfYrbTF email=lpavlicic@student.unipu.hr ts=1777809133746 status=NO_FACE_DETECTED
2026-05-17 17:31:40,298 [INFO] ANALYZED exam=tQoHDQTrz1iAzcfYrbTF email=lpavlicic@student.unipu.hr ts=1777809136350 status=NO_FACE_DETECTED
2026-05-17 17:31:41,419 [INFO] ANALYZED exam=tQoHDQTrz1iAzcfYrbTF email=lpavlicic@student.unipu.hr ts=1777809144970 status=NO_FACE_DETECTED
2026-05-17 17:31:42,573 [INFO] ANALYZED exam=tQoHDQTrz1iAzcfYrbTF email=lpavlicic@student.unipu.hr ts=1777809146710 status=NO_FACE_DETECTED
2026-05-17 17:31:43,699 [INFO] ANALYZED exam=tQoHDQTrz1iAzcfYrbTF email=lpavlicic@student.unipu.hr ts=1777809157367 status=NO_FACE_DETECTED
2026-05-17 17:31:44,829 [INFO] ANALYZED exam=tQoHDQTrz1iAzcfYrbTF email=lpavlicic@student.unipu.hr ts=1777809160166 status=FACE_DETECTED
2026-05-17 17:31:45,967 [INFO] ANALYZED exam=tQoHDQTrz1iAzcfYrbTF email=lpavlicic@student.unipu.hr ts=1777809167883 status=FACE_DETECTED
2026-05-17 17:31:47,115 [INFO] ANALYZED exam=tQoHDQTrz1iAzcfYrbTF email=lpavlicic@student.unipu.hr ts=1777809172723 status=FACE_DETECTED
2026-05-17 17:31:48,237 [INFO] ANALYZED exam=tQoHDQTrz1iAzcfYrbTF email=lpavlicic@student.unipu.hr ts=1777809182410 status=FACE_DETECTED
2026-05-17 17:31:49,363 [INFO] ANALYZED exam=tQoHDQTrz1iAzcfYrbTF email=lpavlicic@student.unipu.hr ts=1777809187239 status=FACE_DETECTED
2026-05-17 17:31:50,489 [INFO] ANALYZED exam=tQoHDQTrz1iAzcfYrbTF email=lpavlicic@student.unipu.hr ts=1777809195039 status=FACE_DETECTED
2026-05-17 17:31:51,632 [INFO] ANALYZED exam=tQoHDQTrz1iAzcfYrbTF email=lpavlicic@student.unipu.hr ts=1777809201908 status=FACE_DETECTED
2026-05-17 17:31:52,771 [INFO] ANALYZED exam=tQoHDQTrz1iAzcfYrbTF email=lpavlicic@student.unipu.hr ts=1777809212675 status=FACE_DETECTED
2026-05-17 17:31:53,947 [INFO] ANALYZED exam=tQoHDQTrz1iAzcfYrbTF email=lpavlicic@student.unipu.hr ts=1777809223463 status=FACE_DETECTED
2026-05-17 17:31:55,080 [INFO] ANALYZED exam=tQoHDQTrz1iAzcfYrbTF email=lpavlicic@student.unipu.hr ts=1777809226251 status=FACE_DETECTED
2026-05-17 17:31:56,211 [INFO] ANALYZED exam=tQoHDQTrz1iAzcfYrbTF email=lpavlicic@student.unipu.hr ts=1777809237123 status=FACE_DETECTED
2026-05-17 17:31:57,342 [INFO] ANALYZED exam=tQoHDQTrz1iAzcfYrbTF email=lpavlicic@student.unipu.hr ts=1777809241065 status=FACE_DETECTED
2026-05-17 17:31:58,465 [INFO] ANALYZED exam=tQoHDQTrz1iAzcfYrbTF email=lpavlicic@student.unipu.hr ts=1777809242761 status=FACE_DETECTED
2026-05-17 17:31:59,603 [INFO] ANALYZED exam=tQoHDQTrz1iAzcfYrbTF email=lpavlicic@student.unipu.hr ts=1777809247473 status=FACE_DETECTED
2026-05-17 17:32:00,769 [INFO] ANALYZED exam=tQoHDQTrz1iAzcfYrbTF email=lpavlicic@student.unipu.hr ts=1777809251145 status=FACE_DETECTED
2026-05-17 17:32:01,899 [INFO] ANALYZED exam=tQoHDQTrz1iAzcfYrbTF email=lpavlicic@student.unipu.hr ts=1777809255821 status=FACE_DETECTED
2026-05-17 17:32:02,901 [INFO] ANALYZE_STOP reason=busy processed=73
2026-05-17 17:32:03,139 [INFO] BATCH_WRITE items=73
2026-05-17 17:32:14,140 [INFO] LOAD cpu=3.7% mem=+0.3% req_rate=0.00/min idle=True
2026-05-17 17:32:14,140 [INFO] ANALYZE_BEGIN n_pending=1639
2026-05-17 17:32:15,445 [INFO] ANALYZED exam=tQoHDQTrz1iAzcfYrbTF email=lpavlicic@student.unipu.hr ts=1777809265521 status=FACE_DETECTED
2026-05-17 17:32:16,605 [INFO] ANALYZED exam=tQoHDQTrz1iAzcfYrbTF email=lpavlicic@student.unipu.hr ts=1777809275274 status=FACE_DETECTED
2026-05-17 17:32:17,730 [INFO] ANALYZED exam=tQoHDQTrz1iAzcfYrbTF email=lpavlicic@student.unipu.hr ts=1777809280104 status=FACE_DETECTED
2026-05-17 17:32:18,866 [INFO] ANALYZED exam=tQoHDQTrz1iAzcfYrbTF email=lpavlicic@student.unipu.hr ts=1777809286787 status=FACE_DETECTED
2026-05-17 17:32:19,867 [INFO] ANALYZE_STOP reason=busy processed=4
2026-05-17 17:32:19,992 [INFO] BATCH_WRITE items=4
2026-05-17 17:32:30,993 [INFO] LOAD cpu=3.8% mem=+0.7% req_rate=0.00/min idle=True
2026-05-17 17:32:30,993 [INFO] ANALYZE_BEGIN n_pending=1635
2026-05-17 17:32:32,245 [INFO] ANALYZED exam=tQoHDQTrz1iAzcfYrbTF email=lpavlicic@student.unipu.hr ts=1777809295851 status=NO_FACE_DETECTED
2026-05-17 17:32:33,373 [INFO] ANALYZED exam=tQoHDQTrz1iAzcfYrbTF email=lpavlicic@student.unipu.hr ts=1777809304609 status=FACE_DETECTED
2026-05-17 17:32:34,374 [INFO] ANALYZE_STOP reason=busy processed=2
2026-05-17 17:32:34,515 [INFO] BATCH_WRITE items=2
2026-05-17 17:32:45,516 [INFO] LOAD cpu=8.7% mem=+2.8% req_rate=0.00/min idle=True
2026-05-17 17:32:45,517 [INFO] ANALYZE_BEGIN n_pending=1633
2026-05-17 17:32:46,807 [INFO] ANALYZED exam=tQoHDQTrz1iAzcfYrbTF email=lpavlicic@student.unipu.hr ts=1777809309424 status=NO_FACE_DETECTED
2026-05-17 17:32:47,974 [INFO] ANALYZED exam=tQoHDQTrz1iAzcfYrbTF email=lpavlicic@student.unipu.hr ts=1777809320162 status=FACE_DETECTED
2026-05-17 17:32:49,110 [INFO] ANALYZED exam=tQoHDQTrz1iAzcfYrbTF email=lpavlicic@student.unipu.hr ts=1777809329960 status=FACE_DETECTED
2026-05-17 17:32:50,254 [INFO] ANALYZED exam=tQoHDQTrz1iAzcfYrbTF email=lpavlicic@student.unipu.hr ts=1777809335728 status=FACE_DETECTED
2026-05-17 17:32:51,389 [INFO] ANALYZED exam=tQoHDQTrz1iAzcfYrbTF email=lpavlicic@student.unipu.hr ts=1777809337394 status=FACE_DETECTED
2026-05-17 17:32:52,514 [INFO] ANALYZED exam=tQoHDQTrz1iAzcfYrbTF email=lpavlicic@student.unipu.hr ts=1777809345075 status=FACE_DETECTED
2026-05-17 17:32:53,655 [INFO] ANALYZED exam=tQoHDQTrz1iAzcfYrbTF email=lpavlicic@student.unipu.hr ts=1777809352947 status=FACE_DETECTED
2026-05-17 17:32:54,656 [INFO] ANALYZE_STOP reason=busy processed=7
2026-05-17 17:32:54,785 [INFO] BATCH_WRITE items=7
2026-05-17 17:33:09,122 [INFO] LOAD cpu=17.4% mem=+1.5% req_rate=0.00/min idle=False
2026-05-17 17:33:20,123 [INFO] LOAD cpu=2.8% mem=+2.6% req_rate=0.00/min idle=True
2026-05-17 17:33:20,123 [INFO] ANALYZE_BEGIN n_pending=1626
2026-05-17 17:33:21,415 [INFO] ANALYZED exam=tQoHDQTrz1iAzcfYrbTF email=lpavlicic@student.unipu.hr ts=1777809357761 status=FACE_DETECTED
2026-05-17 17:33:22,548 [INFO] ANALYZED exam=tQoHDQTrz1iAzcfYrbTF email=lpavlicic@student.unipu.hr ts=1777809368409 status=FACE_DETECTED
2026-05-17 17:33:23,670 [INFO] ANALYZED exam=tQoHDQTrz1iAzcfYrbTF email=lpavlicic@student.unipu.hr ts=1777809371143 status=FACE_DETECTED
2026-05-17 17:33:24,811 [INFO] ANALYZED exam=tQoHDQTrz1iAzcfYrbTF email=lpavlicic@student.unipu.hr ts=1777809373832 status=FACE_DETECTED
2026-05-17 17:33:25,955 [INFO] ANALYZED exam=tQoHDQTrz1iAzcfYrbTF email=lpavlicic@student.unipu.hr ts=1777809379573 status=FACE_DETECTED
2026-05-17 17:33:27,083 [INFO] ANALYZED exam=tQoHDQTrz1iAzcfYrbTF email=lpavlicic@student.unipu.hr ts=1777809390239 status=FACE_DETECTED
2026-05-17 17:33:28,212 [INFO] ANALYZED exam=tQoHDQTrz1iAzcfYrbTF email=lpavlicic@student.unipu.hr ts=1777809398023 status=FACE_DETECTED
2026-05-17 17:33:29,336 [INFO] ANALYZED exam=tQoHDQTrz1iAzcfYrbTF email=lpavlicic@student.unipu.hr ts=1777809405874 status=FACE_DETECTED
2026-05-17 17:33:30,456 [INFO] ANALYZED exam=tQoHDQTrz1iAzcfYrbTF email=lpavlicic@student.unipu.hr ts=1777809408663 status=FACE_DETECTED
2026-05-17 17:33:31,599 [INFO] ANALYZED exam=tQoHDQTrz1iAzcfYrbTF email=lpavlicic@student.unipu.hr ts=1777809414361 status=FACE_DETECTED
2026-05-17 17:33:32,737 [INFO] ANALYZED exam=tQoHDQTrz1iAzcfYrbTF email=lpavlicic@student.unipu.hr ts=1777809425007 status=FACE_DETECTED
2026-05-17 17:33:33,859 [INFO] ANALYZED exam=tQoHDQTrz1iAzcfYrbTF email=lpavlicic@student.unipu.hr ts=1777809428869 status=FACE_DETECTED
2026-05-17 17:33:34,985 [INFO] ANALYZED exam=tQoHDQTrz1iAzcfYrbTF email=lpavlicic@student.unipu.hr ts=1777809439593 status=FACE_DETECTED
2026-05-17 17:33:36,136 [INFO] ANALYZED exam=tQoHDQTrz1iAzcfYrbTF email=lpavlicic@student.unipu.hr ts=1777809444436 status=NO_FACE_DETECTED
2026-05-17 17:33:37,290 [INFO] ANALYZED exam=tQoHDQTrz1iAzcfYrbTF email=lpavlicic@student.unipu.hr ts=1777809450103 status=FACE_DETECTED
2026-05-17 17:33:38,461 [INFO] ANALYZED exam=tQoHDQTrz1iAzcfYrbTF email=lpavlicic@student.unipu.hr ts=1777809453758 status=FACE_DETECTED
2026-05-17 17:33:39,600 [INFO] ANALYZED exam=tQoHDQTrz1iAzcfYrbTF email=lpavlicic@student.unipu.hr ts=1777809456468 status=FACE_DETECTED
2026-05-17 17:33:40,736 [INFO] ANALYZED exam=tQoHDQTrz1iAzcfYrbTF email=lpavlicic@student.unipu.hr ts=1777809465118 status=FACE_DETECTED
2026-05-17 17:33:41,869 [INFO] ANALYZED exam=tQoHDQTrz1iAzcfYrbTF email=lpavlicic@student.unipu.hr ts=1777809471838 status=FACE_DETECTED
2026-05-17 17:33:43,019 [INFO] ANALYZED exam=tQoHDQTrz1iAzcfYrbTF email=lpavlicic@student.unipu.hr ts=1777809477599 status=FACE_DETECTED
2026-05-17 17:33:44,176 [INFO] ANALYZED exam=tQoHDQTrz1iAzcfYrbTF email=lpavlicic@student.unipu.hr ts=1777809488287 status=FACE_DETECTED
2026-05-17 17:33:45,352 [INFO] ANALYZED exam=tQoHDQTrz1iAzcfYrbTF email=lpavlicic@student.unipu.hr ts=1777809499054 status=FACE_DETECTED
2026-05-17 17:33:46,486 [INFO] ANALYZED exam=tQoHDQTrz1iAzcfYrbTF email=lpavlicic@student.unipu.hr ts=1777809503830 status=FACE_DETECTED
2026-05-17 17:33:47,630 [INFO] ANALYZED exam=tQoHDQTrz1iAzcfYrbTF email=lpavlicic@student.unipu.hr ts=1777809508448 status=FACE_DETECTED
2026-05-17 17:33:48,755 [INFO] ANALYZED exam=tQoHDQTrz1iAzcfYrbTF email=lpavlicic@student.unipu.hr ts=1777809516055 status=FACE_DETECTED
2026-05-17 17:33:49,892 [INFO] ANALYZED exam=tQoHDQTrz1iAzcfYrbTF email=lpavlicic@student.unipu.hr ts=1777809526888 status=FACE_DETECTED
2026-05-17 17:33:51,022 [INFO] ANALYZED exam=tQoHDQTrz1iAzcfYrbTF email=lpavlicic@student.unipu.hr ts=1777809537677 status=FACE_DETECTED
2026-05-17 17:33:52,154 [INFO] ANALYZED exam=tQoHDQTrz1iAzcfYrbTF email=lpavlicic@student.unipu.hr ts=1777809541466 status=FACE_DETECTED
2026-05-17 17:33:53,283 [INFO] ANALYZED exam=tQoHDQTrz1iAzcfYrbTF email=lpavlicic@student.unipu.hr ts=1777809551064 status=FACE_DETECTED
2026-05-17 17:33:54,415 [INFO] ANALYZED exam=tQoHDQTrz1iAzcfYrbTF email=lpavlicic@student.unipu.hr ts=1777809561860 status=FACE_DETECTED
2026-05-17 17:33:55,559 [INFO] ANALYZED exam=tQoHDQTrz1iAzcfYrbTF email=lpavlicic@student.unipu.hr ts=1777809567631 status=FACE_DETECTED
2026-05-17 17:33:56,687 [INFO] ANALYZED exam=tQoHDQTrz1iAzcfYrbTF email=lpavlicic@student.unipu.hr ts=1777809574275 status=FACE_DETECTED
2026-05-17 17:33:57,840 [INFO] ANALYZED exam=tQoHDQTrz1iAzcfYrbTF email=lpavlicic@student.unipu.hr ts=1777809580015 status=FACE_DETECTED
2026-05-17 17:33:58,969 [INFO] ANALYZED exam=tQoHDQTrz1iAzcfYrbTF email=lpavlicic@student.unipu.hr ts=1777809586598 status=FACE_DETECTED
2026-05-17 17:34:00,110 [INFO] ANALYZED exam=tQoHDQTrz1iAzcfYrbTF email=lpavlicic@student.unipu.hr ts=1777809594356 status=FACE_DETECTED
2026-05-17 17:34:01,254 [INFO] ANALYZED exam=tQoHDQTrz1iAzcfYrbTF email=lpavlicic@student.unipu.hr ts=1777809596163 status=FACE_DETECTED
2026-05-17 17:34:02,385 [INFO] ANALYZED exam=tQoHDQTrz1iAzcfYrbTF email=lpavlicic@student.unipu.hr ts=1777809597827 status=FACE_DETECTED
2026-05-17 17:34:03,510 [INFO] ANALYZED exam=tQoHDQTrz1iAzcfYrbTF email=lpavlicic@student.unipu.hr ts=1777809608505 status=FACE_DETECTED
2026-05-17 17:34:04,633 [INFO] ANALYZED exam=tQoHDQTrz1iAzcfYrbTF email=lpavlicic@student.unipu.hr ts=1777809613291 status=FACE_DETECTED
2026-05-17 17:34:05,757 [INFO] ANALYZED exam=tQoHDQTrz1iAzcfYrbTF email=lpavlicic@student.unipu.hr ts=1777809617888 status=FACE_DETECTED
2026-05-17 17:34:06,890 [INFO] ANALYZED exam=tQoHDQTrz1iAzcfYrbTF email=lpavlicic@student.unipu.hr ts=1777809620486 status=FACE_DETECTED
2026-05-17 17:34:08,023 [INFO] ANALYZED exam=tQoHDQTrz1iAzcfYrbTF email=lpavlicic@student.unipu.hr ts=1777809623110 status=FACE_DETECTED
2026-05-17 17:34:09,149 [INFO] ANALYZED exam=tQoHDQTrz1iAzcfYrbTF email=lpavlicic@student.unipu.hr ts=1777809630749 status=FACE_DETECTED
2026-05-17 17:34:10,277 [INFO] ANALYZED exam=tQoHDQTrz1iAzcfYrbTF email=lpavlicic@student.unipu.hr ts=1777809637551 status=FACE_DETECTED
2026-05-17 17:34:11,432 [INFO] ANALYZED exam=tQoHDQTrz1iAzcfYrbTF email=lpavlicic@student.unipu.hr ts=1777809644291 status=FACE_DETECTED
2026-05-17 17:34:12,563 [INFO] ANALYZED exam=tQoHDQTrz1iAzcfYrbTF email=lpavlicic@student.unipu.hr ts=1777809650051 status=FACE_DETECTED
2026-05-17 17:34:13,693 [INFO] ANALYZED exam=tQoHDQTrz1iAzcfYrbTF email=lpavlicic@student.unipu.hr ts=1777809653678 status=FACE_DETECTED
2026-05-17 17:34:14,837 [INFO] ANALYZED exam=tQoHDQTrz1iAzcfYrbTF email=lpavlicic@student.unipu.hr ts=1777809660334 status=FACE_DETECTED
2026-05-17 17:34:15,967 [INFO] ANALYZED exam=tQoHDQTrz1iAzcfYrbTF email=lpavlicic@student.unipu.hr ts=1777809662110 status=FACE_DETECTED
2026-05-17 17:34:17,143 [INFO] ANALYZED exam=tQoHDQTrz1iAzcfYrbTF email=lpavlicic@student.unipu.hr ts=1777809666793 status=FACE_DETECTED
2026-05-17 17:34:18,288 [INFO] ANALYZED exam=tQoHDQTrz1iAzcfYrbTF email=lpavlicic@student.unipu.hr ts=1777809674466 status=FACE_DETECTED
2026-05-17 17:34:19,431 [INFO] ANALYZED exam=tQoHDQTrz1iAzcfYrbTF email=lpavlicic@student.unipu.hr ts=1777809678233 status=FACE_DETECTED
2026-05-17 17:34:20,558 [INFO] ANALYZED exam=tQoHDQTrz1iAzcfYrbTF email=lpavlicic@student.unipu.hr ts=1777809683973 status=FACE_DETECTED
2026-05-17 17:34:21,696 [INFO] ANALYZED exam=tQoHDQTrz1iAzcfYrbTF email=lpavlicic@student.unipu.hr ts=1777809689603 status=FACE_DETECTED
2026-05-17 17:34:22,819 [INFO] ANALYZED exam=tQoHDQTrz1iAzcfYrbTF email=lpavlicic@student.unipu.hr ts=1777809693333 status=FACE_DETECTED
2026-05-17 17:34:23,950 [INFO] ANALYZED exam=tQoHDQTrz1iAzcfYrbTF email=lpavlicic@student.unipu.hr ts=1777809695931 status=FACE_DETECTED
2026-05-17 17:34:25,118 [INFO] ANALYZED exam=tQoHDQTrz1iAzcfYrbTF email=lpavlicic@student.unipu.hr ts=1777809704550 status=FACE_DETECTED
2026-05-17 17:34:26,270 [INFO] ANALYZED exam=tQoHDQTrz1iAzcfYrbTF email=lpavlicic@student.unipu.hr ts=1777809714303 status=FACE_DETECTED
2026-05-17 17:34:27,398 [INFO] ANALYZED exam=tQoHDQTrz1iAzcfYrbTF email=lpavlicic@student.unipu.hr ts=1777809718126 status=FACE_DETECTED
2026-05-17 17:34:28,549 [INFO] ANALYZED exam=tQoHDQTrz1iAzcfYrbTF email=lpavlicic@student.unipu.hr ts=1777809727785 status=FACE_DETECTED
2026-05-17 17:34:29,682 [INFO] ANALYZED exam=tQoHDQTrz1iAzcfYrbTF email=lpavlicic@student.unipu.hr ts=1777809735580 status=FACE_DETECTED
2026-05-17 17:34:30,834 [INFO] ANALYZED exam=tQoHDQTrz1iAzcfYrbTF email=lpavlicic@student.unipu.hr ts=1777809738406 status=FACE_DETECTED
2026-05-17 17:34:31,962 [INFO] ANALYZED exam=tQoHDQTrz1iAzcfYrbTF email=lpavlicic@student.unipu.hr ts=1777809746079 status=FACE_DETECTED
2026-05-17 17:34:33,104 [INFO] ANALYZED exam=tQoHDQTrz1iAzcfYrbTF email=lpavlicic@student.unipu.hr ts=1777809751879 status=FACE_DETECTED
2026-05-17 17:34:34,251 [INFO] ANALYZED exam=tQoHDQTrz1iAzcfYrbTF email=lpavlicic@student.unipu.hr ts=1777809753561 status=FACE_DETECTED
2026-05-17 17:34:35,393 [INFO] ANALYZED exam=tQoHDQTrz1iAzcfYrbTF email=lpavlicic@student.unipu.hr ts=1777809756197 status=FACE_DETECTED
2026-05-17 17:34:36,505 [INFO] ANALYZED exam=tQoHDQTrz1iAzcfYrbTF email=lpavlicic@student.unipu.hr ts=1777809764859 status=NO_FACE_DETECTED
2026-05-17 17:34:37,662 [INFO] ANALYZED exam=tQoHDQTrz1iAzcfYrbTF email=lpavlicic@student.unipu.hr ts=1777809772623 status=FACE_DETECTED
2026-05-17 17:34:38,807 [INFO] ANALYZED exam=tQoHDQTrz1iAzcfYrbTF email=lpavlicic@student.unipu.hr ts=1777809777446 status=FACE_DETECTED
2026-05-17 17:34:39,944 [INFO] ANALYZED exam=tQoHDQTrz1iAzcfYrbTF email=lpavlicic@student.unipu.hr ts=1777809779119 status=FACE_DETECTED
2026-05-17 17:34:41,098 [INFO] ANALYZED exam=tQoHDQTrz1iAzcfYrbTF email=lpavlicic@student.unipu.hr ts=1777809789794 status=FACE_DETECTED
2026-05-17 17:34:42,252 [INFO] ANALYZED exam=tQoHDQTrz1iAzcfYrbTF email=lpavlicic@student.unipu.hr ts=1777809800584 status=NO_FACE_DETECTED
2026-05-17 17:34:43,387 [INFO] ANALYZED exam=tQoHDQTrz1iAzcfYrbTF email=lpavlicic@student.unipu.hr ts=1777809808385 status=NO_FACE_DETECTED
2026-05-17 17:34:44,514 [INFO] ANALYZED exam=tQoHDQTrz1iAzcfYrbTF email=lpavlicic@student.unipu.hr ts=1777809812165 status=NO_FACE_DETECTED
2026-05-17 17:34:45,640 [INFO] ANALYZED exam=tQoHDQTrz1iAzcfYrbTF email=lpavlicic@student.unipu.hr ts=1777809814791 status=NO_FACE_DETECTED
2026-05-17 17:34:46,763 [INFO] ANALYZED exam=tQoHDQTrz1iAzcfYrbTF email=lpavlicic@student.unipu.hr ts=1777809824454 status=FACE_DETECTED
2026-05-17 17:34:47,887 [INFO] ANALYZED exam=tQoHDQTrz1iAzcfYrbTF email=lpavlicic@student.unipu.hr ts=1777809833253 status=FACE_DETECTED
2026-05-17 17:34:49,066 [INFO] ANALYZED exam=tQoHDQTrz1iAzcfYrbTF email=lpavlicic@student.unipu.hr ts=1777809839021 status=FACE_DETECTED
2026-05-17 17:34:50,208 [INFO] ANALYZED exam=tQoHDQTrz1iAzcfYrbTF email=lpavlicic@student.unipu.hr ts=1777809845713 status=FACE_DETECTED
2026-05-17 17:34:51,328 [INFO] ANALYZED exam=tQoHDQTrz1iAzcfYrbTF email=lpavlicic@student.unipu.hr ts=1777809849534 status=FACE_DETECTED
2026-05-17 17:34:52,461 [INFO] ANALYZED exam=tQoHDQTrz1iAzcfYrbTF email=lpavlicic@student.unipu.hr ts=1777809859399 status=FACE_DETECTED
2026-05-17 17:34:53,623 [INFO] ANALYZED exam=tQoHDQTrz1iAzcfYrbTF email=lpavlicic@student.unipu.hr ts=1777809866121 status=FACE_DETECTED
2026-05-17 17:34:54,745 [INFO] ANALYZED exam=tQoHDQTrz1iAzcfYrbTF email=lpavlicic@student.unipu.hr ts=1777809876923 status=FACE_DETECTED
2026-05-17 17:34:55,901 [INFO] ANALYZED exam=tQoHDQTrz1iAzcfYrbTF email=lpavlicic@student.unipu.hr ts=1777809879732 status=FACE_DETECTED
2026-05-17 17:34:57,036 [INFO] ANALYZED exam=tQoHDQTrz1iAzcfYrbTF email=lpavlicic@student.unipu.hr ts=1777809888365 status=FACE_DETECTED
2026-05-17 17:34:58,170 [INFO] ANALYZED exam=tQoHDQTrz1iAzcfYrbTF email=lpavlicic@student.unipu.hr ts=1777809892121 status=FACE_DETECTED
2026-05-17 17:34:59,297 [INFO] ANALYZED exam=tQoHDQTrz1iAzcfYrbTF email=lpavlicic@student.unipu.hr ts=1777809893784 status=FACE_DETECTED
2026-05-17 17:35:00,420 [INFO] ANALYZED exam=tQoHDQTrz1iAzcfYrbTF email=lpavlicic@student.unipu.hr ts=1777809901431 status=FACE_DETECTED
2026-05-17 17:35:01,566 [INFO] ANALYZED exam=tQoHDQTrz1iAzcfYrbTF email=lpavlicic@student.unipu.hr ts=1777809911219 status=FACE_DETECTED
2026-05-17 17:35:02,684 [INFO] ANALYZED exam=tQoHDQTrz1iAzcfYrbTF email=lpavlicic@student.unipu.hr ts=1777809914974 status=FACE_DETECTED
2026-05-17 17:35:03,811 [INFO] ANALYZED exam=tQoHDQTrz1iAzcfYrbTF email=lpavlicic@student.unipu.hr ts=1777809925617 status=FACE_DETECTED
2026-05-17 17:35:04,942 [INFO] ANALYZED exam=tQoHDQTrz1iAzcfYrbTF email=lpavlicic@student.unipu.hr ts=1777809933497 status=FACE_DETECTED
2026-05-17 17:35:06,077 [INFO] ANALYZED exam=tQoHDQTrz1iAzcfYrbTF email=lpavlicic@student.unipu.hr ts=1777809935300 status=FACE_DETECTED
2026-05-17 17:35:07,208 [INFO] ANALYZED exam=tQoHDQTrz1iAzcfYrbTF email=lpavlicic@student.unipu.hr ts=1777809936981 status=FACE_DETECTED
2026-05-17 17:35:08,334 [INFO] ANALYZED exam=tQoHDQTrz1iAzcfYrbTF email=lpavlicic@student.unipu.hr ts=1777809944689 status=FACE_DETECTED
2026-05-17 17:35:09,460 [INFO] ANALYZED exam=tQoHDQTrz1iAzcfYrbTF email=lpavlicic@student.unipu.hr ts=1777809951489 status=FACE_DETECTED
2026-05-17 17:35:10,590 [INFO] ANALYZED exam=tQoHDQTrz1iAzcfYrbTF email=lpavlicic@student.unipu.hr ts=1777809956284 status=FACE_DETECTED
2026-05-17 17:35:11,717 [INFO] ANALYZED exam=tQoHDQTrz1iAzcfYrbTF email=lpavlicic@student.unipu.hr ts=1777809962963 status=FACE_DETECTED
2026-05-17 17:35:12,852 [INFO] ANALYZED exam=tQoHDQTrz1iAzcfYrbTF email=lpavlicic@student.unipu.hr ts=1777809965698 status=FACE_DETECTED
2026-05-17 17:35:13,990 [INFO] ANALYZED exam=tQoHDQTrz1iAzcfYrbTF email=lpavlicic@student.unipu.hr ts=1777809970371 status=FACE_DETECTED
2026-05-17 17:35:15,284 [INFO] ANALYZED exam=tQoHDQTrz1iAzcfYrbTF email=lpavlicic@student.unipu.hr ts=1777809978047 status=FACE_DETECTED
2026-05-17 17:35:16,430 [INFO] ANALYZED exam=tQoHDQTrz1iAzcfYrbTF email=lpavlicic@student.unipu.hr ts=1777809980848 status=FACE_DETECTED
2026-05-17 17:35:17,577 [INFO] ANALYZED exam=tQoHDQTrz1iAzcfYrbTF email=lpavlicic@student.unipu.hr ts=1777809986469 status=FACE_DETECTED
2026-05-17 17:35:18,707 [INFO] ANALYZED exam=tQoHDQTrz1iAzcfYrbTF email=lpavlicic@student.unipu.hr ts=1777809997072 status=FACE_DETECTED
2026-05-17 17:35:19,829 [INFO] ANALYZED exam=tQoHDQTrz1iAzcfYrbTF email=lpavlicic@student.unipu.hr ts=1777810003849 status=FACE_DETECTED
2026-05-17 17:35:20,993 [INFO] ANALYZED exam=tQoHDQTrz1iAzcfYrbTF email=lpavlicic@student.unipu.hr ts=1777810009623 status=FACE_DETECTED
2026-05-17 17:35:22,125 [INFO] ANALYZED exam=tQoHDQTrz1iAzcfYrbTF email=lpavlicic@student.unipu.hr ts=1777810014296 status=FACE_DETECTED
2026-05-17 17:35:23,259 [INFO] ANALYZED exam=tQoHDQTrz1iAzcfYrbTF email=lpavlicic@student.unipu.hr ts=1777810021939 status=FACE_DETECTED
2026-05-17 17:35:24,396 [INFO] ANALYZED exam=tQoHDQTrz1iAzcfYrbTF email=lwrana@student.unipu.hr ts=1777736146406 status=NO_FACE_DETECTED
2026-05-17 17:35:25,397 [INFO] ANALYZE_STOP reason=busy processed=109
2026-05-17 17:35:25,824 [INFO] BATCH_WRITE items=109
2026-05-17 17:35:36,825 [INFO] LOAD cpu=1.9% mem=+-1.0% req_rate=0.00/min idle=True
2026-05-17 17:35:36,826 [INFO] ANALYZE_BEGIN n_pending=1517
2026-05-17 17:35:38,119 [INFO] ANALYZED exam=tQoHDQTrz1iAzcfYrbTF email=lwrana@student.unipu.hr ts=1777736147706 status=FACE_DETECTED
2026-05-17 17:35:39,257 [INFO] ANALYZED exam=tQoHDQTrz1iAzcfYrbTF email=lwrana@student.unipu.hr ts=1777736150981 status=FACE_DETECTED
2026-05-17 17:35:40,393 [INFO] ANALYZED exam=tQoHDQTrz1iAzcfYrbTF email=lwrana@student.unipu.hr ts=1777736158762 status=FACE_DETECTED
2026-05-17 17:35:41,526 [INFO] ANALYZED exam=tQoHDQTrz1iAzcfYrbTF email=lwrana@student.unipu.hr ts=1777736168653 status=NO_FACE_DETECTED
2026-05-17 17:35:42,652 [INFO] ANALYZED exam=tQoHDQTrz1iAzcfYrbTF email=lwrana@student.unipu.hr ts=1777736179561 status=NO_FACE_DETECTED
2026-05-17 17:35:43,779 [INFO] ANALYZED exam=tQoHDQTrz1iAzcfYrbTF email=lwrana@student.unipu.hr ts=1777736189403 status=NO_FACE_DETECTED
2026-05-17 17:35:44,916 [INFO] ANALYZED exam=tQoHDQTrz1iAzcfYrbTF email=lwrana@student.unipu.hr ts=1777736194344 status=NO_FACE_DETECTED
2026-05-17 17:35:46,106 [INFO] ANALYZED exam=tQoHDQTrz1iAzcfYrbTF email=lwrana@student.unipu.hr ts=1777736205058 status=NO_FACE_DETECTED
2026-05-17 17:35:47,247 [INFO] ANALYZED exam=tQoHDQTrz1iAzcfYrbTF email=lwrana@student.unipu.hr ts=1777736212960 status=NO_FACE_DETECTED
2026-05-17 17:35:48,383 [INFO] ANALYZED exam=tQoHDQTrz1iAzcfYrbTF email=lwrana@student.unipu.hr ts=1777736219781 status=NO_FACE_DETECTED
2026-05-17 17:35:49,518 [INFO] ANALYZED exam=tQoHDQTrz1iAzcfYrbTF email=lwrana@student.unipu.hr ts=1777736230659 status=NO_FACE_DETECTED
2026-05-17 17:35:50,647 [INFO] ANALYZED exam=tQoHDQTrz1iAzcfYrbTF email=lwrana@student.unipu.hr ts=1777736239461 status=NO_FACE_DETECTED
2026-05-17 17:35:51,764 [INFO] ANALYZED exam=tQoHDQTrz1iAzcfYrbTF email=lwrana@student.unipu.hr ts=1777736244244 status=NO_FACE_DETECTED
2026-05-17 17:35:52,884 [INFO] ANALYZED exam=tQoHDQTrz1iAzcfYrbTF email=lwrana@student.unipu.hr ts=1777736245880 status=NO_FACE_DETECTED
2026-05-17 17:35:54,020 [INFO] ANALYZED exam=tQoHDQTrz1iAzcfYrbTF email=lwrana@student.unipu.hr ts=1777736252549 status=NO_FACE_DETECTED
2026-05-17 17:35:55,159 [INFO] ANALYZED exam=tQoHDQTrz1iAzcfYrbTF email=lwrana@student.unipu.hr ts=1777736257385 status=NO_FACE_DETECTED
2026-05-17 17:35:56,292 [INFO] ANALYZED exam=tQoHDQTrz1iAzcfYrbTF email=lwrana@student.unipu.hr ts=1777736267077 status=NO_FACE_DETECTED
2026-05-17 17:35:57,442 [INFO] ANALYZED exam=tQoHDQTrz1iAzcfYrbTF email=lwrana@student.unipu.hr ts=1777736270898 status=NO_FACE_DETECTED
2026-05-17 17:35:58,618 [INFO] ANALYZED exam=tQoHDQTrz1iAzcfYrbTF email=lwrana@student.unipu.hr ts=1777736281739 status=NO_FACE_DETECTED
2026-05-17 17:35:59,755 [INFO] ANALYZED exam=tQoHDQTrz1iAzcfYrbTF email=lwrana@student.unipu.hr ts=1777736289608 status=NO_FACE_DETECTED
2026-05-17 17:36:00,888 [INFO] ANALYZED exam=tQoHDQTrz1iAzcfYrbTF email=lwrana@student.unipu.hr ts=1777736294508 status=NO_FACE_DETECTED
2026-05-17 17:36:02,028 [INFO] ANALYZED exam=tQoHDQTrz1iAzcfYrbTF email=lwrana@student.unipu.hr ts=1777736305177 status=NO_FACE_DETECTED
2026-05-17 17:36:03,184 [INFO] ANALYZED exam=tQoHDQTrz1iAzcfYrbTF email=lwrana@student.unipu.hr ts=1777736310937 status=NO_FACE_DETECTED
2026-05-17 17:36:04,315 [INFO] ANALYZED exam=tQoHDQTrz1iAzcfYrbTF email=lwrana@student.unipu.hr ts=1777736319624 status=NO_FACE_DETECTED
2026-05-17 17:36:05,480 [INFO] ANALYZED exam=tQoHDQTrz1iAzcfYrbTF email=lwrana@student.unipu.hr ts=1777736321465 status=NO_FACE_DETECTED
2026-05-17 17:36:06,635 [INFO] ANALYZED exam=tQoHDQTrz1iAzcfYrbTF email=lwrana@student.unipu.hr ts=1777736324162 status=NO_FACE_DETECTED
2026-05-17 17:36:07,790 [INFO] ANALYZED exam=tQoHDQTrz1iAzcfYrbTF email=lwrana@student.unipu.hr ts=1777736329907 status=NO_FACE_DETECTED
2026-05-17 17:36:08,932 [INFO] ANALYZED exam=tQoHDQTrz1iAzcfYrbTF email=lwrana@student.unipu.hr ts=1777736332451 status=NO_FACE_DETECTED
2026-05-17 17:36:10,067 [INFO] ANALYZED exam=tQoHDQTrz1iAzcfYrbTF email=lwrana@student.unipu.hr ts=1777736337087 status=NO_FACE_DETECTED
2026-05-17 17:36:11,205 [INFO] ANALYZED exam=tQoHDQTrz1iAzcfYrbTF email=lwrana@student.unipu.hr ts=1777736339748 status=NO_FACE_DETECTED
2026-05-17 17:36:12,332 [INFO] ANALYZED exam=tQoHDQTrz1iAzcfYrbTF email=lwrana@student.unipu.hr ts=1777736343518 status=NO_FACE_DETECTED
2026-05-17 17:36:13,457 [INFO] ANALYZED exam=tQoHDQTrz1iAzcfYrbTF email=lwrana@student.unipu.hr ts=1777736345276 status=NO_FACE_DETECTED
2026-05-17 17:36:14,578 [INFO] ANALYZED exam=tQoHDQTrz1iAzcfYrbTF email=lwrana@student.unipu.hr ts=1777736354867 status=NO_FACE_DETECTED
2026-05-17 17:36:15,706 [INFO] ANALYZED exam=tQoHDQTrz1iAzcfYrbTF email=lwrana@student.unipu.hr ts=1777736365694 status=NO_FACE_DETECTED
2026-05-17 17:36:16,858 [INFO] ANALYZED exam=tQoHDQTrz1iAzcfYrbTF email=lwrana@student.unipu.hr ts=1777736370464 status=NO_FACE_DETECTED
2026-05-17 17:36:17,983 [INFO] ANALYZED exam=tQoHDQTrz1iAzcfYrbTF email=lwrana@student.unipu.hr ts=1777736374060 status=NO_FACE_DETECTED
2026-05-17 17:36:19,119 [INFO] ANALYZED exam=tQoHDQTrz1iAzcfYrbTF email=lwrana@student.unipu.hr ts=1777736384746 status=NO_FACE_DETECTED
2026-05-17 17:36:20,242 [INFO] ANALYZED exam=tQoHDQTrz1iAzcfYrbTF email=lwrana@student.unipu.hr ts=1777736390505 status=NO_FACE_DETECTED
2026-05-17 17:36:21,365 [INFO] ANALYZED exam=tQoHDQTrz1iAzcfYrbTF email=lwrana@student.unipu.hr ts=1777736401187 status=NO_FACE_DETECTED
2026-05-17 17:36:22,494 [INFO] ANALYZED exam=tQoHDQTrz1iAzcfYrbTF email=lwrana@student.unipu.hr ts=1777736406999 status=NO_FACE_DETECTED
2026-05-17 17:36:23,616 [INFO] ANALYZED exam=tQoHDQTrz1iAzcfYrbTF email=lwrana@student.unipu.hr ts=1777736409786 status=NO_FACE_DETECTED
2026-05-17 17:36:24,757 [INFO] ANALYZED exam=tQoHDQTrz1iAzcfYrbTF email=lwrana@student.unipu.hr ts=1777736417501 status=NO_FACE_DETECTED
2026-05-17 17:36:25,891 [INFO] ANALYZED exam=tQoHDQTrz1iAzcfYrbTF email=lwrana@student.unipu.hr ts=1777736420385 status=NO_FACE_DETECTED
2026-05-17 17:36:27,026 [INFO] ANALYZED exam=tQoHDQTrz1iAzcfYrbTF email=lwrana@student.unipu.hr ts=1777736427082 status=NO_FACE_DETECTED
2026-05-17 17:36:28,209 [INFO] ANALYZED exam=tQoHDQTrz1iAzcfYrbTF email=lwrana@student.unipu.hr ts=1777736432966 status=NO_FACE_DETECTED
2026-05-17 17:36:29,331 [INFO] ANALYZED exam=tQoHDQTrz1iAzcfYrbTF email=lwrana@student.unipu.hr ts=1777736442744 status=NO_FACE_DETECTED
2026-05-17 17:36:30,459 [INFO] ANALYZED exam=tQoHDQTrz1iAzcfYrbTF email=lwrana@student.unipu.hr ts=1777736447698 status=NO_FACE_DETECTED
2026-05-17 17:36:31,594 [INFO] ANALYZED exam=tQoHDQTrz1iAzcfYrbTF email=lwrana@student.unipu.hr ts=1777736450376 status=NO_FACE_DETECTED
2026-05-17 17:36:32,746 [INFO] ANALYZED exam=tQoHDQTrz1iAzcfYrbTF email=lwrana@student.unipu.hr ts=1777736456077 status=NO_FACE_DETECTED
2026-05-17 17:36:33,877 [INFO] ANALYZED exam=tQoHDQTrz1iAzcfYrbTF email=lwrana@student.unipu.hr ts=1777736462680 status=NO_FACE_DETECTED
2026-05-17 17:36:35,001 [INFO] ANALYZED exam=tQoHDQTrz1iAzcfYrbTF email=lwrana@student.unipu.hr ts=1777736465538 status=NO_FACE_DETECTED
2026-05-17 17:36:36,128 [INFO] ANALYZED exam=tQoHDQTrz1iAzcfYrbTF email=lwrana@student.unipu.hr ts=1777736476161 status=NO_FACE_DETECTED
2026-05-17 17:36:37,262 [INFO] ANALYZED exam=tQoHDQTrz1iAzcfYrbTF email=lwrana@student.unipu.hr ts=1777736486924 status=NO_FACE_DETECTED
2026-05-17 17:36:38,406 [INFO] ANALYZED exam=tQoHDQTrz1iAzcfYrbTF email=lwrana@student.unipu.hr ts=1777736495818 status=NO_FACE_DETECTED
2026-05-17 17:36:39,528 [INFO] ANALYZED exam=tQoHDQTrz1iAzcfYrbTF email=lwrana@student.unipu.hr ts=1777736505565 status=NO_FACE_DETECTED
2026-05-17 17:36:40,675 [INFO] ANALYZED exam=tQoHDQTrz1iAzcfYrbTF email=lwrana@student.unipu.hr ts=1777736514451 status=NO_FACE_DETECTED
2026-05-17 17:36:41,806 [INFO] ANALYZED exam=tQoHDQTrz1iAzcfYrbTF email=lwrana@student.unipu.hr ts=1777736520358 status=NO_FACE_DETECTED
2026-05-17 17:36:42,935 [INFO] ANALYZED exam=tQoHDQTrz1iAzcfYrbTF email=lwrana@student.unipu.hr ts=1777736526078 status=NO_FACE_DETECTED
2026-05-17 17:36:44,086 [INFO] ANALYZED exam=tQoHDQTrz1iAzcfYrbTF email=lwrana@student.unipu.hr ts=1777736529672 status=NO_FACE_DETECTED
2026-05-17 17:36:45,211 [INFO] ANALYZED exam=tQoHDQTrz1iAzcfYrbTF email=lwrana@student.unipu.hr ts=1777736537387 status=NO_FACE_DETECTED
2026-05-17 17:36:46,333 [INFO] ANALYZED exam=tQoHDQTrz1iAzcfYrbTF email=lwrana@student.unipu.hr ts=1777736544141 status=NO_FACE_DETECTED
2026-05-17 17:36:47,468 [INFO] ANALYZED exam=tQoHDQTrz1iAzcfYrbTF email=lwrana@student.unipu.hr ts=1777736552957 status=NO_FACE_DETECTED
2026-05-17 17:36:48,593 [INFO] ANALYZED exam=tQoHDQTrz1iAzcfYrbTF email=lwrana@student.unipu.hr ts=1777736561899 status=NO_FACE_DETECTED
2026-05-17 17:36:49,733 [INFO] ANALYZED exam=tQoHDQTrz1iAzcfYrbTF email=lwrana@student.unipu.hr ts=1777736569819 status=NO_FACE_DETECTED
2026-05-17 17:36:50,854 [INFO] ANALYZED exam=tQoHDQTrz1iAzcfYrbTF email=lwrana@student.unipu.hr ts=1777736579019 status=NO_FACE_DETECTED
2026-05-17 17:36:51,977 [INFO] ANALYZED exam=tQoHDQTrz1iAzcfYrbTF email=lwrana@student.unipu.hr ts=1777736584863 status=NO_FACE_DETECTED
2026-05-17 17:36:53,149 [INFO] ANALYZED exam=tQoHDQTrz1iAzcfYrbTF email=lwrana@student.unipu.hr ts=1777736590582 status=NO_FACE_DETECTED
2026-05-17 17:36:54,284 [INFO] ANALYZED exam=tQoHDQTrz1iAzcfYrbTF email=lwrana@student.unipu.hr ts=1777736593165 status=NO_FACE_DETECTED
2026-05-17 17:36:55,410 [INFO] ANALYZED exam=tQoHDQTrz1iAzcfYrbTF email=lwrana@student.unipu.hr ts=1777736599860 status=NO_FACE_DETECTED
2026-05-17 17:36:56,541 [INFO] ANALYZED exam=tQoHDQTrz1iAzcfYrbTF email=lwrana@student.unipu.hr ts=1777736607759 status=NO_FACE_DETECTED
2026-05-17 17:36:57,669 [INFO] ANALYZED exam=tQoHDQTrz1iAzcfYrbTF email=lwrana@student.unipu.hr ts=1777736610620 status=NO_FACE_DETECTED
2026-05-17 17:36:58,810 [INFO] ANALYZED exam=tQoHDQTrz1iAzcfYrbTF email=lwrana@student.unipu.hr ts=1777736618275 status=NO_FACE_DETECTED
2026-05-17 17:36:59,946 [INFO] ANALYZED exam=tQoHDQTrz1iAzcfYrbTF email=lwrana@student.unipu.hr ts=1777736627063 status=NO_FACE_DETECTED
2026-05-17 17:37:01,085 [INFO] ANALYZED exam=tQoHDQTrz1iAzcfYrbTF email=lwrana@student.unipu.hr ts=1777736630801 status=NO_FACE_DETECTED
2026-05-17 17:37:02,227 [INFO] ANALYZED exam=tQoHDQTrz1iAzcfYrbTF email=lwrana@student.unipu.hr ts=1777736636462 status=NO_FACE_DETECTED
2026-05-17 17:37:03,370 [INFO] ANALYZED exam=tQoHDQTrz1iAzcfYrbTF email=lwrana@student.unipu.hr ts=1777736647157 status=NO_FACE_DETECTED
2026-05-17 17:37:04,509 [INFO] ANALYZED exam=tQoHDQTrz1iAzcfYrbTF email=lwrana@student.unipu.hr ts=1777736655960 status=NO_FACE_DETECTED
2026-05-17 17:37:05,638 [INFO] ANALYZED exam=tQoHDQTrz1iAzcfYrbTF email=lwrana@student.unipu.hr ts=1777736661888 status=NO_FACE_DETECTED
2026-05-17 17:37:06,797 [INFO] ANALYZED exam=tQoHDQTrz1iAzcfYrbTF email=lwrana@student.unipu.hr ts=1777736667501 status=NO_FACE_DETECTED
2026-05-17 17:37:07,918 [INFO] ANALYZED exam=tQoHDQTrz1iAzcfYrbTF email=lwrana@student.unipu.hr ts=1777736675247 status=NO_FACE_DETECTED
2026-05-17 17:37:09,093 [INFO] ANALYZED exam=tQoHDQTrz1iAzcfYrbTF email=lwrana@student.unipu.hr ts=1777736678008 status=NO_FACE_DETECTED
2026-05-17 17:37:10,226 [INFO] ANALYZED exam=tQoHDQTrz1iAzcfYrbTF email=lwrana@student.unipu.hr ts=1777736688593 status=NO_FACE_DETECTED
2026-05-17 17:37:11,349 [INFO] ANALYZED exam=tQoHDQTrz1iAzcfYrbTF email=lwrana@student.unipu.hr ts=1777736690386 status=NO_FACE_DETECTED
2026-05-17 17:37:12,477 [INFO] ANALYZED exam=tQoHDQTrz1iAzcfYrbTF email=lwrana@student.unipu.hr ts=1777736696562 status=NO_FACE_DETECTED
2026-05-17 17:37:13,635 [INFO] ANALYZED exam=tQoHDQTrz1iAzcfYrbTF email=lwrana@student.unipu.hr ts=1777736700542 status=NO_FACE_DETECTED
2026-05-17 17:37:14,767 [INFO] ANALYZED exam=tQoHDQTrz1iAzcfYrbTF email=lwrana@student.unipu.hr ts=1777736711280 status=NO_FACE_DETECTED
2026-05-17 17:37:15,902 [INFO] ANALYZED exam=tQoHDQTrz1iAzcfYrbTF email=lwrana@student.unipu.hr ts=1777736722146 status=NO_FACE_DETECTED
2026-05-17 17:37:17,032 [INFO] ANALYZED exam=tQoHDQTrz1iAzcfYrbTF email=lwrana@student.unipu.hr ts=1777736730961 status=NO_FACE_DETECTED
2026-05-17 17:37:18,175 [INFO] ANALYZED exam=tQoHDQTrz1iAzcfYrbTF email=lwrana@student.unipu.hr ts=1777736740822 status=NO_FACE_DETECTED
2026-05-17 17:37:19,329 [INFO] ANALYZED exam=tQoHDQTrz1iAzcfYrbTF email=lwrana@student.unipu.hr ts=1777736751664 status=NO_FACE_DETECTED
2026-05-17 17:37:20,450 [INFO] ANALYZED exam=tQoHDQTrz1iAzcfYrbTF email=lwrana@student.unipu.hr ts=1777736760518 status=FACE_DETECTED
2026-05-17 17:37:21,571 [INFO] ANALYZED exam=tQoHDQTrz1iAzcfYrbTF email=lwrana@student.unipu.hr ts=1777736771370 status=FACE_DETECTED
2026-05-17 17:37:22,702 [INFO] ANALYZED exam=tQoHDQTrz1iAzcfYrbTF email=lwrana@student.unipu.hr ts=1777736778387 status=FACE_DETECTED
2026-05-17 17:37:23,841 [INFO] ANALYZED exam=tQoHDQTrz1iAzcfYrbTF email=lwrana@student.unipu.hr ts=1777736782355 status=NO_FACE_DETECTED
2026-05-17 17:37:24,955 [INFO] ANALYZED exam=tQoHDQTrz1iAzcfYrbTF email=lzovko@student.unipu.hr ts=1777734937099 status=NO_FACE_DETECTED
2026-05-17 17:37:26,068 [INFO] ANALYZED exam=tQoHDQTrz1iAzcfYrbTF email=lzovko@student.unipu.hr ts=1777734945943 status=NO_FACE_DETECTED
2026-05-17 17:37:27,179 [INFO] ANALYZED exam=tQoHDQTrz1iAzcfYrbTF email=lzovko@student.unipu.hr ts=1777734951587 status=NO_FACE_DETECTED
2026-05-17 17:37:28,295 [INFO] ANALYZED exam=tQoHDQTrz1iAzcfYrbTF email=lzovko@student.unipu.hr ts=1777734954097 status=NO_FACE_DETECTED
2026-05-17 17:37:29,411 [INFO] ANALYZED exam=tQoHDQTrz1iAzcfYrbTF email=lzovko@student.unipu.hr ts=1777734964593 status=NO_FACE_DETECTED
2026-05-17 17:37:30,526 [INFO] ANALYZED exam=tQoHDQTrz1iAzcfYrbTF email=lzovko@student.unipu.hr ts=1777734969255 status=NO_FACE_DETECTED
2026-05-17 17:37:31,780 [INFO] ANALYZED exam=tQoHDQTrz1iAzcfYrbTF email=lzovko@student.unipu.hr ts=1777734976748 status=NO_FACE_DETECTED
2026-05-17 17:37:32,893 [INFO] ANALYZED exam=tQoHDQTrz1iAzcfYrbTF email=lzovko@student.unipu.hr ts=1777734979386 status=NO_FACE_DETECTED
2026-05-17 17:37:34,005 [INFO] ANALYZED exam=tQoHDQTrz1iAzcfYrbTF email=lzovko@student.unipu.hr ts=1777734982892 status=NO_FACE_DETECTED
2026-05-17 17:37:35,119 [INFO] ANALYZED exam=tQoHDQTrz1iAzcfYrbTF email=lzovko@student.unipu.hr ts=1777734986393 status=NO_FACE_DETECTED
2026-05-17 17:37:36,227 [INFO] ANALYZED exam=tQoHDQTrz1iAzcfYrbTF email=lzovko@student.unipu.hr ts=1777734988892 status=NO_FACE_DETECTED
2026-05-17 17:37:37,339 [INFO] ANALYZED exam=tQoHDQTrz1iAzcfYrbTF email=lzovko@student.unipu.hr ts=1777734999415 status=NO_FACE_DETECTED
2026-05-17 17:37:38,451 [INFO] ANALYZED exam=tQoHDQTrz1iAzcfYrbTF email=lzovko@student.unipu.hr ts=1777735006024 status=NO_FACE_DETECTED
2026-05-17 17:37:39,563 [INFO] ANALYZED exam=tQoHDQTrz1iAzcfYrbTF email=lzovko@student.unipu.hr ts=1777735010640 status=NO_FACE_DETECTED
2026-05-17 17:37:40,677 [INFO] ANALYZED exam=tQoHDQTrz1iAzcfYrbTF email=lzovko@student.unipu.hr ts=1777735012109 status=NO_FACE_DETECTED
2026-05-17 17:37:41,678 [INFO] ANALYZE_STOP reason=busy processed=109
2026-05-17 17:37:42,125 [INFO] BATCH_WRITE items=109
2026-05-17 17:37:53,126 [INFO] LOAD cpu=6.9% mem=+2.2% req_rate=31.45/min idle=False
2026-05-17 17:38:04,127 [INFO] LOAD cpu=8.5% mem=+1.8% req_rate=43.63/min idle=False
2026-05-17 17:38:15,129 [INFO] LOAD cpu=3.0% mem=+1.7% req_rate=0.00/min idle=True
2026-05-17 17:38:15,129 [INFO] ANALYZE_BEGIN n_pending=1408
2026-05-17 17:38:16,130 [INFO] ANALYZE_STOP reason=busy processed=0
2026-05-17 17:38:30,152 [INFO] LOAD cpu=3.0% mem=+-0.1% req_rate=0.00/min idle=True
2026-05-17 17:38:30,153 [INFO] ANALYZE_BEGIN n_pending=1408
2026-05-17 17:38:31,273 [INFO] ANALYZED exam=tQoHDQTrz1iAzcfYrbTF email=lzovko@student.unipu.hr ts=1777735017587 status=NO_FACE_DETECTED
2026-05-17 17:38:32,386 [INFO] ANALYZED exam=tQoHDQTrz1iAzcfYrbTF email=lzovko@student.unipu.hr ts=1777735026076 status=NO_FACE_DETECTED
2026-05-17 17:38:33,500 [INFO] ANALYZED exam=tQoHDQTrz1iAzcfYrbTF email=lzovko@student.unipu.hr ts=1777735030713 status=NO_FACE_DETECTED
2026-05-17 17:38:34,611 [INFO] ANALYZED exam=tQoHDQTrz1iAzcfYrbTF email=lzovko@student.unipu.hr ts=1777735035204 status=NO_FACE_DETECTED
2026-05-17 17:38:35,724 [INFO] ANALYZED exam=tQoHDQTrz1iAzcfYrbTF email=lzovko@student.unipu.hr ts=1777735037704 status=NO_FACE_DETECTED
2026-05-17 17:38:36,836 [INFO] ANALYZED exam=tQoHDQTrz1iAzcfYrbTF email=lzovko@student.unipu.hr ts=1777735046209 status=NO_FACE_DETECTED
2026-05-17 17:38:37,837 [INFO] ANALYZE_STOP reason=busy processed=6
2026-05-17 17:38:37,947 [INFO] BATCH_WRITE items=6
2026-05-17 17:38:48,948 [INFO] LOAD cpu=5.9% mem=+1.5% req_rate=0.00/min idle=True
2026-05-17 17:38:48,948 [INFO] ANALYZE_BEGIN n_pending=1402
2026-05-17 17:38:50,206 [INFO] ANALYZED exam=tQoHDQTrz1iAzcfYrbTF email=lzovko@student.unipu.hr ts=1777735050846 status=NO_FACE_DETECTED
2026-05-17 17:38:51,322 [INFO] ANALYZED exam=tQoHDQTrz1iAzcfYrbTF email=lzovko@student.unipu.hr ts=1777735052311 status=NO_FACE_DETECTED
2026-05-17 17:38:52,436 [INFO] ANALYZED exam=tQoHDQTrz1iAzcfYrbTF email=lzovko@student.unipu.hr ts=1777735061785 status=NO_FACE_DETECTED
2026-05-17 17:38:53,551 [INFO] ANALYZED exam=tQoHDQTrz1iAzcfYrbTF email=lzovko@student.unipu.hr ts=1777735071459 status=NO_FACE_DETECTED
2026-05-17 17:38:54,668 [INFO] ANALYZED exam=tQoHDQTrz1iAzcfYrbTF email=lzovko@student.unipu.hr ts=1777735082099 status=NO_FACE_DETECTED
2026-05-17 17:38:55,781 [INFO] ANALYZED exam=tQoHDQTrz1iAzcfYrbTF email=lzovko@student.unipu.hr ts=1777735087710 status=NO_FACE_DETECTED
2026-05-17 17:38:56,895 [INFO] ANALYZED exam=tQoHDQTrz1iAzcfYrbTF email=lzovko@student.unipu.hr ts=1777735089212 status=NO_FACE_DETECTED
2026-05-17 17:38:58,010 [INFO] ANALYZED exam=tQoHDQTrz1iAzcfYrbTF email=lzovko@student.unipu.hr ts=1777735099701 status=NO_FACE_DETECTED
2026-05-17 17:38:59,122 [INFO] ANALYZED exam=tQoHDQTrz1iAzcfYrbTF email=lzovko@student.unipu.hr ts=1777735110334 status=NO_FACE_DETECTED
2026-05-17 17:39:00,123 [INFO] ANALYZE_STOP reason=busy processed=9
2026-05-17 17:39:00,237 [INFO] BATCH_WRITE items=9
2026-05-17 17:39:11,238 [INFO] LOAD cpu=3.7% mem=+1.9% req_rate=0.00/min idle=True
2026-05-17 17:39:11,238 [INFO] ANALYZE_BEGIN n_pending=1393
2026-05-17 17:39:12,495 [INFO] ANALYZED exam=tQoHDQTrz1iAzcfYrbTF email=lzovko@student.unipu.hr ts=1777735115947 status=NO_FACE_DETECTED
2026-05-17 17:39:13,612 [INFO] ANALYZED exam=tQoHDQTrz1iAzcfYrbTF email=lzovko@student.unipu.hr ts=1777735118429 status=NO_FACE_DETECTED
2026-05-17 17:39:14,728 [INFO] ANALYZED exam=tQoHDQTrz1iAzcfYrbTF email=lzovko@student.unipu.hr ts=1777735124919 status=NO_FACE_DETECTED
2026-05-17 17:39:15,840 [INFO] ANALYZED exam=tQoHDQTrz1iAzcfYrbTF email=lzovko@student.unipu.hr ts=1777735128570 status=NO_FACE_DETECTED
2026-05-17 17:39:16,954 [INFO] ANALYZED exam=tQoHDQTrz1iAzcfYrbTF email=lzovko@student.unipu.hr ts=1777735132074 status=NO_FACE_DETECTED
2026-05-17 17:39:18,069 [INFO] ANALYZED exam=tQoHDQTrz1iAzcfYrbTF email=lzovko@student.unipu.hr ts=1777735140555 status=NO_FACE_DETECTED
2026-05-17 17:39:19,184 [INFO] ANALYZED exam=tQoHDQTrz1iAzcfYrbTF email=lzovko@student.unipu.hr ts=1777735147175 status=NO_FACE_DETECTED
2026-05-17 17:39:20,328 [INFO] ANALYZED exam=tQoHDQTrz1iAzcfYrbTF email=lzovko@student.unipu.hr ts=1777735152784 status=NO_FACE_DETECTED
2026-05-17 17:39:21,440 [INFO] ANALYZED exam=tQoHDQTrz1iAzcfYrbTF email=lzovko@student.unipu.hr ts=1777735162260 status=NO_FACE_DETECTED
2026-05-17 17:39:22,557 [INFO] ANALYZED exam=tQoHDQTrz1iAzcfYrbTF email=lzovko@student.unipu.hr ts=1777735169882 status=NO_FACE_DETECTED
2026-05-17 17:39:23,672 [INFO] ANALYZED exam=tQoHDQTrz1iAzcfYrbTF email=lzovko@student.unipu.hr ts=1777735174527 status=NO_FACE_DETECTED
2026-05-17 17:39:24,790 [INFO] ANALYZED exam=tQoHDQTrz1iAzcfYrbTF email=lzovko@student.unipu.hr ts=1777735178016 status=NO_FACE_DETECTED
2026-05-17 17:39:25,904 [INFO] ANALYZED exam=tQoHDQTrz1iAzcfYrbTF email=lzovko@student.unipu.hr ts=1777735188513 status=NO_FACE_DETECTED
2026-05-17 17:39:27,023 [INFO] ANALYZED exam=tQoHDQTrz1iAzcfYrbTF email=lzovko@student.unipu.hr ts=1777735199122 status=NO_FACE_DETECTED
2026-05-17 17:39:28,137 [INFO] ANALYZED exam=tQoHDQTrz1iAzcfYrbTF email=lzovko@student.unipu.hr ts=1777735206757 status=NO_FACE_DETECTED
2026-05-17 17:39:29,265 [INFO] ANALYZED exam=tQoHDQTrz1iAzcfYrbTF email=lzovko@student.unipu.hr ts=1777735215405 status=NO_FACE_DETECTED
2026-05-17 17:39:30,379 [INFO] ANALYZED exam=tQoHDQTrz1iAzcfYrbTF email=lzovko@student.unipu.hr ts=1777735219022 status=NO_FACE_DETECTED
2026-05-17 17:39:31,494 [INFO] ANALYZED exam=tQoHDQTrz1iAzcfYrbTF email=lzovko@student.unipu.hr ts=1777735222564 status=NO_FACE_DETECTED
2026-05-17 17:39:32,601 [INFO] ANALYZED exam=tQoHDQTrz1iAzcfYrbTF email=lzovko@student.unipu.hr ts=1777735232062 status=NO_FACE_DETECTED
2026-05-17 17:39:33,714 [INFO] ANALYZED exam=tQoHDQTrz1iAzcfYrbTF email=lzovko@student.unipu.hr ts=1777735234683 status=NO_FACE_DETECTED
2026-05-17 17:39:34,828 [INFO] ANALYZED exam=tQoHDQTrz1iAzcfYrbTF email=lzovko@student.unipu.hr ts=1777735244167 status=NO_FACE_DETECTED
2026-05-17 17:39:35,942 [INFO] ANALYZED exam=tQoHDQTrz1iAzcfYrbTF email=lzovko@student.unipu.hr ts=1777735254820 status=NO_FACE_DETECTED
2026-05-17 17:39:37,054 [INFO] ANALYZED exam=tQoHDQTrz1iAzcfYrbTF email=lzovko@student.unipu.hr ts=1777735262458 status=NO_FACE_DETECTED
2026-05-17 17:39:38,167 [INFO] ANALYZED exam=tQoHDQTrz1iAzcfYrbTF email=lzovko@student.unipu.hr ts=1777735265108 status=NO_FACE_DETECTED
2026-05-17 17:39:39,287 [INFO] ANALYZED exam=tQoHDQTrz1iAzcfYrbTF email=lzovko@student.unipu.hr ts=1777735270606 status=NO_FACE_DETECTED
2026-05-17 17:39:40,403 [INFO] ANALYZED exam=tQoHDQTrz1iAzcfYrbTF email=lzovko@student.unipu.hr ts=1777735279107 status=NO_FACE_DETECTED
2026-05-17 17:39:41,520 [INFO] ANALYZED exam=tQoHDQTrz1iAzcfYrbTF email=lzovko@student.unipu.hr ts=1777735288717 status=NO_FACE_DETECTED
2026-05-17 17:39:42,628 [INFO] ANALYZED exam=tQoHDQTrz1iAzcfYrbTF email=lzovko@student.unipu.hr ts=1777735297332 status=NO_FACE_DETECTED
2026-05-17 17:39:43,738 [INFO] ANALYZED exam=tQoHDQTrz1iAzcfYrbTF email=lzovko@student.unipu.hr ts=1777735307939 status=NO_FACE_DETECTED
2026-05-17 17:39:44,847 [INFO] ANALYZED exam=tQoHDQTrz1iAzcfYrbTF email=lzovko@student.unipu.hr ts=1777735311553 status=NO_FACE_DETECTED
2026-05-17 17:39:45,963 [INFO] ANALYZED exam=tQoHDQTrz1iAzcfYrbTF email=lzovko@student.unipu.hr ts=1777735315040 status=NO_FACE_DETECTED
2026-05-17 17:39:47,079 [INFO] ANALYZED exam=tQoHDQTrz1iAzcfYrbTF email=lzovko@student.unipu.hr ts=1777735321530 status=NO_FACE_DETECTED
2026-05-17 17:39:48,195 [INFO] ANALYZED exam=tQoHDQTrz1iAzcfYrbTF email=lzovko@student.unipu.hr ts=1777735332144 status=NO_FACE_DETECTED
2026-05-17 17:39:49,313 [INFO] ANALYZED exam=tQoHDQTrz1iAzcfYrbTF email=lzovko@student.unipu.hr ts=1777735335755 status=NO_FACE_DETECTED
2026-05-17 17:39:50,427 [INFO] ANALYZED exam=tQoHDQTrz1iAzcfYrbTF email=lzovko@student.unipu.hr ts=1777735346252 status=NO_FACE_DETECTED
2026-05-17 17:39:51,539 [INFO] ANALYZED exam=tQoHDQTrz1iAzcfYrbTF email=lzovko@student.unipu.hr ts=1777735351885 status=NO_FACE_DETECTED
2026-05-17 17:39:52,652 [INFO] ANALYZED exam=tQoHDQTrz1iAzcfYrbTF email=lzovko@student.unipu.hr ts=1777735359379 status=NO_FACE_DETECTED
2026-05-17 17:39:53,767 [INFO] ANALYZED exam=tQoHDQTrz1iAzcfYrbTF email=lzovko@student.unipu.hr ts=1777735369997 status=NO_FACE_DETECTED
2026-05-17 17:39:54,935 [INFO] ANALYZED exam=tQoHDQTrz1iAzcfYrbTF email=mbasic1@student.unipu.hr ts=1777836054828 status=FACE_DETECTED
2026-05-17 17:39:56,082 [INFO] ANALYZED exam=tQoHDQTrz1iAzcfYrbTF email=mbasic1@student.unipu.hr ts=1777836055745 status=FACE_DETECTED
2026-05-17 17:39:57,214 [INFO] ANALYZED exam=tQoHDQTrz1iAzcfYrbTF email=mbasic1@student.unipu.hr ts=1777836061242 status=FACE_DETECTED
2026-05-17 17:39:58,407 [INFO] ANALYZED exam=tQoHDQTrz1iAzcfYrbTF email=mbasic1@student.unipu.hr ts=1777836066788 status=FACE_DETECTED
2026-05-17 17:39:59,554 [INFO] ANALYZED exam=tQoHDQTrz1iAzcfYrbTF email=mbasic1@student.unipu.hr ts=1777836069345 status=FACE_DETECTED
2026-05-17 17:40:00,677 [INFO] ANALYZED exam=tQoHDQTrz1iAzcfYrbTF email=mbasic1@student.unipu.hr ts=1777836078912 status=FACE_DETECTED
2026-05-17 17:40:01,818 [INFO] ANALYZED exam=tQoHDQTrz1iAzcfYrbTF email=mbasic1@student.unipu.hr ts=1777836085478 status=FACE_DETECTED
2026-05-17 17:40:02,963 [INFO] ANALYZED exam=tQoHDQTrz1iAzcfYrbTF email=mbasic1@student.unipu.hr ts=1777836091010 status=FACE_DETECTED
2026-05-17 17:40:04,103 [INFO] ANALYZED exam=tQoHDQTrz1iAzcfYrbTF email=mbasic1@student.unipu.hr ts=1777836094581 status=FACE_DETECTED
2026-05-17 17:40:05,264 [INFO] ANALYZED exam=tQoHDQTrz1iAzcfYrbTF email=mbasic1@student.unipu.hr ts=1777836102146 status=FACE_DETECTED
2026-05-17 17:40:06,392 [INFO] ANALYZED exam=tQoHDQTrz1iAzcfYrbTF email=mbasic1@student.unipu.hr ts=1777836105713 status=FACE_DETECTED
2026-05-17 17:40:07,520 [INFO] ANALYZED exam=tQoHDQTrz1iAzcfYrbTF email=mbasic1@student.unipu.hr ts=1777836115275 status=FACE_DETECTED
2026-05-17 17:40:08,667 [INFO] ANALYZED exam=tQoHDQTrz1iAzcfYrbTF email=mbasic1@student.unipu.hr ts=1777836120846 status=FACE_DETECTED
2026-05-17 17:40:09,808 [INFO] ANALYZED exam=tQoHDQTrz1iAzcfYrbTF email=mbasic1@student.unipu.hr ts=1777836126378 status=FACE_DETECTED
2026-05-17 17:40:10,951 [INFO] ANALYZED exam=tQoHDQTrz1iAzcfYrbTF email=mbasic1@student.unipu.hr ts=1777836133945 status=FACE_DETECTED
2026-05-17 17:40:12,079 [INFO] ANALYZED exam=tQoHDQTrz1iAzcfYrbTF email=mbasic1@student.unipu.hr ts=1777836137514 status=FACE_DETECTED
2026-05-17 17:40:13,232 [INFO] ANALYZED exam=tQoHDQTrz1iAzcfYrbTF email=mbasic1@student.unipu.hr ts=1777836147078 status=FACE_DETECTED
2026-05-17 17:40:14,392 [INFO] ANALYZED exam=tQoHDQTrz1iAzcfYrbTF email=mbasic1@student.unipu.hr ts=1777836150649 status=FACE_DETECTED
2026-05-17 17:40:15,542 [INFO] ANALYZED exam=tQoHDQTrz1iAzcfYrbTF email=mbasic1@student.unipu.hr ts=1777836159211 status=FACE_DETECTED
2026-05-17 17:40:16,680 [INFO] ANALYZED exam=tQoHDQTrz1iAzcfYrbTF email=mbasic1@student.unipu.hr ts=1777836162779 status=FACE_DETECTED
2026-05-17 17:40:17,815 [INFO] ANALYZED exam=tQoHDQTrz1iAzcfYrbTF email=mbasic1@student.unipu.hr ts=1777836171345 status=FACE_DETECTED
2026-05-17 17:40:18,965 [INFO] ANALYZED exam=tQoHDQTrz1iAzcfYrbTF email=mbasic1@student.unipu.hr ts=1777836177913 status=FACE_DETECTED
2026-05-17 17:40:20,101 [INFO] ANALYZED exam=tQoHDQTrz1iAzcfYrbTF email=mbasic1@student.unipu.hr ts=1777836180615 status=FACE_DETECTED
2026-05-17 17:40:21,230 [INFO] ANALYZED exam=tQoHDQTrz1iAzcfYrbTF email=mbasic1@student.unipu.hr ts=1777836186179 status=FACE_DETECTED
2026-05-17 17:40:22,351 [INFO] ANALYZED exam=tQoHDQTrz1iAzcfYrbTF email=mbasic1@student.unipu.hr ts=1777836194745 status=FACE_DETECTED
2026-05-17 17:40:23,489 [INFO] ANALYZED exam=tQoHDQTrz1iAzcfYrbTF email=mbasic1@student.unipu.hr ts=1777836201311 status=FACE_DETECTED
2026-05-17 17:40:24,615 [INFO] ANALYZED exam=tQoHDQTrz1iAzcfYrbTF email=mbasic1@student.unipu.hr ts=1777836211912 status=FACE_DETECTED
2026-05-17 17:40:25,760 [INFO] ANALYZED exam=tQoHDQTrz1iAzcfYrbTF email=mbasic1@student.unipu.hr ts=1777836215479 status=FACE_DETECTED
2026-05-17 17:40:26,906 [INFO] ANALYZED exam=tQoHDQTrz1iAzcfYrbTF email=mbasic1@student.unipu.hr ts=1777836225042 status=FACE_DETECTED
2026-05-17 17:40:28,049 [INFO] ANALYZED exam=tQoHDQTrz1iAzcfYrbTF email=mbasic1@student.unipu.hr ts=1777836235613 status=FACE_DETECTED
2026-05-17 17:40:29,180 [INFO] ANALYZED exam=tQoHDQTrz1iAzcfYrbTF email=mbasic1@student.unipu.hr ts=1777836244213 status=FACE_DETECTED
2026-05-17 17:40:30,309 [INFO] ANALYZED exam=tQoHDQTrz1iAzcfYrbTF email=mbasic1@student.unipu.hr ts=1777836253810 status=FACE_DETECTED
2026-05-17 17:40:31,449 [INFO] ANALYZED exam=tQoHDQTrz1iAzcfYrbTF email=mbasic1@student.unipu.hr ts=1777836262378 status=FACE_DETECTED
2026-05-17 17:40:32,450 [INFO] ANALYZE_STOP reason=busy processed=71
2026-05-17 17:40:32,715 [INFO] BATCH_WRITE items=71
2026-05-17 17:40:43,717 [INFO] LOAD cpu=2.0% mem=+1.9% req_rate=0.00/min idle=True
2026-05-17 17:40:43,717 [INFO] ANALYZE_BEGIN n_pending=1322
2026-05-17 17:40:45,103 [INFO] ANALYZED exam=tQoHDQTrz1iAzcfYrbTF email=mbasic1@student.unipu.hr ts=1777836267943 status=FACE_DETECTED
2026-05-17 17:40:46,238 [INFO] ANALYZED exam=tQoHDQTrz1iAzcfYrbTF email=mbasic1@student.unipu.hr ts=1777836278510 status=FACE_DETECTED
2026-05-17 17:40:47,369 [INFO] ANALYZED exam=tQoHDQTrz1iAzcfYrbTF email=mbasic1@student.unipu.hr ts=1777836281081 status=FACE_DETECTED
2026-05-17 17:40:48,491 [INFO] ANALYZED exam=tQoHDQTrz1iAzcfYrbTF email=mbasic1@student.unipu.hr ts=1777836290643 status=FACE_DETECTED
2026-05-17 17:40:49,612 [INFO] ANALYZED exam=tQoHDQTrz1iAzcfYrbTF email=mbasic1@student.unipu.hr ts=1777836294515 status=FACE_DETECTED
2026-05-17 17:40:50,763 [INFO] ANALYZED exam=tQoHDQTrz1iAzcfYrbTF email=mbasic1@student.unipu.hr ts=1777836296043 status=FACE_DETECTED
2026-05-17 17:40:51,906 [INFO] ANALYZED exam=tQoHDQTrz1iAzcfYrbTF email=mbasic1@student.unipu.hr ts=1777836304843 status=FACE_DETECTED
2026-05-17 17:40:53,033 [INFO] ANALYZED exam=tQoHDQTrz1iAzcfYrbTF email=mbasic1@student.unipu.hr ts=1777836310377 status=FACE_DETECTED
2026-05-17 17:40:54,171 [INFO] ANALYZED exam=tQoHDQTrz1iAzcfYrbTF email=mbasic1@student.unipu.hr ts=1777836313979 status=FACE_DETECTED
2026-05-17 17:40:55,312 [INFO] ANALYZED exam=tQoHDQTrz1iAzcfYrbTF email=mbasic1@student.unipu.hr ts=1777836319563 status=FACE_DETECTED
2026-05-17 17:40:56,433 [INFO] ANALYZED exam=tQoHDQTrz1iAzcfYrbTF email=mbasic1@student.unipu.hr ts=1777836326251 status=FACE_DETECTED
2026-05-17 17:40:57,564 [INFO] ANALYZED exam=tQoHDQTrz1iAzcfYrbTF email=mbasic1@student.unipu.hr ts=1777836327811 status=FACE_DETECTED
2026-05-17 17:40:58,688 [INFO] ANALYZED exam=tQoHDQTrz1iAzcfYrbTF email=mbasic1@student.unipu.hr ts=1777836338562 status=FACE_DETECTED
2026-05-17 17:40:59,831 [INFO] ANALYZED exam=tQoHDQTrz1iAzcfYrbTF email=mbasic1@student.unipu.hr ts=1777836342077 status=FACE_DETECTED
2026-05-17 17:41:00,978 [INFO] ANALYZED exam=tQoHDQTrz1iAzcfYrbTF email=mbasic1@student.unipu.hr ts=1777836350677 status=FACE_DETECTED
2026-05-17 17:41:02,148 [INFO] ANALYZED exam=tQoHDQTrz1iAzcfYrbTF email=mbasic1@student.unipu.hr ts=1777836352279 status=FACE_DETECTED
2026-05-17 17:41:03,270 [INFO] ANALYZED exam=tQoHDQTrz1iAzcfYrbTF email=mbasic1@student.unipu.hr ts=1777836359880 status=FACE_DETECTED
2026-05-17 17:41:04,409 [INFO] ANALYZED exam=tQoHDQTrz1iAzcfYrbTF email=mbasic1@student.unipu.hr ts=1777836367478 status=FACE_DETECTED
2026-05-17 17:41:05,543 [INFO] ANALYZED exam=tQoHDQTrz1iAzcfYrbTF email=mbasic1@student.unipu.hr ts=1777836377078 status=FACE_DETECTED
2026-05-17 17:41:06,677 [INFO] ANALYZED exam=tQoHDQTrz1iAzcfYrbTF email=mbasic1@student.unipu.hr ts=1777836378680 status=FACE_DETECTED
2026-05-17 17:41:07,830 [INFO] ANALYZED exam=tQoHDQTrz1iAzcfYrbTF email=mbasic1@student.unipu.hr ts=1777836389279 status=FACE_DETECTED
2026-05-17 17:41:08,965 [INFO] ANALYZED exam=tQoHDQTrz1iAzcfYrbTF email=mbasic1@student.unipu.hr ts=1777836398876 status=FACE_DETECTED
2026-05-17 17:41:10,102 [INFO] ANALYZED exam=tQoHDQTrz1iAzcfYrbTF email=mcutunic@student.unipu.hr ts=1777521985823 status=FACE_DETECTED
2026-05-17 17:41:11,234 [INFO] ANALYZED exam=tQoHDQTrz1iAzcfYrbTF email=mcutunic@student.unipu.hr ts=1777521986564 status=FACE_DETECTED
2026-05-17 17:41:12,372 [INFO] ANALYZED exam=tQoHDQTrz1iAzcfYrbTF email=mcutunic@student.unipu.hr ts=1777521986882 status=FACE_DETECTED
2026-05-17 17:41:13,510 [INFO] ANALYZED exam=tQoHDQTrz1iAzcfYrbTF email=mcutunic@student.unipu.hr ts=1777521988438 status=FACE_DETECTED
2026-05-17 17:41:14,633 [INFO] ANALYZED exam=tQoHDQTrz1iAzcfYrbTF email=mcutunic@student.unipu.hr ts=1777521989687 status=FACE_DETECTED
2026-05-17 17:41:15,746 [INFO] ANALYZED exam=tQoHDQTrz1iAzcfYrbTF email=mcutunic@student.unipu.hr ts=1777521991391 status=NO_FACE_DETECTED
2026-05-17 17:41:16,868 [INFO] ANALYZED exam=tQoHDQTrz1iAzcfYrbTF email=mcutunic@student.unipu.hr ts=1777521991792 status=FACE_DETECTED
2026-05-17 17:41:17,997 [INFO] ANALYZED exam=tQoHDQTrz1iAzcfYrbTF email=mcutunic@student.unipu.hr ts=1777521995370 status=FACE_DETECTED
2026-05-17 17:41:19,126 [INFO] ANALYZED exam=tQoHDQTrz1iAzcfYrbTF email=mcutunic@student.unipu.hr ts=1777521995776 status=FACE_DETECTED
2026-05-17 17:41:20,252 [INFO] ANALYZED exam=tQoHDQTrz1iAzcfYrbTF email=mcutunic@student.unipu.hr ts=1777521996040 status=FACE_DETECTED
2026-05-17 17:41:21,390 [INFO] ANALYZED exam=tQoHDQTrz1iAzcfYrbTF email=mcutunic@student.unipu.hr ts=1777521997257 status=FACE_DETECTED
2026-05-17 17:41:22,500 [INFO] ANALYZED exam=tQoHDQTrz1iAzcfYrbTF email=mcutunic@student.unipu.hr ts=1777521999298 status=NO_FACE_DETECTED
2026-05-17 17:41:23,628 [INFO] ANALYZED exam=tQoHDQTrz1iAzcfYrbTF email=mcutunic@student.unipu.hr ts=1777522043276 status=FACE_DETECTED
2026-05-17 17:41:24,750 [INFO] ANALYZED exam=tQoHDQTrz1iAzcfYrbTF email=mcutunic@student.unipu.hr ts=1777522044230 status=FACE_DETECTED
2026-05-17 17:41:25,881 [INFO] ANALYZED exam=tQoHDQTrz1iAzcfYrbTF email=mcutunic@student.unipu.hr ts=1777522046199 status=FACE_DETECTED
2026-05-17 17:41:27,025 [INFO] ANALYZED exam=tQoHDQTrz1iAzcfYrbTF email=mcutunic@student.unipu.hr ts=1777522048167 status=FACE_DETECTED
2026-05-17 17:41:28,157 [INFO] ANALYZED exam=tQoHDQTrz1iAzcfYrbTF email=mcutunic@student.unipu.hr ts=1777522051113 status=FACE_DETECTED
2026-05-17 17:41:29,286 [INFO] ANALYZED exam=tQoHDQTrz1iAzcfYrbTF email=mcutunic@student.unipu.hr ts=1777522059092 status=FACE_DETECTED
2026-05-17 17:41:30,413 [INFO] ANALYZED exam=tQoHDQTrz1iAzcfYrbTF email=mcutunic@student.unipu.hr ts=1777522069160 status=FACE_DETECTED
2026-05-17 17:41:31,540 [INFO] ANALYZED exam=tQoHDQTrz1iAzcfYrbTF email=mcutunic@student.unipu.hr ts=1777522078209 status=FACE_DETECTED
2026-05-17 17:41:32,670 [INFO] ANALYZED exam=tQoHDQTrz1iAzcfYrbTF email=mcutunic@student.unipu.hr ts=1777522087409 status=FACE_DETECTED
2026-05-17 17:41:33,798 [INFO] ANALYZED exam=tQoHDQTrz1iAzcfYrbTF email=mcutunic@student.unipu.hr ts=1777522089400 status=FACE_DETECTED
2026-05-17 17:41:34,930 [INFO] ANALYZED exam=tQoHDQTrz1iAzcfYrbTF email=mcutunic@student.unipu.hr ts=1777522099485 status=FACE_DETECTED
2026-05-17 17:41:36,062 [INFO] ANALYZED exam=tQoHDQTrz1iAzcfYrbTF email=mcutunic@student.unipu.hr ts=1777522104509 status=NO_FACE_DETECTED
2026-05-17 17:41:37,203 [INFO] ANALYZED exam=tQoHDQTrz1iAzcfYrbTF email=mcutunic@student.unipu.hr ts=1777522110405 status=FACE_DETECTED
2026-05-17 17:41:38,330 [INFO] ANALYZED exam=tQoHDQTrz1iAzcfYrbTF email=mcutunic@student.unipu.hr ts=1777522118324 status=FACE_DETECTED
2026-05-17 17:41:39,454 [INFO] ANALYZED exam=tQoHDQTrz1iAzcfYrbTF email=mcutunic@student.unipu.hr ts=1777522126316 status=FACE_DETECTED
2026-05-17 17:41:40,582 [INFO] ANALYZED exam=tQoHDQTrz1iAzcfYrbTF email=mcutunic@student.unipu.hr ts=1777522134325 status=FACE_DETECTED
2026-05-17 17:41:41,705 [INFO] ANALYZED exam=tQoHDQTrz1iAzcfYrbTF email=mcutunic@student.unipu.hr ts=1777522143313 status=FACE_DETECTED
2026-05-17 17:41:42,858 [INFO] ANALYZED exam=tQoHDQTrz1iAzcfYrbTF email=mcutunic@student.unipu.hr ts=1777522150277 status=FACE_DETECTED
2026-05-17 17:41:44,004 [INFO] ANALYZED exam=tQoHDQTrz1iAzcfYrbTF email=mcutunic@student.unipu.hr ts=1777522161388 status=FACE_DETECTED
2026-05-17 17:41:45,135 [INFO] ANALYZED exam=tQoHDQTrz1iAzcfYrbTF email=mcutunic@student.unipu.hr ts=1777522168444 status=FACE_DETECTED
2026-05-17 17:41:46,258 [INFO] ANALYZED exam=tQoHDQTrz1iAzcfYrbTF email=mcutunic@student.unipu.hr ts=1777522179613 status=FACE_DETECTED
2026-05-17 17:41:47,390 [INFO] ANALYZED exam=tQoHDQTrz1iAzcfYrbTF email=mcutunic@student.unipu.hr ts=1777522189741 status=FACE_DETECTED
2026-05-17 17:41:48,549 [INFO] ANALYZED exam=tQoHDQTrz1iAzcfYrbTF email=mcutunic@student.unipu.hr ts=1777522199756 status=FACE_DETECTED
2026-05-17 17:41:49,675 [INFO] ANALYZED exam=tQoHDQTrz1iAzcfYrbTF email=mcutunic@student.unipu.hr ts=1777522206844 status=FACE_DETECTED
2026-05-17 17:41:50,825 [INFO] ANALYZED exam=tQoHDQTrz1iAzcfYrbTF email=mcutunic@student.unipu.hr ts=1777522217837 status=FACE_DETECTED
2026-05-17 17:41:51,951 [INFO] ANALYZED exam=tQoHDQTrz1iAzcfYrbTF email=mcutunic@student.unipu.hr ts=1777522224929 status=FACE_DETECTED
2026-05-17 17:41:53,074 [INFO] ANALYZED exam=tQoHDQTrz1iAzcfYrbTF email=mcutunic@student.unipu.hr ts=1777522233172 status=FACE_DETECTED
2026-05-17 17:41:54,212 [INFO] ANALYZED exam=tQoHDQTrz1iAzcfYrbTF email=mcutunic@student.unipu.hr ts=1777522237268 status=FACE_DETECTED
2026-05-17 17:41:55,343 [INFO] ANALYZED exam=tQoHDQTrz1iAzcfYrbTF email=mcutunic@student.unipu.hr ts=1777522240256 status=FACE_DETECTED
2026-05-17 17:41:56,477 [INFO] ANALYZED exam=tQoHDQTrz1iAzcfYrbTF email=mcutunic@student.unipu.hr ts=1777522249236 status=FACE_DETECTED
2026-05-17 17:41:57,602 [INFO] ANALYZED exam=tQoHDQTrz1iAzcfYrbTF email=mcutunic@student.unipu.hr ts=1777522257276 status=FACE_DETECTED
2026-05-17 17:41:58,737 [INFO] ANALYZED exam=tQoHDQTrz1iAzcfYrbTF email=mcutunic@student.unipu.hr ts=1777522265292 status=FACE_DETECTED
2026-05-17 17:41:59,880 [INFO] ANALYZED exam=tQoHDQTrz1iAzcfYrbTF email=mcutunic@student.unipu.hr ts=1777522268261 status=FACE_DETECTED
2026-05-17 17:42:01,005 [INFO] ANALYZED exam=tQoHDQTrz1iAzcfYrbTF email=mcutunic@student.unipu.hr ts=1777522279112 status=FACE_DETECTED
2026-05-17 17:42:02,137 [INFO] ANALYZED exam=tQoHDQTrz1iAzcfYrbTF email=mcutunic@student.unipu.hr ts=1777522281081 status=FACE_DETECTED
2026-05-17 17:42:03,273 [INFO] ANALYZED exam=tQoHDQTrz1iAzcfYrbTF email=mcutunic@student.unipu.hr ts=1777522289964 status=FACE_DETECTED
2026-05-17 17:42:04,414 [INFO] ANALYZED exam=tQoHDQTrz1iAzcfYrbTF email=mcutunic@student.unipu.hr ts=1777522292056 status=FACE_DETECTED
2026-05-17 17:42:05,553 [INFO] ANALYZED exam=tQoHDQTrz1iAzcfYrbTF email=mcutunic@student.unipu.hr ts=1777522298989 status=FACE_DETECTED
2026-05-17 17:42:06,679 [INFO] ANALYZED exam=tQoHDQTrz1iAzcfYrbTF email=mcutunic@student.unipu.hr ts=1777522308048 status=FACE_DETECTED
2026-05-17 17:42:07,805 [INFO] ANALYZED exam=tQoHDQTrz1iAzcfYrbTF email=mcutunic@student.unipu.hr ts=1777522310152 status=FACE_DETECTED
2026-05-17 17:42:08,942 [INFO] ANALYZED exam=tQoHDQTrz1iAzcfYrbTF email=mcutunic@student.unipu.hr ts=1777522314028 status=FACE_DETECTED
2026-05-17 17:42:10,090 [INFO] ANALYZED exam=tQoHDQTrz1iAzcfYrbTF email=mcutunic@student.unipu.hr ts=1777522317953 status=FACE_DETECTED
2026-05-17 17:42:11,090 [INFO] ANALYZE_STOP reason=busy processed=76
2026-05-17 17:42:11,429 [INFO] BATCH_WRITE items=76
2026-05-17 17:42:22,431 [INFO] LOAD cpu=1.1% mem=+1.1% req_rate=0.00/min idle=True
2026-05-17 17:42:22,431 [INFO] ANALYZE_BEGIN n_pending=1246
2026-05-17 17:42:23,753 [INFO] ANALYZED exam=tQoHDQTrz1iAzcfYrbTF email=mcutunic@student.unipu.hr ts=1777522325944 status=FACE_DETECTED
2026-05-17 17:42:24,897 [INFO] ANALYZED exam=tQoHDQTrz1iAzcfYrbTF email=mcutunic@student.unipu.hr ts=1777522334004 status=FACE_DETECTED
2026-05-17 17:42:26,023 [INFO] ANALYZED exam=tQoHDQTrz1iAzcfYrbTF email=mcutunic@student.unipu.hr ts=1777522338093 status=FACE_DETECTED
2026-05-17 17:42:27,146 [INFO] ANALYZED exam=tQoHDQTrz1iAzcfYrbTF email=mcutunic@student.unipu.hr ts=1777522347937 status=FACE_DETECTED
2026-05-17 17:42:28,281 [INFO] ANALYZED exam=tQoHDQTrz1iAzcfYrbTF email=mcutunic@student.unipu.hr ts=1777522359060 status=FACE_DETECTED
2026-05-17 17:42:29,410 [INFO] ANALYZED exam=tQoHDQTrz1iAzcfYrbTF email=mcutunic@student.unipu.hr ts=1777522362097 status=FACE_DETECTED
2026-05-17 17:42:30,553 [INFO] ANALYZED exam=tQoHDQTrz1iAzcfYrbTF email=mcutunic@student.unipu.hr ts=1777522371096 status=FACE_DETECTED
2026-05-17 17:42:31,703 [INFO] ANALYZED exam=tQoHDQTrz1iAzcfYrbTF email=mcutunic@student.unipu.hr ts=1777522382093 status=FACE_DETECTED
2026-05-17 17:42:32,836 [INFO] ANALYZED exam=tQoHDQTrz1iAzcfYrbTF email=mcutunic@student.unipu.hr ts=1777522392120 status=FACE_DETECTED
2026-05-17 17:42:33,978 [INFO] ANALYZED exam=tQoHDQTrz1iAzcfYrbTF email=mcutunic@student.unipu.hr ts=1777522400201 status=FACE_DETECTED
2026-05-17 17:42:35,104 [INFO] ANALYZED exam=tQoHDQTrz1iAzcfYrbTF email=mcutunic@student.unipu.hr ts=1777522406201 status=FACE_DETECTED
2026-05-17 17:42:36,250 [INFO] ANALYZED exam=tQoHDQTrz1iAzcfYrbTF email=mcutunic@student.unipu.hr ts=1777522417293 status=FACE_DETECTED
2026-05-17 17:42:37,383 [INFO] ANALYZED exam=tQoHDQTrz1iAzcfYrbTF email=mcutunic@student.unipu.hr ts=1777522423328 status=FACE_DETECTED
2026-05-17 17:42:38,507 [INFO] ANALYZED exam=tQoHDQTrz1iAzcfYrbTF email=mcutunic@student.unipu.hr ts=1777522426304 status=FACE_DETECTED
2026-05-17 17:42:39,660 [INFO] ANALYZED exam=tQoHDQTrz1iAzcfYrbTF email=mcutunic@student.unipu.hr ts=1777522428264 status=FACE_DETECTED
2026-05-17 17:42:40,783 [INFO] ANALYZED exam=tQoHDQTrz1iAzcfYrbTF email=mcutunic@student.unipu.hr ts=1777522430129 status=FACE_DETECTED
2026-05-17 17:42:41,905 [INFO] ANALYZED exam=tQoHDQTrz1iAzcfYrbTF email=mcutunic@student.unipu.hr ts=1777522441053 status=FACE_DETECTED
2026-05-17 17:42:43,052 [INFO] ANALYZED exam=tQoHDQTrz1iAzcfYrbTF email=mcutunic@student.unipu.hr ts=1777522448093 status=FACE_DETECTED
2026-05-17 17:42:44,053 [INFO] ANALYZE_STOP reason=busy processed=18
2026-05-17 17:42:44,194 [INFO] BATCH_WRITE items=18
2026-05-17 17:42:55,195 [INFO] LOAD cpu=2.8% mem=+0.3% req_rate=0.00/min idle=True
2026-05-17 17:42:55,195 [INFO] ANALYZE_BEGIN n_pending=1228
2026-05-17 17:42:56,519 [INFO] ANALYZED exam=tQoHDQTrz1iAzcfYrbTF email=mcutunic@student.unipu.hr ts=1777522458193 status=FACE_DETECTED
2026-05-17 17:42:57,679 [INFO] ANALYZED exam=tQoHDQTrz1iAzcfYrbTF email=mcutunic@student.unipu.hr ts=1777522460356 status=FACE_DETECTED
2026-05-17 17:42:58,809 [INFO] ANALYZED exam=tQoHDQTrz1iAzcfYrbTF email=mcutunic@student.unipu.hr ts=1777522466196 status=FACE_DETECTED
2026-05-17 17:42:59,957 [INFO] ANALYZED exam=tQoHDQTrz1iAzcfYrbTF email=mcutunic@student.unipu.hr ts=1777522475292 status=FACE_DETECTED
2026-05-17 17:43:01,095 [INFO] ANALYZED exam=tQoHDQTrz1iAzcfYrbTF email=mcutunic@student.unipu.hr ts=1777522485568 status=FACE_DETECTED
2026-05-17 17:43:02,216 [INFO] ANALYZED exam=tQoHDQTrz1iAzcfYrbTF email=mcutunic@student.unipu.hr ts=1777522490656 status=FACE_DETECTED
2026-05-17 17:43:03,359 [INFO] ANALYZED exam=tQoHDQTrz1iAzcfYrbTF email=mcutunic@student.unipu.hr ts=1777522495533 status=FACE_DETECTED
2026-05-17 17:43:04,488 [INFO] ANALYZED exam=tQoHDQTrz1iAzcfYrbTF email=mcutunic@student.unipu.hr ts=1777522506397 status=FACE_DETECTED
2026-05-17 17:43:05,647 [INFO] ANALYZED exam=tQoHDQTrz1iAzcfYrbTF email=mcutunic@student.unipu.hr ts=1777522517421 status=FACE_DETECTED
2026-05-17 17:43:06,798 [INFO] ANALYZED exam=tQoHDQTrz1iAzcfYrbTF email=mcutunic@student.unipu.hr ts=1777522526497 status=FACE_DETECTED
2026-05-17 17:43:07,927 [INFO] ANALYZED exam=tQoHDQTrz1iAzcfYrbTF email=mcutunic@student.unipu.hr ts=1777522534492 status=FACE_DETECTED
2026-05-17 17:43:09,056 [INFO] ANALYZED exam=tQoHDQTrz1iAzcfYrbTF email=mcutunic@student.unipu.hr ts=1777522538589 status=FACE_DETECTED
2026-05-17 17:43:10,192 [INFO] ANALYZED exam=tQoHDQTrz1iAzcfYrbTF email=mcutunic@student.unipu.hr ts=1777522547565 status=FACE_DETECTED
2026-05-17 17:43:11,318 [INFO] ANALYZED exam=tQoHDQTrz1iAzcfYrbTF email=mcutunic@student.unipu.hr ts=1777522551569 status=FACE_DETECTED
2026-05-17 17:43:12,447 [INFO] ANALYZED exam=tQoHDQTrz1iAzcfYrbTF email=mcutunic@student.unipu.hr ts=1777522558409 status=FACE_DETECTED
2026-05-17 17:43:13,586 [INFO] ANALYZED exam=tQoHDQTrz1iAzcfYrbTF email=mcutunic@student.unipu.hr ts=1777522564392 status=FACE_DETECTED
2026-05-17 17:43:14,723 [INFO] ANALYZED exam=tQoHDQTrz1iAzcfYrbTF email=mcutunic@student.unipu.hr ts=1777522566280 status=FACE_DETECTED
2026-05-17 17:43:15,849 [INFO] ANALYZED exam=tQoHDQTrz1iAzcfYrbTF email=mcutunic@student.unipu.hr ts=1777522569185 status=FACE_DETECTED
2026-05-17 17:43:16,971 [INFO] ANALYZED exam=tQoHDQTrz1iAzcfYrbTF email=mcutunic@student.unipu.hr ts=1777522579073 status=FACE_DETECTED
2026-05-17 17:43:18,103 [INFO] ANALYZED exam=tQoHDQTrz1iAzcfYrbTF email=mcutunic@student.unipu.hr ts=1777522588084 status=FACE_DETECTED
2026-05-17 17:43:19,229 [INFO] ANALYZED exam=tQoHDQTrz1iAzcfYrbTF email=mcutunic@student.unipu.hr ts=1777522594140 status=FACE_DETECTED
2026-05-17 17:43:20,384 [INFO] ANALYZED exam=tQoHDQTrz1iAzcfYrbTF email=mcutunic@student.unipu.hr ts=1777522600072 status=FACE_DETECTED
2026-05-17 17:43:21,512 [INFO] ANALYZED exam=tQoHDQTrz1iAzcfYrbTF email=mcutunic@student.unipu.hr ts=1777522606033 status=FACE_DETECTED
2026-05-17 17:43:22,632 [INFO] ANALYZED exam=tQoHDQTrz1iAzcfYrbTF email=mcutunic@student.unipu.hr ts=1777522607956 status=FACE_DETECTED
2026-05-17 17:43:23,793 [INFO] ANALYZED exam=tQoHDQTrz1iAzcfYrbTF email=mcutunic@student.unipu.hr ts=1777522616841 status=FACE_DETECTED
2026-05-17 17:43:24,943 [INFO] ANALYZED exam=tQoHDQTrz1iAzcfYrbTF email=mcutunic@student.unipu.hr ts=1777522624925 status=FACE_DETECTED
2026-05-17 17:43:26,100 [INFO] ANALYZED exam=tQoHDQTrz1iAzcfYrbTF email=mcutunic@student.unipu.hr ts=1777522634020 status=FACE_DETECTED
2026-05-17 17:43:27,101 [INFO] ANALYZE_STOP reason=busy processed=27
2026-05-17 17:43:27,247 [INFO] BATCH_WRITE items=27
2026-05-17 17:43:41,391 [INFO] LOAD cpu=2.6% mem=+1.9% req_rate=0.00/min idle=True
2026-05-17 17:43:41,391 [INFO] ANALYZE_BEGIN n_pending=1201
2026-05-17 17:43:42,522 [INFO] ANALYZED exam=tQoHDQTrz1iAzcfYrbTF email=mcutunic@student.unipu.hr ts=1777522640040 status=FACE_DETECTED
2026-05-17 17:43:43,661 [INFO] ANALYZED exam=tQoHDQTrz1iAzcfYrbTF email=mcutunic@student.unipu.hr ts=1777522641929 status=FACE_DETECTED
2026-05-17 17:43:44,663 [INFO] ANALYZE_STOP reason=busy processed=2
2026-05-17 17:43:44,780 [INFO] BATCH_WRITE items=2
2026-05-17 17:43:55,780 [INFO] LOAD cpu=3.8% mem=+2.5% req_rate=0.00/min idle=True
2026-05-17 17:43:55,781 [INFO] ANALYZE_BEGIN n_pending=1199
2026-05-17 17:43:57,112 [INFO] ANALYZED exam=tQoHDQTrz1iAzcfYrbTF email=mcutunic@student.unipu.hr ts=1777522650792 status=FACE_DETECTED
2026-05-17 17:43:58,245 [INFO] ANALYZED exam=tQoHDQTrz1iAzcfYrbTF email=mcutunic@student.unipu.hr ts=1777522655973 status=FACE_DETECTED
2026-05-17 17:43:59,385 [INFO] ANALYZED exam=tQoHDQTrz1iAzcfYrbTF email=mcutunic@student.unipu.hr ts=1777522658988 status=FACE_DETECTED
2026-05-17 17:44:00,544 [INFO] ANALYZED exam=tQoHDQTrz1iAzcfYrbTF email=mcutunic@student.unipu.hr ts=1777522667928 status=FACE_DETECTED
2026-05-17 17:44:01,722 [INFO] ANALYZED exam=tQoHDQTrz1iAzcfYrbTF email=mkruljac@student.unipu.hr ts=1777829578255 status=FACE_DETECTED
2026-05-17 17:44:02,868 [INFO] ANALYZED exam=tQoHDQTrz1iAzcfYrbTF email=mkruljac@student.unipu.hr ts=1777829581816 status=FACE_DETECTED
2026-05-17 17:44:03,991 [INFO] ANALYZED exam=tQoHDQTrz1iAzcfYrbTF email=mkruljac@student.unipu.hr ts=1777829592424 status=FACE_DETECTED
2026-05-17 17:44:05,125 [INFO] ANALYZED exam=tQoHDQTrz1iAzcfYrbTF email=mkruljac@student.unipu.hr ts=1777829600112 status=FACE_DETECTED
2026-05-17 17:44:06,255 [INFO] ANALYZED exam=tQoHDQTrz1iAzcfYrbTF email=mkruljac@student.unipu.hr ts=1777829606814 status=FACE_DETECTED
2026-05-17 17:44:07,395 [INFO] ANALYZED exam=tQoHDQTrz1iAzcfYrbTF email=mkruljac@student.unipu.hr ts=1777829614512 status=FACE_DETECTED
2026-05-17 17:44:08,562 [INFO] ANALYZED exam=tQoHDQTrz1iAzcfYrbTF email=mkruljac@student.unipu.hr ts=1777829616176 status=FACE_DETECTED
2026-05-17 17:44:09,686 [INFO] ANALYZED exam=tQoHDQTrz1iAzcfYrbTF email=mkruljac@student.unipu.hr ts=1777829625704 status=FACE_DETECTED
2026-05-17 17:44:10,817 [INFO] ANALYZED exam=tQoHDQTrz1iAzcfYrbTF email=mkruljac@student.unipu.hr ts=1777829629401 status=FACE_DETECTED
2026-05-17 17:44:11,954 [INFO] ANALYZED exam=tQoHDQTrz1iAzcfYrbTF email=mkruljac@student.unipu.hr ts=1777829635943 status=FACE_DETECTED
2026-05-17 17:44:13,104 [INFO] ANALYZED exam=tQoHDQTrz1iAzcfYrbTF email=mkruljac@student.unipu.hr ts=1777829645665 status=FACE_DETECTED
2026-05-17 17:44:14,232 [INFO] ANALYZED exam=tQoHDQTrz1iAzcfYrbTF email=mkruljac@student.unipu.hr ts=1777829655361 status=FACE_DETECTED
2026-05-17 17:44:15,373 [INFO] ANALYZED exam=tQoHDQTrz1iAzcfYrbTF email=mkruljac@student.unipu.hr ts=1777829666090 status=FACE_DETECTED
2026-05-17 17:44:16,519 [INFO] ANALYZED exam=tQoHDQTrz1iAzcfYrbTF email=mkruljac@student.unipu.hr ts=1777829669785 status=FACE_DETECTED
2026-05-17 17:44:17,638 [INFO] ANALYZED exam=tQoHDQTrz1iAzcfYrbTF email=mkruljac@student.unipu.hr ts=1777829675321 status=FACE_DETECTED
2026-05-17 17:44:18,774 [INFO] ANALYZED exam=tQoHDQTrz1iAzcfYrbTF email=mkruljac@student.unipu.hr ts=1777829684888 status=FACE_DETECTED
2026-05-17 17:44:19,909 [INFO] ANALYZED exam=tQoHDQTrz1iAzcfYrbTF email=mkruljac@student.unipu.hr ts=1777829687585 status=FACE_DETECTED
2026-05-17 17:44:21,031 [INFO] ANALYZED exam=tQoHDQTrz1iAzcfYrbTF email=mkruljac@student.unipu.hr ts=1777829695149 status=FACE_DETECTED
2026-05-17 17:44:22,165 [INFO] ANALYZED exam=tQoHDQTrz1iAzcfYrbTF email=mkruljac@student.unipu.hr ts=1777829697881 status=FACE_DETECTED
2026-05-17 17:44:23,293 [INFO] ANALYZED exam=tQoHDQTrz1iAzcfYrbTF email=mkruljac@student.unipu.hr ts=1777829701417 status=FACE_DETECTED
2026-05-17 17:44:24,420 [INFO] ANALYZED exam=tQoHDQTrz1iAzcfYrbTF email=mkruljac@student.unipu.hr ts=1777829704985 status=FACE_DETECTED
2026-05-17 17:44:25,548 [INFO] ANALYZED exam=tQoHDQTrz1iAzcfYrbTF email=mkruljac@student.unipu.hr ts=1777829708545 status=FACE_DETECTED
2026-05-17 17:44:26,677 [INFO] ANALYZED exam=tQoHDQTrz1iAzcfYrbTF email=mkruljac@student.unipu.hr ts=1777829711073 status=FACE_DETECTED
2026-05-17 17:44:27,797 [INFO] ANALYZED exam=tQoHDQTrz1iAzcfYrbTF email=mkruljac@student.unipu.hr ts=1777829713608 status=FACE_DETECTED
2026-05-17 17:44:28,912 [INFO] ANALYZED exam=tQoHDQTrz1iAzcfYrbTF email=mkruljac@student.unipu.hr ts=1777829722169 status=FACE_DETECTED
2026-05-17 17:44:30,056 [INFO] ANALYZED exam=tQoHDQTrz1iAzcfYrbTF email=mkruljac@student.unipu.hr ts=1777829730865 status=FACE_DETECTED
2026-05-17 17:44:31,191 [INFO] ANALYZED exam=tQoHDQTrz1iAzcfYrbTF email=mkruljac@student.unipu.hr ts=1777829735540 status=FACE_DETECTED
2026-05-17 17:44:32,329 [INFO] ANALYZED exam=tQoHDQTrz1iAzcfYrbTF email=mkruljac@student.unipu.hr ts=1777829737065 status=FACE_DETECTED
2026-05-17 17:44:33,483 [INFO] ANALYZED exam=tQoHDQTrz1iAzcfYrbTF email=mkruljac@student.unipu.hr ts=1777829739600 status=FACE_DETECTED
2026-05-17 17:44:34,613 [INFO] ANALYZED exam=tQoHDQTrz1iAzcfYrbTF email=mkruljac@student.unipu.hr ts=1777829749161 status=FACE_DETECTED
2026-05-17 17:44:35,734 [INFO] ANALYZED exam=tQoHDQTrz1iAzcfYrbTF email=mkruljac@student.unipu.hr ts=1777829759825 status=FACE_DETECTED
2026-05-17 17:44:36,861 [INFO] ANALYZED exam=tQoHDQTrz1iAzcfYrbTF email=mkruljac@student.unipu.hr ts=1777829767482 status=FACE_DETECTED
2026-05-17 17:44:38,023 [INFO] ANALYZED exam=tQoHDQTrz1iAzcfYrbTF email=mkruljac@student.unipu.hr ts=1777829772154 status=FACE_DETECTED
2026-05-17 17:44:39,140 [INFO] ANALYZED exam=tQoHDQTrz1iAzcfYrbTF email=mkruljac@student.unipu.hr ts=1777829779713 status=FACE_DETECTED
2026-05-17 17:44:40,313 [INFO] ANALYZED exam=tQoHDQTrz1iAzcfYrbTF email=mkruljac@student.unipu.hr ts=1777829789417 status=FACE_DETECTED
2026-05-17 17:44:41,440 [INFO] ANALYZED exam=tQoHDQTrz1iAzcfYrbTF email=mkruljac@student.unipu.hr ts=1777829791113 status=FACE_DETECTED
2026-05-17 17:44:42,567 [INFO] ANALYZED exam=tQoHDQTrz1iAzcfYrbTF email=mkruljac@student.unipu.hr ts=1777829797650 status=FACE_DETECTED
2026-05-17 17:44:43,691 [INFO] ANALYZED exam=tQoHDQTrz1iAzcfYrbTF email=mkruljac@student.unipu.hr ts=1777829803338 status=FACE_DETECTED
2026-05-17 17:44:44,831 [INFO] ANALYZED exam=tQoHDQTrz1iAzcfYrbTF email=mkruljac@student.unipu.hr ts=1777829808881 status=FACE_DETECTED
2026-05-17 17:44:45,832 [INFO] ANALYZE_STOP reason=busy processed=43
2026-05-17 17:44:46,010 [INFO] BATCH_WRITE items=43
2026-05-17 17:44:57,011 [INFO] LOAD cpu=1.7% mem=+2.1% req_rate=0.00/min idle=True
2026-05-17 17:44:57,012 [INFO] ANALYZE_BEGIN n_pending=1156
2026-05-17 17:44:58,359 [INFO] ANALYZED exam=tQoHDQTrz1iAzcfYrbTF email=mkruljac@student.unipu.hr ts=1777829814449 status=FACE_DETECTED
2026-05-17 17:44:59,482 [INFO] ANALYZED exam=tQoHDQTrz1iAzcfYrbTF email=mkruljac@student.unipu.hr ts=1777829821009 status=FACE_DETECTED
2026-05-17 17:45:00,616 [INFO] ANALYZED exam=tQoHDQTrz1iAzcfYrbTF email=mkruljac@student.unipu.hr ts=1777829822666 status=FACE_DETECTED
2026-05-17 17:45:01,750 [INFO] ANALYZED exam=tQoHDQTrz1iAzcfYrbTF email=mkruljac@student.unipu.hr ts=1777829828233 status=FACE_DETECTED
2026-05-17 17:45:02,921 [INFO] ANALYZED exam=tQoHDQTrz1iAzcfYrbTF email=mkruljac@student.unipu.hr ts=1777829838768 status=FACE_DETECTED
2026-05-17 17:45:04,059 [INFO] ANALYZED exam=tQoHDQTrz1iAzcfYrbTF email=mkruljac@student.unipu.hr ts=1777829846474 status=FACE_DETECTED
2026-05-17 17:45:05,191 [INFO] ANALYZED exam=tQoHDQTrz1iAzcfYrbTF email=mkruljac@student.unipu.hr ts=1777829852162 status=FACE_DETECTED
2026-05-17 17:45:06,315 [INFO] ANALYZED exam=tQoHDQTrz1iAzcfYrbTF email=mkruljac@student.unipu.hr ts=1777829860722 status=FACE_DETECTED
2026-05-17 17:45:07,461 [INFO] ANALYZED exam=tQoHDQTrz1iAzcfYrbTF email=mkruljac@student.unipu.hr ts=1777829871426 status=FACE_DETECTED
2026-05-17 17:45:08,607 [INFO] ANALYZED exam=tQoHDQTrz1iAzcfYrbTF email=mkruljac@student.unipu.hr ts=1777829875154 status=FACE_DETECTED
2026-05-17 17:45:09,739 [INFO] ANALYZED exam=tQoHDQTrz1iAzcfYrbTF email=mkruljac@student.unipu.hr ts=1777829876683 status=FACE_DETECTED
2026-05-17 17:45:10,890 [INFO] ANALYZED exam=tQoHDQTrz1iAzcfYrbTF email=mkruljac@student.unipu.hr ts=1777829882258 status=FACE_DETECTED
2026-05-17 17:45:11,890 [INFO] ANALYZE_STOP reason=busy processed=12
2026-05-17 17:45:12,029 [INFO] BATCH_WRITE items=12
2026-05-17 17:45:23,030 [INFO] LOAD cpu=4.0% mem=+2.9% req_rate=0.00/min idle=True
2026-05-17 17:45:23,031 [INFO] ANALYZE_BEGIN n_pending=1144
2026-05-17 17:45:24,359 [INFO] ANALYZED exam=tQoHDQTrz1iAzcfYrbTF email=mkruljac@student.unipu.hr ts=1777829886786 status=FACE_DETECTED
2026-05-17 17:45:25,490 [INFO] ANALYZED exam=tQoHDQTrz1iAzcfYrbTF email=mkruljac@student.unipu.hr ts=1777829897314 status=FACE_DETECTED
2026-05-17 17:45:26,621 [INFO] ANALYZED exam=tQoHDQTrz1iAzcfYrbTF email=mkruljac@student.unipu.hr ts=1777829899010 status=FACE_DETECTED
2026-05-17 17:45:27,729 [INFO] ANALYZED exam=tQoHDQTrz1iAzcfYrbTF email=mlovric@student.unipu.hr ts=1777385226309 status=NO_FACE_DETECTED
2026-05-17 17:45:28,840 [INFO] ANALYZED exam=tQoHDQTrz1iAzcfYrbTF email=mlovric@student.unipu.hr ts=1777385227223 status=NO_FACE_DETECTED
2026-05-17 17:45:29,956 [INFO] ANALYZED exam=tQoHDQTrz1iAzcfYrbTF email=mlovric@student.unipu.hr ts=1777385237730 status=NO_FACE_DETECTED
2026-05-17 17:45:31,070 [INFO] ANALYZED exam=tQoHDQTrz1iAzcfYrbTF email=mlovric@student.unipu.hr ts=1777385244582 status=NO_FACE_DETECTED
2026-05-17 17:45:32,183 [INFO] ANALYZED exam=tQoHDQTrz1iAzcfYrbTF email=mlovric@student.unipu.hr ts=1777385250311 status=NO_FACE_DETECTED
2026-05-17 17:45:33,295 [INFO] ANALYZED exam=tQoHDQTrz1iAzcfYrbTF email=mlovric@student.unipu.hr ts=1777385255935 status=NO_FACE_DETECTED
2026-05-17 17:45:34,409 [INFO] ANALYZED exam=tQoHDQTrz1iAzcfYrbTF email=mlovric@student.unipu.hr ts=1777385259475 status=NO_FACE_DETECTED
2026-05-17 17:45:35,522 [INFO] ANALYZED exam=tQoHDQTrz1iAzcfYrbTF email=mlovric@student.unipu.hr ts=1777385266040 status=NO_FACE_DETECTED
2026-05-17 17:45:36,633 [INFO] ANALYZED exam=tQoHDQTrz1iAzcfYrbTF email=mlovric@student.unipu.hr ts=1777385271046 status=NO_FACE_DETECTED
2026-05-17 17:45:37,743 [INFO] ANALYZED exam=tQoHDQTrz1iAzcfYrbTF email=mlovric@student.unipu.hr ts=1777385279579 status=NO_FACE_DETECTED
2026-05-17 17:45:38,856 [INFO] ANALYZED exam=tQoHDQTrz1iAzcfYrbTF email=mlovric@student.unipu.hr ts=1777385287351 status=NO_FACE_DETECTED
2026-05-17 17:45:39,965 [INFO] ANALYZED exam=tQoHDQTrz1iAzcfYrbTF email=mlovric@student.unipu.hr ts=1777385293109 status=NO_FACE_DETECTED
2026-05-17 17:45:41,079 [INFO] ANALYZED exam=tQoHDQTrz1iAzcfYrbTF email=mlovric@student.unipu.hr ts=1777385298742 status=NO_FACE_DETECTED
2026-05-17 17:45:42,188 [INFO] ANALYZED exam=tQoHDQTrz1iAzcfYrbTF email=mlovric@student.unipu.hr ts=1777385305384 status=NO_FACE_DETECTED
2026-05-17 17:45:43,297 [INFO] ANALYZED exam=tQoHDQTrz1iAzcfYrbTF email=mlovric@student.unipu.hr ts=1777385308106 status=NO_FACE_DETECTED
2026-05-17 17:45:44,411 [INFO] ANALYZED exam=tQoHDQTrz1iAzcfYrbTF email=mlovric@student.unipu.hr ts=1777385311709 status=NO_FACE_DETECTED
2026-05-17 17:45:45,523 [INFO] ANALYZED exam=tQoHDQTrz1iAzcfYrbTF email=mlovric@student.unipu.hr ts=1777385313285 status=NO_FACE_DETECTED
2026-05-17 17:45:46,652 [INFO] ANALYZED exam=tQoHDQTrz1iAzcfYrbTF email=mlovric@student.unipu.hr ts=1777385321814 status=NO_FACE_DETECTED
2026-05-17 17:45:47,763 [INFO] ANALYZED exam=tQoHDQTrz1iAzcfYrbTF email=mlovric@student.unipu.hr ts=1777385327583 status=NO_FACE_DETECTED
2026-05-17 17:45:48,876 [INFO] ANALYZED exam=tQoHDQTrz1iAzcfYrbTF email=mlovric@student.unipu.hr ts=1777385338288 status=NO_FACE_DETECTED
2026-05-17 17:45:49,991 [INFO] ANALYZED exam=tQoHDQTrz1iAzcfYrbTF email=mlovric@student.unipu.hr ts=1777385347315 status=NO_FACE_DETECTED
2026-05-17 17:45:51,100 [INFO] ANALYZED exam=tQoHDQTrz1iAzcfYrbTF email=mlovric@student.unipu.hr ts=1777385351450 status=NO_FACE_DETECTED
2026-05-17 17:45:52,214 [INFO] ANALYZED exam=tQoHDQTrz1iAzcfYrbTF email=mlovric@student.unipu.hr ts=1777385353012 status=NO_FACE_DETECTED
2026-05-17 17:45:53,322 [INFO] ANALYZED exam=tQoHDQTrz1iAzcfYrbTF email=mlovric@student.unipu.hr ts=1777385358552 status=NO_FACE_DETECTED
2026-05-17 17:45:54,435 [INFO] ANALYZED exam=tQoHDQTrz1iAzcfYrbTF email=mlovric@student.unipu.hr ts=1777385367184 status=NO_FACE_DETECTED
2026-05-17 17:45:55,549 [INFO] ANALYZED exam=tQoHDQTrz1iAzcfYrbTF email=mlovric@student.unipu.hr ts=1777385374113 status=NO_FACE_DETECTED
2026-05-17 17:45:56,663 [INFO] ANALYZED exam=tQoHDQTrz1iAzcfYrbTF email=mlovric@student.unipu.hr ts=1777385377839 status=NO_FACE_DETECTED
2026-05-17 17:45:57,778 [INFO] ANALYZED exam=tQoHDQTrz1iAzcfYrbTF email=mlovric@student.unipu.hr ts=1777385380454 status=NO_FACE_DETECTED
2026-05-17 17:45:58,891 [INFO] ANALYZED exam=tQoHDQTrz1iAzcfYrbTF email=mlovric@student.unipu.hr ts=1777385383115 status=NO_FACE_DETECTED
2026-05-17 17:46:00,003 [INFO] ANALYZED exam=tQoHDQTrz1iAzcfYrbTF email=mlovric@student.unipu.hr ts=1777385386779 status=NO_FACE_DETECTED
2026-05-17 17:46:01,113 [INFO] ANALYZED exam=tQoHDQTrz1iAzcfYrbTF email=mlovric@student.unipu.hr ts=1777385389418 status=NO_FACE_DETECTED
2026-05-17 17:46:02,221 [INFO] ANALYZED exam=tQoHDQTrz1iAzcfYrbTF email=mlovric@student.unipu.hr ts=1777385399013 status=NO_FACE_DETECTED
2026-05-17 17:46:03,333 [INFO] ANALYZED exam=tQoHDQTrz1iAzcfYrbTF email=mlovric@student.unipu.hr ts=1777385409845 status=NO_FACE_DETECTED
2026-05-17 17:46:04,443 [INFO] ANALYZED exam=tQoHDQTrz1iAzcfYrbTF email=mlovric@student.unipu.hr ts=1777385417839 status=NO_FACE_DETECTED
2026-05-17 17:46:05,556 [INFO] ANALYZED exam=tQoHDQTrz1iAzcfYrbTF email=mlovric@student.unipu.hr ts=1777385427974 status=NO_FACE_DETECTED
2026-05-17 17:46:06,668 [INFO] ANALYZED exam=tQoHDQTrz1iAzcfYrbTF email=mlovric@student.unipu.hr ts=1777385432915 status=NO_FACE_DETECTED
2026-05-17 17:46:07,780 [INFO] ANALYZED exam=tQoHDQTrz1iAzcfYrbTF email=mlovric@student.unipu.hr ts=1777385434548 status=NO_FACE_DETECTED
2026-05-17 17:46:08,895 [INFO] ANALYZED exam=tQoHDQTrz1iAzcfYrbTF email=mlovric@student.unipu.hr ts=1777385443179 status=NO_FACE_DETECTED
2026-05-17 17:46:10,007 [INFO] ANALYZED exam=tQoHDQTrz1iAzcfYrbTF email=mlovric@student.unipu.hr ts=1777385454082 status=NO_FACE_DETECTED
2026-05-17 17:46:11,007 [INFO] ANALYZE_STOP reason=busy processed=42
2026-05-17 17:46:11,178 [INFO] BATCH_WRITE items=42
2026-05-17 17:46:22,179 [INFO] LOAD cpu=1.4% mem=+2.8% req_rate=0.00/min idle=True
2026-05-17 17:46:22,179 [INFO] ANALYZE_BEGIN n_pending=1102
2026-05-17 17:46:23,449 [INFO] ANALYZED exam=tQoHDQTrz1iAzcfYrbTF email=mlovric@student.unipu.hr ts=1777385462949 status=NO_FACE_DETECTED
2026-05-17 17:46:24,562 [INFO] ANALYZED exam=tQoHDQTrz1iAzcfYrbTF email=mlovric@student.unipu.hr ts=1777385470243 status=NO_FACE_DETECTED
2026-05-17 17:46:25,679 [INFO] ANALYZED exam=tQoHDQTrz1iAzcfYrbTF email=mlovric@student.unipu.hr ts=1777385473090 status=NO_FACE_DETECTED
2026-05-17 17:46:26,792 [INFO] ANALYZED exam=tQoHDQTrz1iAzcfYrbTF email=mlovric@student.unipu.hr ts=1777385481682 status=NO_FACE_DETECTED
2026-05-17 17:46:27,907 [INFO] ANALYZED exam=tQoHDQTrz1iAzcfYrbTF email=mlovric@student.unipu.hr ts=1777385485482 status=NO_FACE_DETECTED
2026-05-17 17:46:29,022 [INFO] ANALYZED exam=tQoHDQTrz1iAzcfYrbTF email=mlovric@student.unipu.hr ts=1777385493174 status=NO_FACE_DETECTED
2026-05-17 17:46:30,136 [INFO] ANALYZED exam=tQoHDQTrz1iAzcfYrbTF email=mlovric@student.unipu.hr ts=1777385497146 status=NO_FACE_DETECTED
2026-05-17 17:46:31,248 [INFO] ANALYZED exam=tQoHDQTrz1iAzcfYrbTF email=mlovric@student.unipu.hr ts=1777385506750 status=NO_FACE_DETECTED
2026-05-17 17:46:32,364 [INFO] ANALYZED exam=tQoHDQTrz1iAzcfYrbTF email=mlovric@student.unipu.hr ts=1777385516479 status=NO_FACE_DETECTED
2026-05-17 17:46:33,364 [INFO] ANALYZE_STOP reason=busy processed=9
2026-05-17 17:46:33,485 [INFO] BATCH_WRITE items=9
2026-05-17 17:46:44,486 [INFO] LOAD cpu=1.3% mem=+2.3% req_rate=0.00/min idle=True
2026-05-17 17:46:44,486 [INFO] ANALYZE_BEGIN n_pending=1093
2026-05-17 17:46:45,739 [INFO] ANALYZED exam=tQoHDQTrz1iAzcfYrbTF email=mlovric@student.unipu.hr ts=1777385526314 status=NO_FACE_DETECTED
2026-05-17 17:46:46,858 [INFO] ANALYZED exam=tQoHDQTrz1iAzcfYrbTF email=mlovric@student.unipu.hr ts=1777385533098 status=NO_FACE_DETECTED
2026-05-17 17:46:47,971 [INFO] ANALYZED exam=tQoHDQTrz1iAzcfYrbTF email=mlovric@student.unipu.hr ts=1777385534921 status=NO_FACE_DETECTED
2026-05-17 17:46:49,084 [INFO] ANALYZED exam=tQoHDQTrz1iAzcfYrbTF email=mlovric@student.unipu.hr ts=1777385544523 status=NO_FACE_DETECTED
2026-05-17 17:46:50,196 [INFO] ANALYZED exam=tQoHDQTrz1iAzcfYrbTF email=mlovric@student.unipu.hr ts=1777385554415 status=NO_FACE_DETECTED
2026-05-17 17:46:51,308 [INFO] ANALYZED exam=tQoHDQTrz1iAzcfYrbTF email=mlovric@student.unipu.hr ts=1777385565281 status=NO_FACE_DETECTED
2026-05-17 17:46:52,466 [INFO] ANALYZED exam=tQoHDQTrz1iAzcfYrbTF email=mlovric@student.unipu.hr ts=1777385568070 status=NO_FACE_DETECTED
2026-05-17 17:46:53,580 [INFO] ANALYZED exam=tQoHDQTrz1iAzcfYrbTF email=mlovric@student.unipu.hr ts=1777385569709 status=NO_FACE_DETECTED
2026-05-17 17:46:54,693 [INFO] ANALYZED exam=tQoHDQTrz1iAzcfYrbTF email=mlovric@student.unipu.hr ts=1777385574347 status=NO_FACE_DETECTED
2026-05-17 17:46:55,805 [INFO] ANALYZED exam=tQoHDQTrz1iAzcfYrbTF email=mlovric@student.unipu.hr ts=1777385575946 status=NO_FACE_DETECTED
2026-05-17 17:46:56,917 [INFO] ANALYZED exam=tQoHDQTrz1iAzcfYrbTF email=mlovric@student.unipu.hr ts=1777385577579 status=NO_FACE_DETECTED
2026-05-17 17:46:58,030 [INFO] ANALYZED exam=tQoHDQTrz1iAzcfYrbTF email=mlovric@student.unipu.hr ts=1777385585206 status=NO_FACE_DETECTED
2026-05-17 17:46:59,147 [INFO] ANALYZED exam=tQoHDQTrz1iAzcfYrbTF email=mlovric@student.unipu.hr ts=1777385592011 status=NO_FACE_DETECTED
2026-05-17 17:47:00,259 [INFO] ANALYZED exam=tQoHDQTrz1iAzcfYrbTF email=mlovric@student.unipu.hr ts=1777385601919 status=NO_FACE_DETECTED
2026-05-17 17:47:01,372 [INFO] ANALYZED exam=tQoHDQTrz1iAzcfYrbTF email=mlovric@student.unipu.hr ts=1777385603818 status=NO_FACE_DETECTED
2026-05-17 17:47:02,482 [INFO] ANALYZED exam=tQoHDQTrz1iAzcfYrbTF email=mlovric@student.unipu.hr ts=1777385611444 status=NO_FACE_DETECTED
2026-05-17 17:47:03,593 [INFO] ANALYZED exam=tQoHDQTrz1iAzcfYrbTF email=mlovric@student.unipu.hr ts=1777385614207 status=NO_FACE_DETECTED
2026-05-17 17:47:04,707 [INFO] ANALYZED exam=tQoHDQTrz1iAzcfYrbTF email=mlovric@student.unipu.hr ts=1777385621783 status=NO_FACE_DETECTED
2026-05-17 17:47:05,818 [INFO] ANALYZED exam=tQoHDQTrz1iAzcfYrbTF email=mlovric@student.unipu.hr ts=1777385627582 status=NO_FACE_DETECTED
2026-05-17 17:47:06,930 [INFO] ANALYZED exam=tQoHDQTrz1iAzcfYrbTF email=mlovric@student.unipu.hr ts=1777385635207 status=NO_FACE_DETECTED
2026-05-17 17:47:08,060 [INFO] ANALYZED exam=tQoHDQTrz1iAzcfYrbTF email=mmijatovi@student.unipu.hr ts=1777657713366 status=FACE_DETECTED
2026-05-17 17:47:09,180 [INFO] ANALYZED exam=tQoHDQTrz1iAzcfYrbTF email=mmijatovi@student.unipu.hr ts=1777657723321 status=FACE_DETECTED
2026-05-17 17:47:10,311 [INFO] ANALYZED exam=tQoHDQTrz1iAzcfYrbTF email=mmijatovi@student.unipu.hr ts=1777657728010 status=FACE_DETECTED
2026-05-17 17:47:11,464 [INFO] ANALYZED exam=tQoHDQTrz1iAzcfYrbTF email=mmijatovi@student.unipu.hr ts=1777657737597 status=FACE_DETECTED
2026-05-17 17:47:12,600 [INFO] ANALYZED exam=tQoHDQTrz1iAzcfYrbTF email=mmijatovi@student.unipu.hr ts=1777657740317 status=FACE_DETECTED
2026-05-17 17:47:13,743 [INFO] ANALYZED exam=tQoHDQTrz1iAzcfYrbTF email=mmijatovi@student.unipu.hr ts=1777657746885 status=FACE_DETECTED
2026-05-17 17:47:14,860 [INFO] ANALYZED exam=tQoHDQTrz1iAzcfYrbTF email=mmijatovi@student.unipu.hr ts=1777657755601 status=FACE_DETECTED
2026-05-17 17:47:16,018 [INFO] ANALYZED exam=tQoHDQTrz1iAzcfYrbTF email=mmijatovi@student.unipu.hr ts=1777657764293 status=FACE_DETECTED
2026-05-17 17:47:17,145 [INFO] ANALYZED exam=tQoHDQTrz1iAzcfYrbTF email=mmijatovi@student.unipu.hr ts=1777657770983 status=FACE_DETECTED
2026-05-17 17:47:18,268 [INFO] ANALYZED exam=tQoHDQTrz1iAzcfYrbTF email=mmijatovi@student.unipu.hr ts=1777657778694 status=FACE_DETECTED
2026-05-17 17:47:19,416 [INFO] ANALYZED exam=tQoHDQTrz1iAzcfYrbTF email=mmijatovi@student.unipu.hr ts=1777657788388 status=FACE_DETECTED
2026-05-17 17:47:20,546 [INFO] ANALYZED exam=tQoHDQTrz1iAzcfYrbTF email=mmijatovi@student.unipu.hr ts=1777657792159 status=FACE_DETECTED
2026-05-17 17:47:21,690 [INFO] ANALYZED exam=tQoHDQTrz1iAzcfYrbTF email=mmijatovi@student.unipu.hr ts=1777657799761 status=FACE_DETECTED
2026-05-17 17:47:22,804 [INFO] ANALYZED exam=tQoHDQTrz1iAzcfYrbTF email=mmijatovi@student.unipu.hr ts=1777657803462 status=FACE_DETECTED
2026-05-17 17:47:23,965 [INFO] ANALYZED exam=tQoHDQTrz1iAzcfYrbTF email=mmijatovi@student.unipu.hr ts=1777657809036 status=FACE_DETECTED
2026-05-17 17:47:25,121 [INFO] ANALYZED exam=tQoHDQTrz1iAzcfYrbTF email=mmijatovi@student.unipu.hr ts=1777657816602 status=FACE_DETECTED
2026-05-17 17:47:26,284 [INFO] ANALYZED exam=tQoHDQTrz1iAzcfYrbTF email=mmijatovi@student.unipu.hr ts=1777657818351 status=FACE_DETECTED
2026-05-17 17:47:27,404 [INFO] ANALYZED exam=tQoHDQTrz1iAzcfYrbTF email=mmijatovi@student.unipu.hr ts=1777657820919 status=FACE_DETECTED
2026-05-17 17:47:28,541 [INFO] ANALYZED exam=tQoHDQTrz1iAzcfYrbTF email=mmijatovi@student.unipu.hr ts=1777657826492 status=FACE_DETECTED
2026-05-17 17:47:29,672 [INFO] ANALYZED exam=tQoHDQTrz1iAzcfYrbTF email=mmijatovi@student.unipu.hr ts=1777657829065 status=FACE_DETECTED
2026-05-17 17:47:30,797 [INFO] ANALYZED exam=tQoHDQTrz1iAzcfYrbTF email=mmijatovi@student.unipu.hr ts=1777657834631 status=FACE_DETECTED
2026-05-17 17:47:31,918 [INFO] ANALYZED exam=tQoHDQTrz1iAzcfYrbTF email=mmijatovi@student.unipu.hr ts=1777657841211 status=FACE_DETECTED
2026-05-17 17:47:33,045 [INFO] ANALYZED exam=tQoHDQTrz1iAzcfYrbTF email=mmijatovi@student.unipu.hr ts=1777657843869 status=FACE_DETECTED
2026-05-17 17:47:34,169 [INFO] ANALYZED exam=tQoHDQTrz1iAzcfYrbTF email=mmijatovi@student.unipu.hr ts=1777657849452 status=FACE_DETECTED
2026-05-17 17:47:35,307 [INFO] ANALYZED exam=tQoHDQTrz1iAzcfYrbTF email=mmijatovi@student.unipu.hr ts=1777657858029 status=FACE_DETECTED
2026-05-17 17:47:36,308 [INFO] ANALYZE_STOP reason=busy processed=45
2026-05-17 17:47:36,483 [INFO] BATCH_WRITE items=45
2026-05-17 17:47:50,423 [INFO] LOAD cpu=6.6% mem=+3.4% req_rate=0.00/min idle=True
2026-05-17 17:47:50,424 [INFO] ANALYZE_BEGIN n_pending=1048
2026-05-17 17:47:51,574 [INFO] ANALYZED exam=tQoHDQTrz1iAzcfYrbTF email=mmijatovi@student.unipu.hr ts=1777657859740 status=FACE_DETECTED
2026-05-17 17:47:52,704 [INFO] ANALYZED exam=tQoHDQTrz1iAzcfYrbTF email=mmijatovi@student.unipu.hr ts=1777657861319 status=FACE_DETECTED
2026-05-17 17:47:53,846 [INFO] ANALYZED exam=tQoHDQTrz1iAzcfYrbTF email=mmijatovi@student.unipu.hr ts=1777657867895 status=FACE_DETECTED
2026-05-17 17:47:55,012 [INFO] ANALYZED exam=tQoHDQTrz1iAzcfYrbTF email=mmijatovi@student.unipu.hr ts=1777657870617 status=FACE_DETECTED
2026-05-17 17:47:56,160 [INFO] ANALYZED exam=tQoHDQTrz1iAzcfYrbTF email=mmijatovi@student.unipu.hr ts=1777657874286 status=FACE_DETECTED
2026-05-17 17:47:57,283 [INFO] ANALYZED exam=tQoHDQTrz1iAzcfYrbTF email=mmijatovi@student.unipu.hr ts=1777657878926 status=FACE_DETECTED
2026-05-17 17:47:58,418 [INFO] ANALYZED exam=tQoHDQTrz1iAzcfYrbTF email=mmijatovi@student.unipu.hr ts=1777657881501 status=FACE_DETECTED
2026-05-17 17:47:59,543 [INFO] ANALYZED exam=tQoHDQTrz1iAzcfYrbTF email=mmijatovi@student.unipu.hr ts=1777657888075 status=FACE_DETECTED
2026-05-17 17:48:00,668 [INFO] ANALYZED exam=tQoHDQTrz1iAzcfYrbTF email=mmijatovi@student.unipu.hr ts=1777657892831 status=FACE_DETECTED
2026-05-17 17:48:01,807 [INFO] ANALYZED exam=tQoHDQTrz1iAzcfYrbTF email=mmijatovi@student.unipu.hr ts=1777657901414 status=FACE_DETECTED
2026-05-17 17:48:02,946 [INFO] ANALYZED exam=tQoHDQTrz1iAzcfYrbTF email=mmijatovi@student.unipu.hr ts=1777657911134 status=FACE_DETECTED
2026-05-17 17:48:04,078 [INFO] ANALYZED exam=tQoHDQTrz1iAzcfYrbTF email=mmijatovi@student.unipu.hr ts=1777657914852 status=FACE_DETECTED
2026-05-17 17:48:05,211 [INFO] ANALYZED exam=tQoHDQTrz1iAzcfYrbTF email=mmijatovi@student.unipu.hr ts=1777657918433 status=FACE_DETECTED
2026-05-17 17:48:06,338 [INFO] ANALYZED exam=tQoHDQTrz1iAzcfYrbTF email=mmijatovi@student.unipu.hr ts=1777657921002 status=FACE_DETECTED
2026-05-17 17:48:07,484 [INFO] ANALYZED exam=tQoHDQTrz1iAzcfYrbTF email=mmijatovi@student.unipu.hr ts=1777657926732 status=FACE_DETECTED
2026-05-17 17:48:08,627 [INFO] ANALYZED exam=tQoHDQTrz1iAzcfYrbTF email=mmijatovi@student.unipu.hr ts=1777657931413 status=FACE_DETECTED
2026-05-17 17:48:09,766 [INFO] ANALYZED exam=tQoHDQTrz1iAzcfYrbTF email=mmijatovi@student.unipu.hr ts=1777657940041 status=FACE_DETECTED
2026-05-17 17:48:10,767 [INFO] ANALYZE_STOP reason=busy processed=17
2026-05-17 17:48:10,889 [INFO] BATCH_WRITE items=17
2026-05-17 17:48:21,890 [INFO] LOAD cpu=9.3% mem=+2.2% req_rate=53.94/min idle=False
2026-05-17 17:48:32,891 [INFO] LOAD cpu=3.3% mem=+2.0% req_rate=0.00/min idle=True
2026-05-17 17:48:32,891 [INFO] ANALYZE_BEGIN n_pending=1031
2026-05-17 17:48:34,204 [INFO] ANALYZED exam=tQoHDQTrz1iAzcfYrbTF email=mmijatovi@student.unipu.hr ts=1777657947822 status=FACE_DETECTED
2026-05-17 17:48:35,332 [INFO] ANALYZED exam=tQoHDQTrz1iAzcfYrbTF email=mmijatovi@student.unipu.hr ts=1777657958618 status=FACE_DETECTED
2026-05-17 17:48:36,456 [INFO] ANALYZED exam=tQoHDQTrz1iAzcfYrbTF email=mmijatovi@student.unipu.hr ts=1777657966376 status=FACE_DETECTED
2026-05-17 17:48:37,579 [INFO] ANALYZED exam=tQoHDQTrz1iAzcfYrbTF email=mmijatovi@student.unipu.hr ts=1777657971165 status=FACE_DETECTED
2026-05-17 17:48:38,719 [INFO] ANALYZED exam=tQoHDQTrz1iAzcfYrbTF email=mmijatovi@student.unipu.hr ts=1777657979798 status=FACE_DETECTED
2026-05-17 17:48:39,847 [INFO] ANALYZED exam=tQoHDQTrz1iAzcfYrbTF email=mmijatovi@student.unipu.hr ts=1777657982556 status=FACE_DETECTED
2026-05-17 17:48:41,008 [INFO] ANALYZED exam=tQoHDQTrz1iAzcfYrbTF email=mmijatovi@student.unipu.hr ts=1777657989229 status=FACE_DETECTED
2026-05-17 17:48:42,126 [INFO] ANALYZED exam=tQoHDQTrz1iAzcfYrbTF email=mmijatovi@student.unipu.hr ts=1777657998017 status=FACE_DETECTED
2026-05-17 17:48:43,267 [INFO] ANALYZED exam=tQoHDQTrz1iAzcfYrbTF email=mmijatovi@student.unipu.hr ts=1777658006782 status=FACE_DETECTED
2026-05-17 17:48:44,389 [INFO] ANALYZED exam=tQoHDQTrz1iAzcfYrbTF email=mmijatovi@student.unipu.hr ts=1777658013553 status=FACE_DETECTED
2026-05-17 17:48:45,506 [INFO] ANALYZED exam=tQoHDQTrz1iAzcfYrbTF email=mmijatovi@student.unipu.hr ts=1777658024271 status=FACE_DETECTED
2026-05-17 17:48:46,659 [INFO] ANALYZED exam=tQoHDQTrz1iAzcfYrbTF email=mmijatovi@student.unipu.hr ts=1777658031009 status=FACE_DETECTED
2026-05-17 17:48:47,802 [INFO] ANALYZED exam=tQoHDQTrz1iAzcfYrbTF email=mmijatovi@student.unipu.hr ts=1777658038765 status=FACE_DETECTED
2026-05-17 17:48:48,917 [INFO] ANALYZED exam=tQoHDQTrz1iAzcfYrbTF email=mmijatovi@student.unipu.hr ts=1777658047526 status=NO_FACE_DETECTED
2026-05-17 17:48:49,918 [INFO] ANALYZE_STOP reason=busy processed=14
2026-05-17 17:48:50,051 [INFO] BATCH_WRITE items=14
2026-05-17 17:49:01,052 [INFO] LOAD cpu=8.3% mem=+1.1% req_rate=0.00/min idle=True
2026-05-17 17:49:01,052 [INFO] ANALYZE_BEGIN n_pending=1017
2026-05-17 17:49:02,346 [INFO] ANALYZED exam=tQoHDQTrz1iAzcfYrbTF email=mmijatovi@student.unipu.hr ts=1777658052266 status=FACE_DETECTED
2026-05-17 17:49:03,467 [INFO] ANALYZED exam=tQoHDQTrz1iAzcfYrbTF email=mmijatovi@student.unipu.hr ts=1777658053877 status=FACE_DETECTED
2026-05-17 17:49:04,594 [INFO] ANALYZED exam=tQoHDQTrz1iAzcfYrbTF email=mmijatovi@student.unipu.hr ts=1777658064499 status=FACE_DETECTED
2026-05-17 17:49:05,733 [INFO] ANALYZED exam=tQoHDQTrz1iAzcfYrbTF email=mmijatovi@student.unipu.hr ts=1777658075259 status=FACE_DETECTED
2026-05-17 17:49:06,847 [INFO] ANALYZED exam=tQoHDQTrz1iAzcfYrbTF email=mmijatovi@student.unipu.hr ts=1777658078002 status=FACE_DETECTED
2026-05-17 17:49:08,009 [INFO] ANALYZED exam=tQoHDQTrz1iAzcfYrbTF email=mmijatovi@student.unipu.hr ts=1777658082620 status=FACE_DETECTED
2026-05-17 17:49:09,134 [INFO] ANALYZED exam=tQoHDQTrz1iAzcfYrbTF email=mmijatovi@student.unipu.hr ts=1777658086250 status=FACE_DETECTED
2026-05-17 17:49:10,262 [INFO] ANALYZED exam=tQoHDQTrz1iAzcfYrbTF email=mmijatovi@student.unipu.hr ts=1777658095909 status=FACE_DETECTED
2026-05-17 17:49:11,399 [INFO] ANALYZED exam=tQoHDQTrz1iAzcfYrbTF email=mmijatovi@student.unipu.hr ts=1777658106673 status=FACE_DETECTED
2026-05-17 17:49:12,528 [INFO] ANALYZED exam=tQoHDQTrz1iAzcfYrbTF email=mmijatovi@student.unipu.hr ts=1777658116424 status=FACE_DETECTED
2026-05-17 17:49:13,657 [INFO] ANALYZED exam=tQoHDQTrz1iAzcfYrbTF email=mmijatovi@student.unipu.hr ts=1777658122171 status=FACE_DETECTED
2026-05-17 17:49:14,793 [INFO] ANALYZED exam=tQoHDQTrz1iAzcfYrbTF email=mmijatovi@student.unipu.hr ts=1777658130812 status=FACE_DETECTED
2026-05-17 17:49:15,945 [INFO] ANALYZED exam=tQoHDQTrz1iAzcfYrbTF email=mmijatovi@student.unipu.hr ts=1777658134542 status=FACE_DETECTED
2026-05-17 17:49:17,072 [INFO] ANALYZED exam=tQoHDQTrz1iAzcfYrbTF email=mmijatovi@student.unipu.hr ts=1777658141165 status=FACE_DETECTED
2026-05-17 17:49:18,200 [INFO] ANALYZED exam=tQoHDQTrz1iAzcfYrbTF email=mmijatovi@student.unipu.hr ts=1777658148923 status=FACE_DETECTED
2026-05-17 17:49:19,327 [INFO] ANALYZED exam=tQoHDQTrz1iAzcfYrbTF email=mmijatovi@student.unipu.hr ts=1777658152682 status=FACE_DETECTED
2026-05-17 17:49:20,446 [INFO] ANALYZED exam=tQoHDQTrz1iAzcfYrbTF email=mmijatovi@student.unipu.hr ts=1777658160296 status=FACE_DETECTED
2026-05-17 17:49:21,574 [INFO] ANALYZED exam=tQoHDQTrz1iAzcfYrbTF email=mmijatovi@student.unipu.hr ts=1777658163068 status=FACE_DETECTED
2026-05-17 17:49:22,706 [INFO] ANALYZED exam=tQoHDQTrz1iAzcfYrbTF email=mmijatovi@student.unipu.hr ts=1777658172698 status=FACE_DETECTED
2026-05-17 17:49:23,830 [INFO] ANALYZED exam=tQoHDQTrz1iAzcfYrbTF email=mmijatovi@student.unipu.hr ts=1777658176412 status=FACE_DETECTED
2026-05-17 17:49:24,968 [INFO] ANALYZED exam=tQoHDQTrz1iAzcfYrbTF email=mmijatovi@student.unipu.hr ts=1777658178068 status=FACE_DETECTED
2026-05-17 17:49:26,113 [INFO] ANALYZED exam=tQoHDQTrz1iAzcfYrbTF email=mmijatovi@student.unipu.hr ts=1777658185697 status=FACE_DETECTED
2026-05-17 17:49:27,241 [INFO] ANALYZED exam=tQoHDQTrz1iAzcfYrbTF email=mmijatovi@student.unipu.hr ts=1777658195479 status=FACE_DETECTED
2026-05-17 17:49:28,372 [INFO] ANALYZED exam=tQoHDQTrz1iAzcfYrbTF email=mmijatovi@student.unipu.hr ts=1777658204234 status=FACE_DETECTED
2026-05-17 17:49:29,527 [INFO] ANALYZED exam=tQoHDQTrz1iAzcfYrbTF email=mmijatovi@student.unipu.hr ts=1777658212995 status=FACE_DETECTED
2026-05-17 17:49:30,669 [INFO] ANALYZED exam=tQoHDQTrz1iAzcfYrbTF email=mmijatovi@student.unipu.hr ts=1777658223736 status=FACE_DETECTED
2026-05-17 17:49:31,809 [INFO] ANALYZED exam=tQoHDQTrz1iAzcfYrbTF email=mmijatovi@student.unipu.hr ts=1777658228542 status=FACE_DETECTED
2026-05-17 17:49:32,954 [INFO] ANALYZED exam=tQoHDQTrz1iAzcfYrbTF email=mmijatovi@student.unipu.hr ts=1777658238171 status=FACE_DETECTED
2026-05-17 17:49:34,083 [INFO] ANALYZED exam=tQoHDQTrz1iAzcfYrbTF email=mmijatovi@student.unipu.hr ts=1777658244943 status=FACE_DETECTED
2026-05-17 17:49:35,210 [INFO] ANALYZED exam=tQoHDQTrz1iAzcfYrbTF email=mmijatovi@student.unipu.hr ts=1777658247718 status=FACE_DETECTED
2026-05-17 17:49:36,344 [INFO] ANALYZED exam=tQoHDQTrz1iAzcfYrbTF email=mmijatovi@student.unipu.hr ts=1777658251354 status=FACE_DETECTED
2026-05-17 17:49:37,474 [INFO] ANALYZED exam=tQoHDQTrz1iAzcfYrbTF email=mmijatovi@student.unipu.hr ts=1777658254968 status=FACE_DETECTED
2026-05-17 17:49:38,599 [INFO] ANALYZED exam=tQoHDQTrz1iAzcfYrbTF email=mmijatovi@student.unipu.hr ts=1777658264605 status=FACE_DETECTED
2026-05-17 17:49:39,709 [INFO] ANALYZED exam=tQoHDQTrz1iAzcfYrbTF email=mmijatovi@student.unipu.hr ts=1777658275301 status=NO_FACE_DETECTED
2026-05-17 17:49:40,838 [INFO] ANALYZED exam=tQoHDQTrz1iAzcfYrbTF email=mmijatovi@student.unipu.hr ts=1777658281036 status=FACE_DETECTED
2026-05-17 17:49:41,961 [INFO] ANALYZED exam=tQoHDQTrz1iAzcfYrbTF email=mmijatovi@student.unipu.hr ts=1777658285642 status=FACE_DETECTED
2026-05-17 17:49:43,080 [INFO] ANALYZED exam=tQoHDQTrz1iAzcfYrbTF email=mmijatovi@student.unipu.hr ts=1777658292259 status=FACE_DETECTED
2026-05-17 17:49:44,210 [INFO] ANALYZED exam=tQoHDQTrz1iAzcfYrbTF email=mmijatovi@student.unipu.hr ts=1777658296989 status=FACE_DETECTED
2026-05-17 17:49:45,353 [INFO] ANALYZED exam=tQoHDQTrz1iAzcfYrbTF email=mmijatovi@student.unipu.hr ts=1777658300551 status=FACE_DETECTED
2026-05-17 17:49:46,482 [INFO] ANALYZED exam=tQoHDQTrz1iAzcfYrbTF email=mmijatovi@student.unipu.hr ts=1777658306134 status=FACE_DETECTED
2026-05-17 17:49:47,606 [INFO] ANALYZED exam=tQoHDQTrz1iAzcfYrbTF email=mmijatovi@student.unipu.hr ts=1777658316711 status=FACE_DETECTED
2026-05-17 17:49:48,744 [INFO] ANALYZED exam=tQoHDQTrz1iAzcfYrbTF email=mmijatovi@student.unipu.hr ts=1777658325408 status=FACE_DETECTED
2026-05-17 17:49:49,862 [INFO] ANALYZED exam=tQoHDQTrz1iAzcfYrbTF email=mmijatovi@student.unipu.hr ts=1777658331109 status=FACE_DETECTED
2026-05-17 17:49:50,989 [INFO] ANALYZED exam=tQoHDQTrz1iAzcfYrbTF email=mmijatovi@student.unipu.hr ts=1777658339680 status=NO_FACE_DETECTED
2026-05-17 17:49:52,109 [INFO] ANALYZED exam=tQoHDQTrz1iAzcfYrbTF email=mmijatovi@student.unipu.hr ts=1777658343382 status=NO_FACE_DETECTED
2026-05-17 17:49:53,258 [INFO] ANALYZED exam=tQoHDQTrz1iAzcfYrbTF email=mmijatovi@student.unipu.hr ts=1777658351953 status=FACE_DETECTED
2026-05-17 17:49:54,372 [INFO] ANALYZED exam=tQoHDQTrz1iAzcfYrbTF email=mmijatovi@student.unipu.hr ts=1777658361655 status=NO_FACE_DETECTED
2026-05-17 17:49:55,501 [INFO] ANALYZED exam=tQoHDQTrz1iAzcfYrbTF email=mmijatovi@student.unipu.hr ts=1777658365336 status=NO_FACE_DETECTED
2026-05-17 17:49:56,627 [INFO] ANALYZED exam=tQoHDQTrz1iAzcfYrbTF email=mmijatovi@student.unipu.hr ts=1777658369907 status=FACE_DETECTED
2026-05-17 17:49:57,750 [INFO] ANALYZED exam=tQoHDQTrz1iAzcfYrbTF email=mmijatovi@student.unipu.hr ts=1777658376424 status=FACE_DETECTED
2026-05-17 17:49:58,895 [INFO] ANALYZED exam=tQoHDQTrz1iAzcfYrbTF email=mmijatovi@student.unipu.hr ts=1777658382131 status=NO_FACE_DETECTED
2026-05-17 17:50:00,044 [INFO] ANALYZED exam=tQoHDQTrz1iAzcfYrbTF email=mmijatovi@student.unipu.hr ts=1777658386714 status=FACE_DETECTED
2026-05-17 17:50:01,182 [INFO] ANALYZED exam=tQoHDQTrz1iAzcfYrbTF email=mmijatovi@student.unipu.hr ts=1777658389301 status=FACE_DETECTED
2026-05-17 17:50:02,317 [INFO] ANALYZED exam=tQoHDQTrz1iAzcfYrbTF email=mmijatovi@student.unipu.hr ts=1777658399923 status=FACE_DETECTED
2026-05-17 17:50:03,453 [INFO] ANALYZED exam=tQoHDQTrz1iAzcfYrbTF email=mmijatovi@student.unipu.hr ts=1777658404632 status=FACE_DETECTED
2026-05-17 17:50:04,599 [INFO] ANALYZED exam=tQoHDQTrz1iAzcfYrbTF email=mmijatovi@student.unipu.hr ts=1777658411202 status=FACE_DETECTED
2026-05-17 17:50:05,728 [INFO] ANALYZED exam=tQoHDQTrz1iAzcfYrbTF email=mmijatovi@student.unipu.hr ts=1777658415923 status=FACE_DETECTED
2026-05-17 17:50:06,843 [INFO] ANALYZED exam=tQoHDQTrz1iAzcfYrbTF email=mtkalcic@student.unipu.hr ts=1777840150569 status=NO_FACE_DETECTED
2026-05-17 17:50:07,955 [INFO] ANALYZED exam=tQoHDQTrz1iAzcfYrbTF email=mtkalcic@student.unipu.hr ts=1777840155158 status=NO_FACE_DETECTED
2026-05-17 17:50:09,067 [INFO] ANALYZED exam=tQoHDQTrz1iAzcfYrbTF email=mtkalcic@student.unipu.hr ts=1777840161090 status=NO_FACE_DETECTED
2026-05-17 17:50:10,184 [INFO] ANALYZED exam=tQoHDQTrz1iAzcfYrbTF email=mtkalcic@student.unipu.hr ts=1777840170945 status=NO_FACE_DETECTED
2026-05-17 17:50:11,299 [INFO] ANALYZED exam=tQoHDQTrz1iAzcfYrbTF email=mtkalcic@student.unipu.hr ts=1777840181909 status=NO_FACE_DETECTED
2026-05-17 17:50:12,407 [INFO] ANALYZED exam=tQoHDQTrz1iAzcfYrbTF email=mtkalcic@student.unipu.hr ts=1777840183835 status=NO_FACE_DETECTED
2026-05-17 17:50:13,518 [INFO] ANALYZED exam=tQoHDQTrz1iAzcfYrbTF email=mtkalcic@student.unipu.hr ts=1777840185688 status=NO_FACE_DETECTED
2026-05-17 17:50:14,631 [INFO] ANALYZED exam=tQoHDQTrz1iAzcfYrbTF email=mtkalcic@student.unipu.hr ts=1777840196524 status=NO_FACE_DETECTED
2026-05-17 17:50:15,740 [INFO] ANALYZED exam=tQoHDQTrz1iAzcfYrbTF email=mtkalcic@student.unipu.hr ts=1777840204615 status=NO_FACE_DETECTED
2026-05-17 17:50:16,853 [INFO] ANALYZED exam=tQoHDQTrz1iAzcfYrbTF email=mtkalcic@student.unipu.hr ts=1777840211612 status=NO_FACE_DETECTED
2026-05-17 17:50:17,966 [INFO] ANALYZED exam=tQoHDQTrz1iAzcfYrbTF email=mtkalcic@student.unipu.hr ts=1777840218848 status=NO_FACE_DETECTED
2026-05-17 17:50:19,081 [INFO] ANALYZED exam=tQoHDQTrz1iAzcfYrbTF email=mtkalcic@student.unipu.hr ts=1777840225746 status=NO_FACE_DETECTED
2026-05-17 17:50:20,192 [INFO] ANALYZED exam=tQoHDQTrz1iAzcfYrbTF email=mtkalcic@student.unipu.hr ts=1777840231674 status=NO_FACE_DETECTED
2026-05-17 17:50:21,301 [INFO] ANALYZED exam=tQoHDQTrz1iAzcfYrbTF email=mtkalcic@student.unipu.hr ts=1777840236477 status=NO_FACE_DETECTED
2026-05-17 17:50:22,416 [INFO] ANALYZED exam=tQoHDQTrz1iAzcfYrbTF email=mtkalcic@student.unipu.hr ts=1777840241261 status=NO_FACE_DETECTED
2026-05-17 17:50:23,523 [INFO] ANALYZED exam=tQoHDQTrz1iAzcfYrbTF email=mtkalcic@student.unipu.hr ts=1777840244056 status=NO_FACE_DETECTED
2026-05-17 17:50:24,636 [INFO] ANALYZED exam=tQoHDQTrz1iAzcfYrbTF email=mtkalcic@student.unipu.hr ts=1777840251855 status=NO_FACE_DETECTED
2026-05-17 17:50:25,639 [INFO] ANALYZE_STOP reason=busy processed=74
2026-05-17 17:50:25,871 [INFO] BATCH_WRITE items=74
2026-05-17 17:50:36,872 [INFO] LOAD cpu=17.9% mem=+3.9% req_rate=16.02/min idle=False
2026-05-17 17:50:47,873 [INFO] LOAD cpu=5.2% mem=+4.5% req_rate=5.45/min idle=False
2026-05-17 17:50:53,975 [INFO] SIGNAL received signal=15; will exit after current cycle
2026-05-17 17:50:57,874 [INFO] SHUTDOWN flushed=0
2026-05-17 17:51:02,864 [INFO] STARTUP pid=117988 cwd=/media/gamedisk/Zadace/Faks/FaceQuizNovi/face-quiz-backend bucket=face-quiz-media env=production
2026-05-17 17:51:05,353 [INFO] BASELINE mem=53.4%
2026-05-17 17:51:06,361 [INFO] LOAD cpu=14.6% mem=+0.0% req_rate=0.00/min idle=False
2026-05-17 17:51:17,362 [INFO] LOAD cpu=3.4% mem=+-1.0% req_rate=10.91/min idle=False
2026-05-17 17:51:28,363 [INFO] LOAD cpu=4.7% mem=+-0.8% req_rate=38.18/min idle=False
2026-05-17 17:51:39,365 [INFO] LOAD cpu=11.1% mem=+-2.9% req_rate=43.63/min idle=False
2026-05-17 17:51:50,366 [INFO] LOAD cpu=9.3% mem=+-2.7% req_rate=38.18/min idle=False
2026-05-17 17:52:04,484 [INFO] LOAD cpu=12.0% mem=+-2.7% req_rate=85.00/min idle=False
2026-05-17 17:52:15,485 [INFO] LOAD cpu=3.7% mem=+-2.0% req_rate=10.91/min idle=False
2026-05-17 17:52:26,486 [INFO] LOAD cpu=13.9% mem=+-1.1% req_rate=10.91/min idle=False
2026-05-17 17:52:37,488 [INFO] LOAD cpu=11.5% mem=+-1.9% req_rate=16.36/min idle=False
2026-05-17 17:52:48,489 [INFO] LOAD cpu=3.7% mem=+-2.6% req_rate=10.91/min idle=False
2026-05-17 17:52:59,490 [INFO] LOAD cpu=2.5% mem=+-3.5% req_rate=10.91/min idle=False
2026-05-17 17:53:13,313 [INFO] LOAD cpu=2.1% mem=+-4.0% req_rate=13.02/min idle=False
2026-05-17 17:53:24,315 [INFO] LOAD cpu=3.7% mem=+-3.9% req_rate=10.91/min idle=False
2026-05-17 17:53:35,316 [INFO] LOAD cpu=6.7% mem=+-4.1% req_rate=10.91/min idle=False
2026-05-17 17:53:46,318 [INFO] LOAD cpu=3.0% mem=+-4.2% req_rate=10.91/min idle=False
2026-05-17 17:53:57,319 [INFO] LOAD cpu=2.3% mem=+-4.2% req_rate=16.36/min idle=False
2026-05-17 17:54:08,320 [INFO] LOAD cpu=1.6% mem=+-4.2% req_rate=10.91/min idle=False
2026-05-17 17:54:22,170 [INFO] LOAD cpu=2.9% mem=+-2.9% req_rate=13.00/min idle=False
2026-05-17 17:54:33,171 [INFO] LOAD cpu=1.5% mem=+-3.2% req_rate=10.91/min idle=False
2026-05-17 17:54:44,172 [INFO] LOAD cpu=1.4% mem=+-3.5% req_rate=10.91/min idle=False
2026-05-17 17:54:55,174 [INFO] LOAD cpu=1.6% mem=+-4.5% req_rate=10.91/min idle=False
2026-05-17 17:55:06,175 [INFO] LOAD cpu=6.6% mem=+-4.8% req_rate=10.91/min idle=False
2026-05-17 17:55:17,176 [INFO] LOAD cpu=5.0% mem=+-4.5% req_rate=10.91/min idle=False
2026-05-17 17:55:30,940 [INFO] LOAD cpu=4.8% mem=+-4.0% req_rate=0.00/min idle=True
2026-05-17 17:55:30,941 [INFO] ANALYZE_BEGIN n_pending=943
2026-05-17 17:55:33,245 [INFO] ANALYZED exam=tQoHDQTrz1iAzcfYrbTF email=mtkalcic@student.unipu.hr ts=1777840254783 status=NO_FACE_DETECTED
2026-05-17 17:55:34,358 [INFO] ANALYZED exam=tQoHDQTrz1iAzcfYrbTF email=mtkalcic@student.unipu.hr ts=1777840265017 status=NO_FACE_DETECTED
2026-05-17 17:55:35,472 [INFO] ANALYZED exam=tQoHDQTrz1iAzcfYrbTF email=mtkalcic@student.unipu.hr ts=1777840268028 status=NO_FACE_DETECTED
2026-05-17 17:55:36,583 [INFO] ANALYZED exam=tQoHDQTrz1iAzcfYrbTF email=mtkalcic@student.unipu.hr ts=1777840275964 status=NO_FACE_DETECTED
2026-05-17 17:55:37,696 [INFO] ANALYZED exam=tQoHDQTrz1iAzcfYrbTF email=mtkalcic@student.unipu.hr ts=1777840279071 status=NO_FACE_DETECTED
2026-05-17 17:55:38,810 [INFO] ANALYZED exam=tQoHDQTrz1iAzcfYrbTF email=mtkalcic@student.unipu.hr ts=1777840289899 status=NO_FACE_DETECTED
2026-05-17 17:55:39,924 [INFO] ANALYZED exam=tQoHDQTrz1iAzcfYrbTF email=mtkalcic@student.unipu.hr ts=1777840294835 status=NO_FACE_DETECTED
2026-05-17 17:55:41,038 [INFO] ANALYZED exam=tQoHDQTrz1iAzcfYrbTF email=mtkalcic@student.unipu.hr ts=1777840305635 status=NO_FACE_DETECTED
2026-05-17 17:55:42,039 [INFO] ANALYZE_STOP reason=busy processed=8
2026-05-17 17:55:42,405 [INFO] BATCH_WRITE items=8
2026-05-17 17:55:53,406 [INFO] LOAD cpu=15.5% mem=+-2.0% req_rate=0.00/min idle=False
2026-05-17 17:56:04,408 [INFO] LOAD cpu=9.9% mem=+-1.8% req_rate=0.00/min idle=True
2026-05-17 17:56:04,408 [INFO] ANALYZE_BEGIN n_pending=935
2026-05-17 17:56:05,409 [INFO] ANALYZE_STOP reason=busy processed=0
2026-05-17 17:56:16,411 [INFO] LOAD cpu=5.3% mem=+-2.1% req_rate=5.45/min idle=False
2026-05-17 17:56:27,412 [INFO] LOAD cpu=9.8% mem=+-2.3% req_rate=0.00/min idle=True
2026-05-17 17:56:27,412 [INFO] ANALYZE_BEGIN n_pending=935
2026-05-17 17:56:28,676 [INFO] ANALYZED exam=tQoHDQTrz1iAzcfYrbTF email=mtkalcic@student.unipu.hr ts=1777840308610 status=NO_FACE_DETECTED
2026-05-17 17:56:29,789 [INFO] ANALYZED exam=tQoHDQTrz1iAzcfYrbTF email=mtkalcic@student.unipu.hr ts=1777840315408 status=NO_FACE_DETECTED
2026-05-17 17:56:30,905 [INFO] ANALYZED exam=tQoHDQTrz1iAzcfYrbTF email=mtkalcic@student.unipu.hr ts=1777840323359 status=NO_FACE_DETECTED
2026-05-17 17:56:32,012 [INFO] ANALYZED exam=tQoHDQTrz1iAzcfYrbTF email=mtkalcic@student.unipu.hr ts=1777840326276 status=NO_FACE_DETECTED
2026-05-17 17:56:33,127 [INFO] ANALYZED exam=tQoHDQTrz1iAzcfYrbTF email=mtkalcic@student.unipu.hr ts=1777840336061 status=NO_FACE_DETECTED
2026-05-17 17:56:34,241 [INFO] ANALYZED exam=tQoHDQTrz1iAzcfYrbTF email=mtkalcic@student.unipu.hr ts=1777840341030 status=NO_FACE_DETECTED
2026-05-17 17:56:35,242 [INFO] ANALYZE_STOP reason=busy processed=6
2026-05-17 17:56:35,373 [INFO] BATCH_WRITE items=6
2026-05-17 17:56:46,374 [INFO] LOAD cpu=9.1% mem=+-3.4% req_rate=0.00/min idle=True
2026-05-17 17:56:46,374 [INFO] ANALYZE_BEGIN n_pending=929
2026-05-17 17:56:47,660 [INFO] ANALYZED exam=tQoHDQTrz1iAzcfYrbTF email=mtkalcic@student.unipu.hr ts=1777840348832 status=NO_FACE_DETECTED
2026-05-17 17:56:48,772 [INFO] ANALYZED exam=tQoHDQTrz1iAzcfYrbTF email=mtkalcic@student.unipu.hr ts=1777840358776 status=NO_FACE_DETECTED
2026-05-17 17:56:49,883 [INFO] ANALYZED exam=tQoHDQTrz1iAzcfYrbTF email=mtkalcic@student.unipu.hr ts=1777840360773 status=NO_FACE_DETECTED
2026-05-17 17:56:50,995 [INFO] ANALYZED exam=tQoHDQTrz1iAzcfYrbTF email=mtkalcic@student.unipu.hr ts=1777840367571 status=NO_FACE_DETECTED
2026-05-17 17:56:52,108 [INFO] ANALYZED exam=tQoHDQTrz1iAzcfYrbTF email=mtkalcic@student.unipu.hr ts=1777840378528 status=NO_FACE_DETECTED
2026-05-17 17:56:53,216 [INFO] ANALYZED exam=tQoHDQTrz1iAzcfYrbTF email=mtkalcic@student.unipu.hr ts=1777840385400 status=NO_FACE_DETECTED
2026-05-17 17:56:54,333 [INFO] ANALYZED exam=tQoHDQTrz1iAzcfYrbTF email=mtkalcic@student.unipu.hr ts=1777840388408 status=NO_FACE_DETECTED
2026-05-17 17:56:55,448 [INFO] ANALYZED exam=tQoHDQTrz1iAzcfYrbTF email=mtkalcic@student.unipu.hr ts=1777840390252 status=NO_FACE_DETECTED
2026-05-17 17:56:56,559 [INFO] ANALYZED exam=tQoHDQTrz1iAzcfYrbTF email=mtkalcic@student.unipu.hr ts=1777840399012 status=NO_FACE_DETECTED
2026-05-17 17:56:57,673 [INFO] ANALYZED exam=tQoHDQTrz1iAzcfYrbTF email=mtkalcic@student.unipu.hr ts=1777840405958 status=NO_FACE_DETECTED
2026-05-17 17:56:58,788 [INFO] ANALYZED exam=tQoHDQTrz1iAzcfYrbTF email=mtkalcic@student.unipu.hr ts=1777840407856 status=NO_FACE_DETECTED
2026-05-17 17:56:59,789 [INFO] ANALYZE_STOP reason=busy processed=11
2026-05-17 17:56:59,916 [INFO] BATCH_WRITE items=11
2026-05-17 17:57:13,671 [INFO] LOAD cpu=1.8% mem=+-4.3% req_rate=4.32/min idle=False
2026-05-17 17:57:24,672 [INFO] LOAD cpu=4.5% mem=+-2.5% req_rate=0.00/min idle=True
2026-05-17 17:57:24,673 [INFO] ANALYZE_BEGIN n_pending=918
2026-05-17 17:57:25,945 [INFO] ANALYZED exam=tQoHDQTrz1iAzcfYrbTF email=mtkalcic@student.unipu.hr ts=1777840414671 status=NO_FACE_DETECTED
2026-05-17 17:57:27,062 [INFO] ANALYZED exam=tQoHDQTrz1iAzcfYrbTF email=mtkalcic@student.unipu.hr ts=1777840417608 status=NO_FACE_DETECTED
2026-05-17 17:57:28,174 [INFO] ANALYZED exam=tQoHDQTrz1iAzcfYrbTF email=mtkalcic@student.unipu.hr ts=1777840420413 status=NO_FACE_DETECTED
2026-05-17 17:57:29,285 [INFO] ANALYZED exam=tQoHDQTrz1iAzcfYrbTF email=mtkalcic@student.unipu.hr ts=1777840430255 status=NO_FACE_DETECTED
2026-05-17 17:57:30,396 [INFO] ANALYZED exam=tQoHDQTrz1iAzcfYrbTF email=mtkalcic@student.unipu.hr ts=1777840440247 status=NO_FACE_DETECTED
2026-05-17 17:57:31,511 [INFO] ANALYZED exam=tQoHDQTrz1iAzcfYrbTF email=mtkalcic@student.unipu.hr ts=1777840449233 status=NO_FACE_DETECTED
2026-05-17 17:57:32,625 [INFO] ANALYZED exam=tQoHDQTrz1iAzcfYrbTF email=mtkalcic@student.unipu.hr ts=1777840456200 status=NO_FACE_DETECTED
2026-05-17 17:57:33,734 [INFO] ANALYZED exam=tQoHDQTrz1iAzcfYrbTF email=mtkalcic@student.unipu.hr ts=1777840464172 status=NO_FACE_DETECTED
2026-05-17 17:57:34,847 [INFO] ANALYZED exam=tQoHDQTrz1iAzcfYrbTF email=mtkalcic@student.unipu.hr ts=1777840474078 status=NO_FACE_DETECTED
2026-05-17 17:57:35,962 [INFO] ANALYZED exam=tQoHDQTrz1iAzcfYrbTF email=mtkalcic@student.unipu.hr ts=1777840484084 status=NO_FACE_DETECTED
2026-05-17 17:57:37,074 [INFO] ANALYZED exam=tQoHDQTrz1iAzcfYrbTF email=mtkalcic@student.unipu.hr ts=1777840488029 status=NO_FACE_DETECTED
2026-05-17 17:57:38,187 [INFO] ANALYZED exam=tQoHDQTrz1iAzcfYrbTF email=mtkalcic@student.unipu.hr ts=1777840492830 status=NO_FACE_DETECTED
2026-05-17 17:57:39,300 [INFO] ANALYZED exam=tQoHDQTrz1iAzcfYrbTF email=mtkalcic@student.unipu.hr ts=1777840494627 status=NO_FACE_DETECTED
2026-05-17 17:57:40,412 [INFO] ANALYZED exam=tQoHDQTrz1iAzcfYrbTF email=mtkalcic@student.unipu.hr ts=1777840498416 status=NO_FACE_DETECTED
2026-05-17 17:57:41,527 [INFO] ANALYZED exam=tQoHDQTrz1iAzcfYrbTF email=mtkalcic@student.unipu.hr ts=1777840506242 status=NO_FACE_DETECTED
2026-05-17 17:57:42,633 [INFO] ANALYZED exam=tQoHDQTrz1iAzcfYrbTF email=mtkalcic@student.unipu.hr ts=1777840514183 status=NO_FACE_DETECTED
2026-05-17 17:57:43,745 [INFO] ANALYZED exam=tQoHDQTrz1iAzcfYrbTF email=mtkalcic@student.unipu.hr ts=1777840525144 status=NO_FACE_DETECTED
2026-05-17 17:57:44,862 [INFO] ANALYZED exam=tQoHDQTrz1iAzcfYrbTF email=mtkalcic@student.unipu.hr ts=1777840533203 status=NO_FACE_DETECTED
2026-05-17 17:57:45,976 [INFO] ANALYZED exam=tQoHDQTrz1iAzcfYrbTF email=mtkalcic@student.unipu.hr ts=1777840538228 status=NO_FACE_DETECTED
2026-05-17 17:57:47,089 [INFO] ANALYZED exam=tQoHDQTrz1iAzcfYrbTF email=mtkalcic@student.unipu.hr ts=1777840547051 status=NO_FACE_DETECTED
2026-05-17 17:57:48,201 [INFO] ANALYZED exam=tQoHDQTrz1iAzcfYrbTF email=mtkalcic@student.unipu.hr ts=1777840553963 status=NO_FACE_DETECTED
2026-05-17 17:57:49,320 [INFO] ANALYZED exam=tQoHDQTrz1iAzcfYrbTF email=mtkalcic@student.unipu.hr ts=1777840557918 status=NO_FACE_DETECTED
2026-05-17 17:57:50,434 [INFO] ANALYZED exam=tQoHDQTrz1iAzcfYrbTF email=mtkalcic@student.unipu.hr ts=1777840559734 status=NO_FACE_DETECTED
2026-05-17 17:57:51,550 [INFO] ANALYZED exam=tQoHDQTrz1iAzcfYrbTF email=mtkalcic@student.unipu.hr ts=1777840568555 status=NO_FACE_DETECTED
2026-05-17 17:57:52,661 [INFO] ANALYZED exam=tQoHDQTrz1iAzcfYrbTF email=mtkalcic@student.unipu.hr ts=1777840571625 status=NO_FACE_DETECTED
2026-05-17 17:57:53,773 [INFO] ANALYZED exam=tQoHDQTrz1iAzcfYrbTF email=mtkalcic@student.unipu.hr ts=1777840577473 status=NO_FACE_DETECTED
2026-05-17 17:57:54,889 [INFO] ANALYZED exam=tQoHDQTrz1iAzcfYrbTF email=mtkalcic@student.unipu.hr ts=1777840587316 status=NO_FACE_DETECTED
2026-05-17 17:57:55,999 [INFO] ANALYZED exam=tQoHDQTrz1iAzcfYrbTF email=mtkalcic@student.unipu.hr ts=1777840590249 status=NO_FACE_DETECTED
2026-05-17 17:57:57,106 [INFO] ANALYZED exam=tQoHDQTrz1iAzcfYrbTF email=mtkalcic@student.unipu.hr ts=1777840598080 status=NO_FACE_DETECTED
2026-05-17 17:57:58,223 [INFO] ANALYZED exam=tQoHDQTrz1iAzcfYrbTF email=mtkalcic@student.unipu.hr ts=1777840609040 status=NO_FACE_DETECTED
2026-05-17 17:57:59,338 [INFO] ANALYZED exam=tQoHDQTrz1iAzcfYrbTF email=mtkalcic@student.unipu.hr ts=1777840618038 status=NO_FACE_DETECTED
2026-05-17 17:58:00,450 [INFO] ANALYZED exam=tQoHDQTrz1iAzcfYrbTF email=mtkalcic@student.unipu.hr ts=1777840628985 status=NO_FACE_DETECTED
2026-05-17 17:58:01,564 [INFO] ANALYZED exam=tQoHDQTrz1iAzcfYrbTF email=mtkalcic@student.unipu.hr ts=1777840639924 status=NO_FACE_DETECTED
2026-05-17 17:58:02,679 [INFO] ANALYZED exam=tQoHDQTrz1iAzcfYrbTF email=mtkalcic@student.unipu.hr ts=1777840648005 status=NO_FACE_DETECTED
2026-05-17 17:58:03,786 [INFO] ANALYZED exam=tQoHDQTrz1iAzcfYrbTF email=mtkalcic@student.unipu.hr ts=1777840653929 status=NO_FACE_DETECTED
2026-05-17 17:58:04,896 [INFO] ANALYZED exam=tQoHDQTrz1iAzcfYrbTF email=mtkalcic@student.unipu.hr ts=1777840657795 status=NO_FACE_DETECTED
2026-05-17 17:58:06,009 [INFO] ANALYZED exam=tQoHDQTrz1iAzcfYrbTF email=mtkalcic@student.unipu.hr ts=1777840661542 status=NO_FACE_DETECTED
2026-05-17 17:58:07,123 [INFO] ANALYZED exam=tQoHDQTrz1iAzcfYrbTF email=mtkalcic@student.unipu.hr ts=1777840668359 status=NO_FACE_DETECTED
2026-05-17 17:58:08,232 [INFO] ANALYZED exam=tQoHDQTrz1iAzcfYrbTF email=mtkalcic@student.unipu.hr ts=1777840670284 status=NO_FACE_DETECTED
2026-05-17 17:58:09,345 [INFO] ANALYZED exam=tQoHDQTrz1iAzcfYrbTF email=mtkalcic@student.unipu.hr ts=1777840681112 status=NO_FACE_DETECTED
2026-05-17 17:58:10,460 [INFO] ANALYZED exam=tQoHDQTrz1iAzcfYrbTF email=mtkalcic@student.unipu.hr ts=1777840684075 status=NO_FACE_DETECTED
2026-05-17 17:58:11,460 [INFO] ANALYZE_STOP reason=busy processed=41
2026-05-17 17:58:11,633 [INFO] BATCH_WRITE items=41
2026-05-17 17:58:22,634 [INFO] LOAD cpu=1.4% mem=+-3.8% req_rate=0.00/min idle=True
2026-05-17 17:58:22,635 [INFO] ANALYZE_BEGIN n_pending=877
2026-05-17 17:58:23,904 [INFO] ANALYZED exam=tQoHDQTrz1iAzcfYrbTF email=mtkalcic@student.unipu.hr ts=1777840686860 status=NO_FACE_DETECTED
2026-05-17 17:58:25,016 [INFO] ANALYZED exam=tQoHDQTrz1iAzcfYrbTF email=mtkalcic@student.unipu.hr ts=1777840689631 status=NO_FACE_DETECTED
2026-05-17 17:58:26,131 [INFO] ANALYZED exam=tQoHDQTrz1iAzcfYrbTF email=mtkalcic@student.unipu.hr ts=1777840697454 status=NO_FACE_DETECTED
2026-05-17 17:58:27,244 [INFO] ANALYZED exam=tQoHDQTrz1iAzcfYrbTF email=mtkalcic@student.unipu.hr ts=1777840707400 status=NO_FACE_DETECTED
2026-05-17 17:58:28,356 [INFO] ANALYZED exam=tQoHDQTrz1iAzcfYrbTF email=mtkalcic@student.unipu.hr ts=1777840718433 status=NO_FACE_DETECTED
2026-05-17 17:58:29,467 [INFO] ANALYZED exam=tQoHDQTrz1iAzcfYrbTF email=mtkalcic@student.unipu.hr ts=1777840720402 status=NO_FACE_DETECTED
2026-05-17 17:58:30,580 [INFO] ANALYZED exam=tQoHDQTrz1iAzcfYrbTF email=mtkalcic@student.unipu.hr ts=1777840731209 status=NO_FACE_DETECTED
2026-05-17 17:58:31,691 [INFO] ANALYZED exam=tQoHDQTrz1iAzcfYrbTF email=mtkalcic@student.unipu.hr ts=1777840736175 status=NO_FACE_DETECTED
2026-05-17 17:58:32,800 [INFO] ANALYZED exam=tQoHDQTrz1iAzcfYrbTF email=mtkalcic@student.unipu.hr ts=1777840741961 status=NO_FACE_DETECTED
2026-05-17 17:58:33,916 [INFO] ANALYZED exam=tQoHDQTrz1iAzcfYrbTF email=mtkalcic@student.unipu.hr ts=1777840748704 status=NO_FACE_DETECTED
2026-05-17 17:58:35,028 [INFO] ANALYZED exam=tQoHDQTrz1iAzcfYrbTF email=mtkalcic@student.unipu.hr ts=1777840753633 status=NO_FACE_DETECTED
2026-05-17 17:58:36,142 [INFO] ANALYZED exam=tQoHDQTrz1iAzcfYrbTF email=mtkalcic@student.unipu.hr ts=1777840757500 status=NO_FACE_DETECTED
2026-05-17 17:58:37,257 [INFO] ANALYZED exam=tQoHDQTrz1iAzcfYrbTF email=mtkalcic@student.unipu.hr ts=1777840768261 status=NO_FACE_DETECTED
2026-05-17 17:58:38,369 [INFO] ANALYZED exam=tQoHDQTrz1iAzcfYrbTF email=mtkalcic@student.unipu.hr ts=1777840777168 status=NO_FACE_DETECTED
2026-05-17 17:58:39,477 [INFO] ANALYZED exam=tQoHDQTrz1iAzcfYrbTF email=mtkalcic@student.unipu.hr ts=1777840785109 status=NO_FACE_DETECTED
2026-05-17 17:58:40,582 [INFO] ANALYZED exam=tQoHDQTrz1iAzcfYrbTF email=mtkalcic@student.unipu.hr ts=1777840791065 status=NO_FACE_DETECTED
2026-05-17 17:58:41,697 [INFO] ANALYZED exam=tQoHDQTrz1iAzcfYrbTF email=mtkalcic@student.unipu.hr ts=1777840793038 status=NO_FACE_DETECTED
2026-05-17 17:58:42,812 [INFO] ANALYZED exam=tQoHDQTrz1iAzcfYrbTF email=mtkalcic@student.unipu.hr ts=1777840799161 status=NO_FACE_DETECTED
2026-05-17 17:58:43,930 [INFO] ANALYZED exam=tQoHDQTrz1iAzcfYrbTF email=mtkalcic@student.unipu.hr ts=1777840802955 status=NO_FACE_DETECTED
2026-05-17 17:58:45,043 [INFO] ANALYZED exam=tQoHDQTrz1iAzcfYrbTF email=mtkalcic@student.unipu.hr ts=1777840813757 status=NO_FACE_DETECTED
2026-05-17 17:58:46,153 [INFO] ANALYZED exam=tQoHDQTrz1iAzcfYrbTF email=mtkalcic@student.unipu.hr ts=1777840815709 status=NO_FACE_DETECTED
2026-05-17 17:58:47,267 [INFO] ANALYZED exam=tQoHDQTrz1iAzcfYrbTF email=mtkalcic@student.unipu.hr ts=1777840820531 status=NO_FACE_DETECTED
2026-05-17 17:58:48,381 [INFO] ANALYZED exam=tQoHDQTrz1iAzcfYrbTF email=mtkalcic@student.unipu.hr ts=1777840822346 status=NO_FACE_DETECTED
2026-05-17 17:58:49,491 [INFO] ANALYZED exam=tQoHDQTrz1iAzcfYrbTF email=mtkalcic@student.unipu.hr ts=1777840830376 status=NO_FACE_DETECTED
2026-05-17 17:58:50,607 [INFO] ANALYZED exam=tQoHDQTrz1iAzcfYrbTF email=mtkalcic@student.unipu.hr ts=1777840833408 status=NO_FACE_DETECTED
2026-05-17 17:58:51,718 [INFO] ANALYZED exam=tQoHDQTrz1iAzcfYrbTF email=mtkalcic@student.unipu.hr ts=1777840844506 status=NO_FACE_DETECTED
2026-05-17 17:58:52,832 [INFO] ANALYZED exam=tQoHDQTrz1iAzcfYrbTF email=mtkalcic@student.unipu.hr ts=1777840847704 status=NO_FACE_DETECTED
2026-05-17 17:58:53,946 [INFO] ANALYZED exam=tQoHDQTrz1iAzcfYrbTF email=mtkalcic@student.unipu.hr ts=1777840850520 status=NO_FACE_DETECTED
2026-05-17 17:58:54,947 [INFO] ANALYZE_STOP reason=busy processed=28
2026-05-17 17:58:55,118 [INFO] BATCH_WRITE items=28
2026-05-17 17:59:06,119 [INFO] LOAD cpu=3.5% mem=+-4.0% req_rate=0.00/min idle=True
2026-05-17 17:59:06,120 [INFO] ANALYZE_BEGIN n_pending=849
2026-05-17 17:59:07,397 [INFO] ANALYZED exam=tQoHDQTrz1iAzcfYrbTF email=mtkalcic@student.unipu.hr ts=1777840861417 status=NO_FACE_DETECTED
2026-05-17 17:59:08,512 [INFO] ANALYZED exam=tQoHDQTrz1iAzcfYrbTF email=mtkalcic@student.unipu.hr ts=1777840867418 status=NO_FACE_DETECTED
2026-05-17 17:59:09,625 [INFO] ANALYZED exam=tQoHDQTrz1iAzcfYrbTF email=mtkalcic@student.unipu.hr ts=1777840870200 status=NO_FACE_DETECTED
2026-05-17 17:59:10,739 [INFO] ANALYZED exam=tQoHDQTrz1iAzcfYrbTF email=mtkalcic@student.unipu.hr ts=1777840875066 status=NO_FACE_DETECTED
2026-05-17 17:59:11,740 [INFO] ANALYZE_STOP reason=busy processed=4
2026-05-17 17:59:11,855 [INFO] BATCH_WRITE items=4
2026-05-17 17:59:22,856 [INFO] LOAD cpu=3.2% mem=+-2.7% req_rate=10.80/min idle=False
2026-05-17 17:59:33,857 [INFO] LOAD cpu=2.5% mem=+-3.0% req_rate=10.91/min idle=False
2026-05-17 17:59:48,450 [INFO] LOAD cpu=3.3% mem=+-2.6% req_rate=24.67/min idle=False
2026-05-17 17:59:59,451 [INFO] LOAD cpu=16.4% mem=+-2.0% req_rate=0.00/min idle=False
2026-05-17 18:00:10,452 [INFO] LOAD cpu=10.8% mem=+-0.8% req_rate=0.00/min idle=False
2026-05-17 18:00:21,454 [INFO] LOAD cpu=4.5% mem=+-0.8% req_rate=0.00/min idle=True
2026-05-17 18:00:21,454 [INFO] ANALYZE_BEGIN n_pending=845
2026-05-17 18:00:22,455 [INFO] ANALYZE_STOP reason=busy processed=0
2026-05-17 18:00:33,457 [INFO] LOAD cpu=15.4% mem=+-0.4% req_rate=0.00/min idle=False
2026-05-17 18:00:44,458 [INFO] LOAD cpu=5.1% mem=+-0.7% req_rate=10.91/min idle=False
2026-05-17 18:00:58,244 [INFO] LOAD cpu=4.9% mem=+-0.1% req_rate=13.06/min idle=False
2026-05-17 18:01:09,246 [INFO] LOAD cpu=2.5% mem=+-1.5% req_rate=10.91/min idle=False
2026-05-17 18:01:20,247 [INFO] LOAD cpu=1.9% mem=+-2.1% req_rate=10.91/min idle=False
2026-05-17 18:01:31,248 [INFO] LOAD cpu=3.5% mem=+-1.9% req_rate=10.91/min idle=False
2026-05-17 18:01:42,249 [INFO] LOAD cpu=3.0% mem=+-2.1% req_rate=16.36/min idle=False
2026-05-17 18:01:53,251 [INFO] LOAD cpu=1.9% mem=+-2.2% req_rate=10.91/min idle=False
2026-05-17 18:02:07,045 [INFO] LOAD cpu=6.7% mem=+-2.2% req_rate=13.05/min idle=False
2026-05-17 18:02:18,046 [INFO] LOAD cpu=5.3% mem=+-1.7% req_rate=10.91/min idle=False
2026-05-17 18:02:29,047 [INFO] LOAD cpu=4.4% mem=+-0.9% req_rate=10.91/min idle=False
2026-05-17 18:02:40,048 [INFO] LOAD cpu=2.1% mem=+-2.5% req_rate=10.91/min idle=False
2026-05-17 18:02:51,050 [INFO] LOAD cpu=3.1% mem=+-3.1% req_rate=10.91/min idle=False
2026-05-17 18:03:02,051 [INFO] LOAD cpu=2.0% mem=+-3.0% req_rate=16.36/min idle=False
2026-05-17 18:03:16,093 [INFO] LOAD cpu=6.3% mem=+-2.7% req_rate=8.55/min idle=False
2026-05-17 18:03:27,094 [INFO] LOAD cpu=3.7% mem=+-2.8% req_rate=38.18/min idle=False
2026-05-17 18:03:38,095 [INFO] LOAD cpu=6.0% mem=+-2.7% req_rate=10.91/min idle=False
2026-05-17 18:03:49,096 [INFO] LOAD cpu=3.3% mem=+-2.9% req_rate=10.91/min idle=False
2026-05-17 18:04:00,098 [INFO] LOAD cpu=2.7% mem=+-2.3% req_rate=10.91/min idle=False
2026-05-17 18:04:11,099 [INFO] LOAD cpu=12.7% mem=+-1.7% req_rate=10.91/min idle=False
2026-05-17 18:04:25,809 [INFO] LOAD cpu=9.9% mem=+-2.1% req_rate=12.24/min idle=False
2026-05-17 18:04:36,810 [INFO] LOAD cpu=10.4% mem=+-2.0% req_rate=49.09/min idle=False
2026-05-17 18:04:47,812 [INFO] LOAD cpu=7.3% mem=+-2.4% req_rate=10.91/min idle=False
2026-05-17 18:04:58,813 [INFO] LOAD cpu=2.0% mem=+-2.0% req_rate=21.82/min idle=False
2026-05-17 18:05:09,814 [INFO] LOAD cpu=10.2% mem=+-1.8% req_rate=10.91/min idle=False
2026-05-17 18:05:17,138 [INFO] SIGNAL received signal=2; will exit after current cycle
2026-05-17 18:05:17,257 [INFO] SIGNAL received signal=15; will exit after current cycle
2026-05-17 18:05:19,815 [INFO] SHUTDOWN flushed=0
2026-05-17 18:05:32,277 [INFO] STARTUP pid=124361 cwd=/media/gamedisk/Zadace/Faks/FaceQuizNovi/face-quiz-backend bucket=face-quiz-media env=production
2026-05-17 18:05:34,710 [INFO] BASELINE mem=51.5%
2026-05-17 18:05:35,717 [INFO] LOAD cpu=2.8% mem=+0.0% req_rate=0.00/min idle=True
2026-05-17 18:05:35,717 [INFO] ANALYZE_BEGIN n_pending=845
2026-05-17 18:05:38,216 [INFO] ANALYZED exam=tQoHDQTrz1iAzcfYrbTF email=mtkalcic@student.unipu.hr ts=1777840885874 status=NO_FACE_DETECTED
2026-05-17 18:05:39,217 [INFO] ANALYZE_STOP reason=busy processed=1
2026-05-17 18:05:39,566 [INFO] BATCH_WRITE items=1
2026-05-17 18:05:50,567 [INFO] LOAD cpu=8.6% mem=+0.0% req_rate=21.15/min idle=False
2026-05-17 18:06:01,568 [INFO] LOAD cpu=11.3% mem=+-0.1% req_rate=10.91/min idle=False
2026-05-17 18:06:12,569 [INFO] LOAD cpu=2.5% mem=+-0.4% req_rate=10.91/min idle=False
2026-05-17 18:06:23,570 [INFO] LOAD cpu=6.4% mem=+-0.5% req_rate=10.91/min idle=False
2026-05-17 18:06:37,759 [INFO] LOAD cpu=7.0% mem=+0.7% req_rate=12.69/min idle=False
2026-05-17 18:06:48,760 [INFO] LOAD cpu=1.7% mem=+0.9% req_rate=10.91/min idle=False
2026-05-17 18:06:59,762 [INFO] LOAD cpu=2.4% mem=+0.2% req_rate=10.91/min idle=False
2026-05-17 18:07:10,763 [INFO] LOAD cpu=2.9% mem=+0.0% req_rate=10.91/min idle=False
2026-05-17 18:07:21,764 [INFO] LOAD cpu=1.9% mem=+-0.4% req_rate=16.36/min idle=False
2026-05-17 18:07:32,765 [INFO] LOAD cpu=1.6% mem=+-0.3% req_rate=10.91/min idle=False
2026-05-17 18:07:46,378 [INFO] LOAD cpu=2.8% mem=+-0.5% req_rate=4.41/min idle=False
2026-05-17 18:07:57,379 [INFO] LOAD cpu=4.9% mem=+-0.5% req_rate=0.00/min idle=True
2026-05-17 18:07:57,380 [INFO] ANALYZE_BEGIN n_pending=844
2026-05-17 18:07:58,635 [INFO] ANALYZED exam=tQoHDQTrz1iAzcfYrbTF email=mtkalcic@student.unipu.hr ts=1777840888861 status=NO_FACE_DETECTED
2026-05-17 18:07:59,746 [INFO] ANALYZED exam=tQoHDQTrz1iAzcfYrbTF email=mtkalcic@student.unipu.hr ts=1777840896673 status=NO_FACE_DETECTED
2026-05-17 18:08:00,859 [INFO] ANALYZED exam=tQoHDQTrz1iAzcfYrbTF email=mtkalcic@student.unipu.hr ts=1777840901661 status=NO_FACE_DETECTED
2026-05-17 18:08:01,975 [INFO] ANALYZED exam=tQoHDQTrz1iAzcfYrbTF email=mtkalcic@student.unipu.hr ts=1777840906510 status=NO_FACE_DETECTED
2026-05-17 18:08:03,087 [INFO] ANALYZED exam=tQoHDQTrz1iAzcfYrbTF email=mtkalcic@student.unipu.hr ts=1777840912034 status=NO_FACE_DETECTED
2026-05-17 18:08:04,200 [INFO] ANALYZED exam=tQoHDQTrz1iAzcfYrbTF email=mtkalcic@student.unipu.hr ts=1777840922898 status=NO_FACE_DETECTED
2026-05-17 18:08:05,312 [INFO] ANALYZED exam=tQoHDQTrz1iAzcfYrbTF email=mtkalcic@student.unipu.hr ts=1777840932909 status=NO_FACE_DETECTED
2026-05-17 18:08:06,426 [INFO] ANALYZED exam=tQoHDQTrz1iAzcfYrbTF email=mtkalcic@student.unipu.hr ts=1777840943823 status=NO_FACE_DETECTED
2026-05-17 18:08:07,540 [INFO] ANALYZED exam=tQoHDQTrz1iAzcfYrbTF email=mtkalcic@student.unipu.hr ts=1777840952768 status=NO_FACE_DETECTED
2026-05-17 18:08:08,652 [INFO] ANALYZED exam=tQoHDQTrz1iAzcfYrbTF email=mtkalcic@student.unipu.hr ts=1777840954755 status=NO_FACE_DETECTED
2026-05-17 18:08:09,765 [INFO] ANALYZED exam=tQoHDQTrz1iAzcfYrbTF email=mtkalcic@student.unipu.hr ts=1777840958608 status=NO_FACE_DETECTED
2026-05-17 18:08:10,876 [INFO] ANALYZED exam=tQoHDQTrz1iAzcfYrbTF email=mtkalcic@student.unipu.hr ts=1777840968512 status=NO_FACE_DETECTED
2026-05-17 18:08:11,877 [INFO] ANALYZE_STOP reason=busy processed=12
2026-05-17 18:08:12,039 [INFO] BATCH_WRITE items=12
2026-05-17 18:08:23,040 [INFO] LOAD cpu=1.5% mem=+2.0% req_rate=0.00/min idle=True
2026-05-17 18:08:23,040 [INFO] ANALYZE_BEGIN n_pending=832
2026-05-17 18:08:24,310 [INFO] ANALYZED exam=tQoHDQTrz1iAzcfYrbTF email=mtkalcic@student.unipu.hr ts=1777840976454 status=NO_FACE_DETECTED
2026-05-17 18:08:25,422 [INFO] ANALYZED exam=tQoHDQTrz1iAzcfYrbTF email=mvucinic@student.unipu.hr ts=1777447623466 status=NO_FACE_DETECTED
2026-05-17 18:08:26,536 [INFO] ANALYZED exam=tQoHDQTrz1iAzcfYrbTF email=mvucinic@student.unipu.hr ts=1777447632501 status=NO_FACE_DETECTED
2026-05-17 18:08:27,646 [INFO] ANALYZED exam=tQoHDQTrz1iAzcfYrbTF email=mvucinic@student.unipu.hr ts=1777447636229 status=NO_FACE_DETECTED
2026-05-17 18:08:28,764 [INFO] ANALYZED exam=tQoHDQTrz1iAzcfYrbTF email=mvucinic@student.unipu.hr ts=1777447640830 status=NO_FACE_DETECTED
2026-05-17 18:08:29,872 [INFO] ANALYZED exam=tQoHDQTrz1iAzcfYrbTF email=mvucinic@student.unipu.hr ts=1777447644357 status=NO_FACE_DETECTED
2026-05-17 18:08:30,986 [INFO] ANALYZED exam=tQoHDQTrz1iAzcfYrbTF email=mvucinic@student.unipu.hr ts=1777447652141 status=NO_FACE_DETECTED
2026-05-17 18:08:32,098 [INFO] ANALYZED exam=tQoHDQTrz1iAzcfYrbTF email=mvucinic@student.unipu.hr ts=1777447663502 status=NO_FACE_DETECTED
2026-05-17 18:08:33,207 [INFO] ANALYZED exam=tQoHDQTrz1iAzcfYrbTF email=mvucinic@student.unipu.hr ts=1777447667174 status=NO_FACE_DETECTED
2026-05-17 18:08:34,319 [INFO] ANALYZED exam=tQoHDQTrz1iAzcfYrbTF email=mvucinic@student.unipu.hr ts=1777447674758 status=NO_FACE_DETECTED
2026-05-17 18:08:35,429 [INFO] ANALYZED exam=tQoHDQTrz1iAzcfYrbTF email=mvucinic@student.unipu.hr ts=1777447678429 status=NO_FACE_DETECTED
2026-05-17 18:08:36,539 [INFO] ANALYZED exam=tQoHDQTrz1iAzcfYrbTF email=mvucinic@student.unipu.hr ts=1777447684949 status=NO_FACE_DETECTED
2026-05-17 18:08:37,650 [INFO] ANALYZED exam=tQoHDQTrz1iAzcfYrbTF email=mvucinic@student.unipu.hr ts=1777447695990 status=NO_FACE_DETECTED
2026-05-17 18:08:38,766 [INFO] ANALYZED exam=tQoHDQTrz1iAzcfYrbTF email=mvucinic@student.unipu.hr ts=1777447698662 status=NO_FACE_DETECTED
2026-05-17 18:08:39,880 [INFO] ANALYZED exam=tQoHDQTrz1iAzcfYrbTF email=mvucinic@student.unipu.hr ts=1777447709502 status=NO_FACE_DETECTED
2026-05-17 18:08:40,994 [INFO] ANALYZED exam=tQoHDQTrz1iAzcfYrbTF email=mvucinic@student.unipu.hr ts=1777447717150 status=NO_FACE_DETECTED
2026-05-17 18:08:42,106 [INFO] ANALYZED exam=tQoHDQTrz1iAzcfYrbTF email=mvucinic@student.unipu.hr ts=1777447720342 status=NO_FACE_DETECTED
2026-05-17 18:08:43,219 [INFO] ANALYZED exam=tQoHDQTrz1iAzcfYrbTF email=mvucinic@student.unipu.hr ts=1777447722933 status=NO_FACE_DETECTED
2026-05-17 18:08:44,334 [INFO] ANALYZED exam=tQoHDQTrz1iAzcfYrbTF email=mvucinic@student.unipu.hr ts=1777447724454 status=NO_FACE_DETECTED
2026-05-17 18:08:45,446 [INFO] ANALYZED exam=tQoHDQTrz1iAzcfYrbTF email=mvucinic@student.unipu.hr ts=1777447726967 status=NO_FACE_DETECTED
2026-05-17 18:08:46,558 [INFO] ANALYZED exam=tQoHDQTrz1iAzcfYrbTF email=mvucinic@student.unipu.hr ts=1777447734509 status=NO_FACE_DETECTED
2026-05-17 18:08:47,670 [INFO] ANALYZED exam=tQoHDQTrz1iAzcfYrbTF email=mvucinic@student.unipu.hr ts=1777447738421 status=NO_FACE_DETECTED
2026-05-17 18:08:48,783 [INFO] ANALYZED exam=tQoHDQTrz1iAzcfYrbTF email=mvucinic@student.unipu.hr ts=1777447748950 status=NO_FACE_DETECTED
2026-05-17 18:08:49,894 [INFO] ANALYZED exam=tQoHDQTrz1iAzcfYrbTF email=mvucinic@student.unipu.hr ts=1777447750638 status=NO_FACE_DETECTED
2026-05-17 18:08:51,007 [INFO] ANALYZED exam=tQoHDQTrz1iAzcfYrbTF email=mvucinic@student.unipu.hr ts=1777447761382 status=NO_FACE_DETECTED
2026-05-17 18:08:52,113 [INFO] ANALYZED exam=tQoHDQTrz1iAzcfYrbTF email=mvucinic@student.unipu.hr ts=1777447765038 status=NO_FACE_DETECTED
2026-05-17 18:08:53,227 [INFO] ANALYZED exam=tQoHDQTrz1iAzcfYrbTF email=mvucinic@student.unipu.hr ts=1777447774566 status=NO_FACE_DETECTED
2026-05-17 18:08:54,338 [INFO] ANALYZED exam=tQoHDQTrz1iAzcfYrbTF email=mvucinic@student.unipu.hr ts=1777447780223 status=NO_FACE_DETECTED
2026-05-17 18:08:55,453 [INFO] ANALYZED exam=tQoHDQTrz1iAzcfYrbTF email=mvucinic@student.unipu.hr ts=1777447785304 status=NO_FACE_DETECTED
2026-05-17 18:08:56,568 [INFO] ANALYZED exam=tQoHDQTrz1iAzcfYrbTF email=mvucinic@student.unipu.hr ts=1777447786839 status=NO_FACE_DETECTED
2026-05-17 18:08:57,684 [INFO] ANALYZED exam=tQoHDQTrz1iAzcfYrbTF email=mvucinic@student.unipu.hr ts=1777447791367 status=NO_FACE_DETECTED
2026-05-17 18:08:58,798 [INFO] ANALYZED exam=tQoHDQTrz1iAzcfYrbTF email=mvucinic@student.unipu.hr ts=1777447797926 status=NO_FACE_DETECTED
2026-05-17 18:08:59,907 [INFO] ANALYZED exam=tQoHDQTrz1iAzcfYrbTF email=mvucinic@student.unipu.hr ts=1777447807518 status=NO_FACE_DETECTED
2026-05-17 18:09:01,020 [INFO] ANALYZED exam=tQoHDQTrz1iAzcfYrbTF email=mvucinic@student.unipu.hr ts=1777447810135 status=NO_FACE_DETECTED
2026-05-17 18:09:02,129 [INFO] ANALYZED exam=tQoHDQTrz1iAzcfYrbTF email=mvucinic@student.unipu.hr ts=1777447811622 status=NO_FACE_DETECTED
2026-05-17 18:09:03,243 [INFO] ANALYZED exam=tQoHDQTrz1iAzcfYrbTF email=mvucinic@student.unipu.hr ts=1777447821167 status=NO_FACE_DETECTED
2026-05-17 18:09:04,348 [INFO] ANALYZED exam=tQoHDQTrz1iAzcfYrbTF email=mvucinic@student.unipu.hr ts=1777447829967 status=NO_FACE_DETECTED
2026-05-17 18:09:05,452 [INFO] ANALYZED exam=tQoHDQTrz1iAzcfYrbTF email=mvucinic@student.unipu.hr ts=1777447838648 status=NO_FACE_DETECTED
2026-05-17 18:09:06,563 [INFO] ANALYZED exam=tQoHDQTrz1iAzcfYrbTF email=mvucinic@student.unipu.hr ts=1777447844312 status=NO_FACE_DETECTED
2026-05-17 18:09:07,675 [INFO] ANALYZED exam=tQoHDQTrz1iAzcfYrbTF email=mvucinic@student.unipu.hr ts=1777447851832 status=NO_FACE_DETECTED
2026-05-17 18:09:08,785 [INFO] ANALYZED exam=tQoHDQTrz1iAzcfYrbTF email=mvucinic@student.unipu.hr ts=1777447858496 status=NO_FACE_DETECTED
2026-05-17 18:09:09,899 [INFO] ANALYZED exam=tQoHDQTrz1iAzcfYrbTF email=mvucinic@student.unipu.hr ts=1777447866152 status=NO_FACE_DETECTED
2026-05-17 18:09:11,009 [INFO] ANALYZED exam=tQoHDQTrz1iAzcfYrbTF email=mvucinic@student.unipu.hr ts=1777447869799 status=NO_FACE_DETECTED
2026-05-17 18:09:12,010 [INFO] ANALYZE_STOP reason=busy processed=43
2026-05-17 18:09:12,210 [INFO] BATCH_WRITE items=43
2026-05-17 18:09:23,211 [INFO] LOAD cpu=1.3% mem=+0.4% req_rate=0.00/min idle=True
2026-05-17 18:09:23,212 [INFO] ANALYZE_BEGIN n_pending=789
2026-05-17 18:09:24,468 [INFO] ANALYZED exam=tQoHDQTrz1iAzcfYrbTF email=mvucinic@student.unipu.hr ts=1777447879327 status=NO_FACE_DETECTED
2026-05-17 18:09:25,573 [INFO] ANALYZED exam=tQoHDQTrz1iAzcfYrbTF email=mvucinic@student.unipu.hr ts=1777447881024 status=NO_FACE_DETECTED
2026-05-17 18:09:26,688 [INFO] ANALYZED exam=tQoHDQTrz1iAzcfYrbTF email=mvucinic@student.unipu.hr ts=1777447883584 status=NO_FACE_DETECTED
2026-05-17 18:09:27,802 [INFO] ANALYZED exam=tQoHDQTrz1iAzcfYrbTF email=mvucinic@student.unipu.hr ts=1777447888136 status=NO_FACE_DETECTED
2026-05-17 18:09:28,910 [INFO] ANALYZED exam=tQoHDQTrz1iAzcfYrbTF email=mvucinic@student.unipu.hr ts=1777447895671 status=NO_FACE_DETECTED
2026-05-17 18:09:30,043 [INFO] ANALYZED exam=tQoHDQTrz1iAzcfYrbTF email=mvucinic@student.unipu.hr ts=1777447901319 status=NO_FACE_DETECTED
2026-05-17 18:09:31,153 [INFO] ANALYZED exam=tQoHDQTrz1iAzcfYrbTF email=mvucinic@student.unipu.hr ts=1777447902840 status=NO_FACE_DETECTED
2026-05-17 18:09:32,264 [INFO] ANALYZED exam=tQoHDQTrz1iAzcfYrbTF email=mvucinic@student.unipu.hr ts=1777447906336 status=NO_FACE_DETECTED
2026-05-17 18:09:33,375 [INFO] ANALYZED exam=tQoHDQTrz1iAzcfYrbTF email=mvucinic@student.unipu.hr ts=1777447908863 status=NO_FACE_DETECTED
2026-05-17 18:09:34,490 [INFO] ANALYZED exam=tQoHDQTrz1iAzcfYrbTF email=mvucinic@student.unipu.hr ts=1777447913504 status=NO_FACE_DETECTED
2026-05-17 18:09:35,603 [INFO] ANALYZED exam=tQoHDQTrz1iAzcfYrbTF email=mvucinic@student.unipu.hr ts=1777447922032 status=NO_FACE_DETECTED
2026-05-17 18:09:36,713 [INFO] ANALYZED exam=tQoHDQTrz1iAzcfYrbTF email=mvucinic@student.unipu.hr ts=1777447928728 status=NO_FACE_DETECTED
2026-05-17 18:09:37,823 [INFO] ANALYZED exam=tQoHDQTrz1iAzcfYrbTF email=mvucinic@student.unipu.hr ts=1777447932496 status=NO_FACE_DETECTED
2026-05-17 18:09:38,932 [INFO] ANALYZED exam=tQoHDQTrz1iAzcfYrbTF email=mvucinic@student.unipu.hr ts=1777447941040 status=NO_FACE_DETECTED
2026-05-17 18:09:40,039 [INFO] ANALYZED exam=tQoHDQTrz1iAzcfYrbTF email=mvucinic@student.unipu.hr ts=1777447949743 status=NO_FACE_DETECTED
2026-05-17 18:09:41,148 [INFO] ANALYZED exam=tQoHDQTrz1iAzcfYrbTF email=mvucinic@student.unipu.hr ts=1777447954408 status=NO_FACE_DETECTED
2026-05-17 18:09:42,257 [INFO] ANALYZED exam=tQoHDQTrz1iAzcfYrbTF email=mvucinic@student.unipu.hr ts=1777447957928 status=NO_FACE_DETECTED
2026-05-17 18:09:43,366 [INFO] ANALYZED exam=tQoHDQTrz1iAzcfYrbTF email=mvucinic@student.unipu.hr ts=1777447962552 status=NO_FACE_DETECTED
2026-05-17 18:09:44,480 [INFO] ANALYZED exam=tQoHDQTrz1iAzcfYrbTF email=mvucinic@student.unipu.hr ts=1777447967080 status=NO_FACE_DETECTED
2026-05-17 18:09:45,592 [INFO] ANALYZED exam=tQoHDQTrz1iAzcfYrbTF email=mvucinic@student.unipu.hr ts=1777447975600 status=NO_FACE_DETECTED
2026-05-17 18:09:46,592 [INFO] ANALYZE_STOP reason=busy processed=20
2026-05-17 18:09:46,731 [INFO] BATCH_WRITE items=20
2026-05-17 18:09:57,732 [INFO] LOAD cpu=2.2% mem=+0.8% req_rate=10.77/min idle=False
2026-05-17 18:10:08,733 [INFO] LOAD cpu=3.4% mem=+-0.8% req_rate=10.91/min idle=False
2026-05-17 18:10:22,563 [INFO] LOAD cpu=4.1% mem=+-1.1% req_rate=13.01/min idle=False
2026-05-17 18:10:33,565 [INFO] LOAD cpu=5.7% mem=+-1.2% req_rate=10.91/min idle=False
2026-05-17 18:10:44,566 [INFO] LOAD cpu=3.7% mem=+-1.0% req_rate=16.36/min idle=False
2026-05-17 18:10:55,567 [INFO] LOAD cpu=2.3% mem=+-1.0% req_rate=16.36/min idle=False
2026-05-17 18:11:06,568 [INFO] LOAD cpu=5.1% mem=+-1.0% req_rate=10.91/min idle=False
2026-05-17 18:11:17,570 [INFO] LOAD cpu=1.8% mem=+-1.1% req_rate=10.91/min idle=False
2026-05-17 18:11:32,230 [INFO] LOAD cpu=2.0% mem=+-1.2% req_rate=12.28/min idle=False
2026-05-17 18:11:43,232 [INFO] LOAD cpu=3.8% mem=+-1.3% req_rate=10.91/min idle=False
2026-05-17 18:11:54,233 [INFO] LOAD cpu=2.5% mem=+-1.3% req_rate=10.91/min idle=False
2026-05-17 18:12:05,234 [INFO] LOAD cpu=2.1% mem=+-1.4% req_rate=10.91/min idle=False
2026-05-17 18:12:16,236 [INFO] LOAD cpu=3.3% mem=+-1.3% req_rate=16.36/min idle=False
2026-05-17 18:12:27,237 [INFO] LOAD cpu=1.8% mem=+-1.2% req_rate=10.91/min idle=False
2026-05-17 18:12:40,997 [INFO] LOAD cpu=3.5% mem=+-1.3% req_rate=13.08/min idle=False
2026-05-17 18:12:51,998 [INFO] LOAD cpu=6.0% mem=+-1.1% req_rate=10.91/min idle=False
2026-05-17 18:12:54,311 [INFO] SIGNAL received signal=2; will exit after current cycle
2026-05-17 18:12:54,509 [INFO] SIGNAL received signal=15; will exit after current cycle
2026-05-17 18:13:01,999 [INFO] SHUTDOWN flushed=0
2026-05-17 18:13:28,273 [INFO] STARTUP pid=127360 cwd=/media/gamedisk/Zadace/Faks/FaceQuizNovi/face-quiz-backend bucket=face-quiz-media env=production
2026-05-17 18:13:30,735 [INFO] BASELINE mem=52.7%
2026-05-17 18:13:31,742 [INFO] LOAD cpu=3.6% mem=+0.1% req_rate=0.00/min idle=True
2026-05-17 18:13:31,743 [INFO] ANALYZE_BEGIN n_pending=769
2026-05-17 18:13:34,329 [INFO] ANALYZED exam=tQoHDQTrz1iAzcfYrbTF email=npongraci@student.unipu.hr ts=1777827993359 status=FACE_DETECTED
2026-05-17 18:13:35,454 [INFO] ANALYZED exam=tQoHDQTrz1iAzcfYrbTF email=npongraci@student.unipu.hr ts=1777827995267 status=FACE_DETECTED
2026-05-17 18:13:36,455 [INFO] ANALYZE_STOP reason=busy processed=2
2026-05-17 18:13:36,881 [INFO] BATCH_WRITE items=2
2026-05-17 18:13:47,882 [INFO] LOAD cpu=1.3% mem=+0.1% req_rate=10.50/min idle=False
2026-05-17 18:13:58,883 [INFO] LOAD cpu=1.4% mem=+-0.8% req_rate=10.91/min idle=False
2026-05-17 18:14:09,884 [INFO] LOAD cpu=1.8% mem=+-1.1% req_rate=10.91/min idle=False
2026-05-17 18:14:20,885 [INFO] LOAD cpu=1.9% mem=+-0.9% req_rate=5.45/min idle=False
2026-05-17 18:14:36,183 [INFO] LOAD cpu=6.0% mem=+-1.0% req_rate=0.00/min idle=True
2026-05-17 18:14:36,183 [INFO] ANALYZE_BEGIN n_pending=767
2026-05-17 18:14:37,319 [INFO] ANALYZED exam=tQoHDQTrz1iAzcfYrbTF email=npongraci@student.unipu.hr ts=1777828002046 status=FACE_DETECTED
2026-05-17 18:14:38,446 [INFO] ANALYZED exam=tQoHDQTrz1iAzcfYrbTF email=npongraci@student.unipu.hr ts=1777828012806 status=FACE_DETECTED
2026-05-17 18:14:39,579 [INFO] ANALYZED exam=tQoHDQTrz1iAzcfYrbTF email=npongraci@student.unipu.hr ts=1777828020574 status=FACE_DETECTED
2026-05-17 18:14:40,699 [INFO] ANALYZED exam=tQoHDQTrz1iAzcfYrbTF email=npongraci@student.unipu.hr ts=1777828029368 status=FACE_DETECTED
2026-05-17 18:14:41,831 [INFO] ANALYZED exam=tQoHDQTrz1iAzcfYrbTF email=npongraci@student.unipu.hr ts=1777828039224 status=FACE_DETECTED
2026-05-17 18:14:42,960 [INFO] ANALYZED exam=tQoHDQTrz1iAzcfYrbTF email=npongraci@student.unipu.hr ts=1777828049961 status=FACE_DETECTED
2026-05-17 18:14:44,115 [INFO] ANALYZED exam=tQoHDQTrz1iAzcfYrbTF email=npongraci@student.unipu.hr ts=1777828055759 status=FACE_DETECTED
2026-05-17 18:14:45,240 [INFO] ANALYZED exam=tQoHDQTrz1iAzcfYrbTF email=npongraci@student.unipu.hr ts=1777828060504 status=FACE_DETECTED
2026-05-17 18:14:46,370 [INFO] ANALYZED exam=tQoHDQTrz1iAzcfYrbTF email=npongraci@student.unipu.hr ts=1777828066195 status=FACE_DETECTED
2026-05-17 18:14:47,488 [INFO] ANALYZED exam=tQoHDQTrz1iAzcfYrbTF email=npongraci@student.unipu.hr ts=1777828067805 status=FACE_DETECTED
2026-05-17 18:14:48,641 [INFO] ANALYZED exam=tQoHDQTrz1iAzcfYrbTF email=npongraci@student.unipu.hr ts=1777828069417 status=FACE_DETECTED
2026-05-17 18:14:49,763 [INFO] ANALYZED exam=tQoHDQTrz1iAzcfYrbTF email=npongraci@student.unipu.hr ts=1777828078130 status=FACE_DETECTED
2026-05-17 18:14:50,882 [INFO] ANALYZED exam=tQoHDQTrz1iAzcfYrbTF email=npongraci@student.unipu.hr ts=1777828082898 status=FACE_DETECTED
2026-05-17 18:14:52,010 [INFO] ANALYZED exam=tQoHDQTrz1iAzcfYrbTF email=npongraci@student.unipu.hr ts=1777828090598 status=FACE_DETECTED
2026-05-17 18:14:53,170 [INFO] ANALYZED exam=tQoHDQTrz1iAzcfYrbTF email=npongraci@student.unipu.hr ts=1777828101433 status=FACE_DETECTED
2026-05-17 18:14:54,299 [INFO] ANALYZED exam=tQoHDQTrz1iAzcfYrbTF email=npongraci@student.unipu.hr ts=1777828109264 status=FACE_DETECTED
2026-05-17 18:14:55,458 [INFO] ANALYZED exam=tQoHDQTrz1iAzcfYrbTF email=npongraci@student.unipu.hr ts=1777828114034 status=FACE_DETECTED
2026-05-17 18:14:56,582 [INFO] ANALYZED exam=tQoHDQTrz1iAzcfYrbTF email=npongraci@student.unipu.hr ts=1777828115743 status=FACE_DETECTED
2026-05-17 18:14:57,711 [INFO] ANALYZED exam=tQoHDQTrz1iAzcfYrbTF email=npongraci@student.unipu.hr ts=1777828123502 status=FACE_DETECTED
2026-05-17 18:14:58,828 [INFO] ANALYZED exam=tQoHDQTrz1iAzcfYrbTF email=npongraci@student.unipu.hr ts=1777828128230 status=FACE_DETECTED
2026-05-17 18:14:59,946 [INFO] ANALYZED exam=tQoHDQTrz1iAzcfYrbTF email=npongraci@student.unipu.hr ts=1777828133844 status=FACE_DETECTED
2026-05-17 18:15:01,112 [INFO] ANALYZED exam=tQoHDQTrz1iAzcfYrbTF email=npongraci@student.unipu.hr ts=1777828137508 status=FACE_DETECTED
2026-05-17 18:15:02,236 [INFO] ANALYZED exam=tQoHDQTrz1iAzcfYrbTF email=npongraci@student.unipu.hr ts=1777828141198 status=FACE_DETECTED
2026-05-17 18:15:03,379 [INFO] ANALYZED exam=tQoHDQTrz1iAzcfYrbTF email=npongraci@student.unipu.hr ts=1777828147918 status=FACE_DETECTED
2026-05-17 18:15:04,518 [INFO] ANALYZED exam=tQoHDQTrz1iAzcfYrbTF email=npongraci@student.unipu.hr ts=1777828151736 status=FACE_DETECTED
2026-05-17 18:15:05,665 [INFO] ANALYZED exam=tQoHDQTrz1iAzcfYrbTF email=npongraci@student.unipu.hr ts=1777828162433 status=FACE_DETECTED
2026-05-17 18:15:06,791 [INFO] ANALYZED exam=tQoHDQTrz1iAzcfYrbTF email=npongraci@student.unipu.hr ts=1777828165297 status=FACE_DETECTED
2026-05-17 18:15:07,920 [INFO] ANALYZED exam=tQoHDQTrz1iAzcfYrbTF email=npongraci@student.unipu.hr ts=1777828172937 status=FACE_DETECTED
2026-05-17 18:15:09,041 [INFO] ANALYZED exam=tQoHDQTrz1iAzcfYrbTF email=npongraci@student.unipu.hr ts=1777828183740 status=FACE_DETECTED
2026-05-17 18:15:10,162 [INFO] ANALYZED exam=tQoHDQTrz1iAzcfYrbTF email=npongraci@student.unipu.hr ts=1777828185533 status=FACE_DETECTED
2026-05-17 18:15:11,163 [INFO] ANALYZE_STOP reason=busy processed=30
2026-05-17 18:15:11,411 [INFO] BATCH_WRITE items=30
2026-05-17 18:15:22,412 [INFO] LOAD cpu=2.1% mem=+-1.2% req_rate=0.00/min idle=True
2026-05-17 18:15:22,413 [INFO] ANALYZE_BEGIN n_pending=737
2026-05-17 18:15:23,693 [INFO] ANALYZED exam=tQoHDQTrz1iAzcfYrbTF email=npongraci@student.unipu.hr ts=1777828188230 status=FACE_DETECTED
2026-05-17 18:15:24,812 [INFO] ANALYZED exam=tQoHDQTrz1iAzcfYrbTF email=npongraci@student.unipu.hr ts=1777828192881 status=FACE_DETECTED
2026-05-17 18:15:25,940 [INFO] ANALYZED exam=tQoHDQTrz1iAzcfYrbTF email=npongraci@student.unipu.hr ts=1777828196604 status=FACE_DETECTED
2026-05-17 18:15:27,072 [INFO] ANALYZED exam=tQoHDQTrz1iAzcfYrbTF email=npongraci@student.unipu.hr ts=1777828202246 status=FACE_DETECTED
2026-05-17 18:15:28,203 [INFO] ANALYZED exam=tQoHDQTrz1iAzcfYrbTF email=npongraci@student.unipu.hr ts=1777828207906 status=FACE_DETECTED
2026-05-17 18:15:29,352 [INFO] ANALYZED exam=tQoHDQTrz1iAzcfYrbTF email=npongraci@student.unipu.hr ts=1777828211518 status=NO_FACE_DETECTED
2026-05-17 18:15:30,492 [INFO] ANALYZED exam=tQoHDQTrz1iAzcfYrbTF email=npongraci@student.unipu.hr ts=1777828214218 status=FACE_DETECTED
2026-05-17 18:15:31,634 [INFO] ANALYZED exam=tQoHDQTrz1iAzcfYrbTF email=npongraci@student.unipu.hr ts=1777828220881 status=FACE_DETECTED
2026-05-17 18:15:32,770 [INFO] ANALYZED exam=tQoHDQTrz1iAzcfYrbTF email=npongraci@student.unipu.hr ts=1777828225714 status=FACE_DETECTED
2026-05-17 18:15:33,903 [INFO] ANALYZED exam=tQoHDQTrz1iAzcfYrbTF email=npongraci@student.unipu.hr ts=1777828227337 status=FACE_DETECTED
2026-05-17 18:15:35,043 [INFO] ANALYZED exam=tQoHDQTrz1iAzcfYrbTF email=npongraci@student.unipu.hr ts=1777828236006 status=FACE_DETECTED
2026-05-17 18:15:36,177 [INFO] ANALYZED exam=tQoHDQTrz1iAzcfYrbTF email=npongraci@student.unipu.hr ts=1777828239895 status=FACE_DETECTED
2026-05-17 18:15:37,307 [INFO] ANALYZED exam=tQoHDQTrz1iAzcfYrbTF email=npongraci@student.unipu.hr ts=1777828248536 status=FACE_DETECTED
2026-05-17 18:15:38,446 [INFO] ANALYZED exam=tQoHDQTrz1iAzcfYrbTF email=npongraci@student.unipu.hr ts=1777828258273 status=FACE_DETECTED
2026-05-17 18:15:39,576 [INFO] ANALYZED exam=tQoHDQTrz1iAzcfYrbTF email=npongraci@student.unipu.hr ts=1777828265193 status=FACE_DETECTED
2026-05-17 18:15:40,692 [INFO] ANALYZED exam=tQoHDQTrz1iAzcfYrbTF email=npongraci@student.unipu.hr ts=1777828267978 status=FACE_DETECTED
2026-05-17 18:15:41,846 [INFO] ANALYZED exam=tQoHDQTrz1iAzcfYrbTF email=npongraci@student.unipu.hr ts=1777828277605 status=FACE_DETECTED
2026-05-17 18:15:42,978 [INFO] ANALYZED exam=tQoHDQTrz1iAzcfYrbTF email=npongraci@student.unipu.hr ts=1777828288389 status=FACE_DETECTED
2026-05-17 18:15:44,102 [INFO] ANALYZED exam=tQoHDQTrz1iAzcfYrbTF email=npongraci@student.unipu.hr ts=1777828299298 status=FACE_DETECTED
2026-05-17 18:15:45,238 [INFO] ANALYZED exam=tQoHDQTrz1iAzcfYrbTF email=npongraci@student.unipu.hr ts=1777828310110 status=FACE_DETECTED
2026-05-17 18:15:46,365 [INFO] ANALYZED exam=tQoHDQTrz1iAzcfYrbTF email=npongraci@student.unipu.hr ts=1777828317974 status=FACE_DETECTED
2026-05-17 18:15:47,502 [INFO] ANALYZED exam=tQoHDQTrz1iAzcfYrbTF email=npongraci@student.unipu.hr ts=1777828320878 status=FACE_DETECTED
2026-05-17 18:15:48,625 [INFO] ANALYZED exam=tQoHDQTrz1iAzcfYrbTF email=npongraci@student.unipu.hr ts=1777828331610 status=FACE_DETECTED
2026-05-17 18:15:49,760 [INFO] ANALYZED exam=tQoHDQTrz1iAzcfYrbTF email=npongraci@student.unipu.hr ts=1777828342458 status=FACE_DETECTED
2026-05-17 18:15:50,888 [INFO] ANALYZED exam=tQoHDQTrz1iAzcfYrbTF email=npongraci@student.unipu.hr ts=1777828344321 status=FACE_DETECTED
2026-05-17 18:15:52,025 [INFO] ANALYZED exam=tQoHDQTrz1iAzcfYrbTF email=npongraci@student.unipu.hr ts=1777828347042 status=FACE_DETECTED
2026-05-17 18:15:53,156 [INFO] ANALYZED exam=tQoHDQTrz1iAzcfYrbTF email=npongraci@student.unipu.hr ts=1777828357738 status=FACE_DETECTED
2026-05-17 18:15:54,278 [INFO] ANALYZED exam=tQoHDQTrz1iAzcfYrbTF email=npongraci@student.unipu.hr ts=1777828368625 status=FACE_DETECTED
2026-05-17 18:15:55,398 [INFO] ANALYZED exam=tQoHDQTrz1iAzcfYrbTF email=npongraci@student.unipu.hr ts=1777828376506 status=FACE_DETECTED
2026-05-17 18:15:56,541 [INFO] ANALYZED exam=tQoHDQTrz1iAzcfYrbTF email=npongraci@student.unipu.hr ts=1777828381421 status=FACE_DETECTED
2026-05-17 18:15:57,679 [INFO] ANALYZED exam=tQoHDQTrz1iAzcfYrbTF email=npongraci@student.unipu.hr ts=1777828387156 status=FACE_DETECTED
2026-05-17 18:15:58,808 [INFO] ANALYZED exam=tQoHDQTrz1iAzcfYrbTF email=npongraci@student.unipu.hr ts=1777828396851 status=FACE_DETECTED
2026-05-17 18:15:59,954 [INFO] ANALYZED exam=tQoHDQTrz1iAzcfYrbTF email=npongraci@student.unipu.hr ts=1777828403666 status=FACE_DETECTED
2026-05-17 18:16:01,102 [INFO] ANALYZED exam=tQoHDQTrz1iAzcfYrbTF email=npongraci@student.unipu.hr ts=1777828412462 status=FACE_DETECTED
2026-05-17 18:16:02,237 [INFO] ANALYZED exam=tQoHDQTrz1iAzcfYrbTF email=npongraci@student.unipu.hr ts=1777828423302 status=FACE_DETECTED
2026-05-17 18:16:03,384 [INFO] ANALYZED exam=tQoHDQTrz1iAzcfYrbTF email=npongraci@student.unipu.hr ts=1777828427198 status=FACE_DETECTED
2026-05-17 18:16:04,532 [INFO] ANALYZED exam=tQoHDQTrz1iAzcfYrbTF email=npongraci@student.unipu.hr ts=1777828437843 status=FACE_DETECTED
2026-05-17 18:16:05,685 [INFO] ANALYZED exam=tQoHDQTrz1iAzcfYrbTF email=npongraci@student.unipu.hr ts=1777828444708 status=FACE_DETECTED
2026-05-17 18:16:06,817 [INFO] ANALYZED exam=tQoHDQTrz1iAzcfYrbTF email=npongraci@student.unipu.hr ts=1777828448487 status=FACE_DETECTED
2026-05-17 18:16:07,944 [INFO] ANALYZED exam=tQoHDQTrz1iAzcfYrbTF email=npongraci@student.unipu.hr ts=1777828454293 status=FACE_DETECTED
2026-05-17 18:16:09,089 [INFO] ANALYZED exam=tQoHDQTrz1iAzcfYrbTF email=npongraci@student.unipu.hr ts=1777828455904 status=FACE_DETECTED
2026-05-17 18:16:10,210 [INFO] ANALYZED exam=tQoHDQTrz1iAzcfYrbTF email=ntankov@unipu.hr ts=1778058165501 status=NO_FACE_DETECTED
2026-05-17 18:16:11,211 [INFO] ANALYZE_STOP reason=busy processed=42
2026-05-17 18:16:11,413 [INFO] BATCH_WRITE items=42
2026-05-17 18:16:22,415 [INFO] LOAD cpu=1.3% mem=+-1.5% req_rate=0.00/min idle=True
2026-05-17 18:16:22,415 [INFO] ANALYZE_BEGIN n_pending=695
2026-05-17 18:16:23,695 [INFO] ANALYZED exam=tQoHDQTrz1iAzcfYrbTF email=ntankov@unipu.hr ts=1778058173387 status=NO_FACE_DETECTED
2026-05-17 18:16:24,873 [INFO] ANALYZED exam=tQoHDQTrz1iAzcfYrbTF email=ntankov@unipu.hr ts=1778058177485 status=FACE_DETECTED
2026-05-17 18:16:25,995 [INFO] ANALYZED exam=tQoHDQTrz1iAzcfYrbTF email=ntankov@unipu.hr ts=1778058186593 status=FACE_DETECTED
2026-05-17 18:16:27,119 [INFO] ANALYZED exam=tQoHDQTrz1iAzcfYrbTF email=ntankov@unipu.hr ts=1778058191555 status=FACE_DETECTED
2026-05-17 18:16:28,240 [INFO] ANALYZED exam=tQoHDQTrz1iAzcfYrbTF email=ntankov@unipu.hr ts=1778058199529 status=FACE_DETECTED
2026-05-17 18:16:29,369 [INFO] ANALYZED exam=tQoHDQTrz1iAzcfYrbTF email=ntankov@unipu.hr ts=1778058202577 status=FACE_DETECTED
2026-05-17 18:16:30,518 [INFO] ANALYZED exam=tQoHDQTrz1iAzcfYrbTF email=ntankov@unipu.hr ts=1778058204468 status=FACE_DETECTED
2026-05-17 18:16:31,648 [INFO] ANALYZED exam=tQoHDQTrz1iAzcfYrbTF email=ntankov@unipu.hr ts=1778058213396 status=FACE_DETECTED
2026-05-17 18:16:32,830 [INFO] ANALYZED exam=tQoHDQTrz1iAzcfYrbTF email=ntankov@unipu.hr ts=1778058222299 status=FACE_DETECTED
2026-05-17 18:16:33,969 [INFO] ANALYZED exam=tQoHDQTrz1iAzcfYrbTF email=ntankov@unipu.hr ts=1778058224389 status=FACE_DETECTED
2026-05-17 18:16:35,126 [INFO] ANALYZED exam=tQoHDQTrz1iAzcfYrbTF email=ntankov@unipu.hr ts=1778058229290 status=FACE_DETECTED
2026-05-17 18:16:36,127 [INFO] ANALYZE_STOP reason=busy processed=11
2026-05-17 18:16:36,268 [INFO] BATCH_WRITE items=11
2026-05-17 18:16:47,269 [INFO] LOAD cpu=1.1% mem=+-1.7% req_rate=0.00/min idle=True
2026-05-17 18:16:47,269 [INFO] ANALYZE_BEGIN n_pending=684
2026-05-17 18:16:48,557 [INFO] ANALYZED exam=tQoHDQTrz1iAzcfYrbTF email=ppodunava@student.unipu.hr ts=1777141946285 status=NO_FACE_DETECTED
2026-05-17 18:16:49,705 [INFO] ANALYZED exam=tQoHDQTrz1iAzcfYrbTF email=ppodunava@student.unipu.hr ts=1777141953222 status=NO_FACE_DETECTED
2026-05-17 18:16:50,858 [INFO] ANALYZED exam=tQoHDQTrz1iAzcfYrbTF email=ppodunava@student.unipu.hr ts=1777141963116 status=NO_FACE_DETECTED
2026-05-17 18:16:51,999 [INFO] ANALYZED exam=tQoHDQTrz1iAzcfYrbTF email=ppodunava@student.unipu.hr ts=1777141968047 status=NO_FACE_DETECTED
2026-05-17 18:16:53,147 [INFO] ANALYZED exam=tQoHDQTrz1iAzcfYrbTF email=ppodunava@student.unipu.hr ts=1777141971833 status=NO_FACE_DETECTED
2026-05-17 18:16:54,261 [INFO] ANALYZED exam=tQoHDQTrz1iAzcfYrbTF email=ppodunava@student.unipu.hr ts=1777141978679 status=NO_FACE_DETECTED
2026-05-17 18:16:55,404 [INFO] ANALYZED exam=tQoHDQTrz1iAzcfYrbTF email=ppodunava@student.unipu.hr ts=1777141988564 status=NO_FACE_DETECTED
2026-05-17 18:16:56,540 [INFO] ANALYZED exam=tQoHDQTrz1iAzcfYrbTF email=ppodunava@student.unipu.hr ts=1777141999470 status=NO_FACE_DETECTED
2026-05-17 18:16:57,680 [INFO] ANALYZED exam=tQoHDQTrz1iAzcfYrbTF email=ppodunava@student.unipu.hr ts=1777142074275 status=NO_FACE_DETECTED
2026-05-17 18:16:58,810 [INFO] ANALYZED exam=tQoHDQTrz1iAzcfYrbTF email=ppodunava@student.unipu.hr ts=1777142079026 status=NO_FACE_DETECTED
2026-05-17 18:16:59,949 [INFO] ANALYZED exam=tQoHDQTrz1iAzcfYrbTF email=ppodunava@student.unipu.hr ts=1777142084710 status=NO_FACE_DETECTED
2026-05-17 18:17:01,072 [INFO] ANALYZED exam=tQoHDQTrz1iAzcfYrbTF email=ppodunava@student.unipu.hr ts=1777142091435 status=NO_FACE_DETECTED
2026-05-17 18:17:02,203 [INFO] ANALYZED exam=tQoHDQTrz1iAzcfYrbTF email=ppodunava@student.unipu.hr ts=1777142093321 status=NO_FACE_DETECTED
2026-05-17 18:17:03,347 [INFO] ANALYZED exam=tQoHDQTrz1iAzcfYrbTF email=ppodunava@student.unipu.hr ts=1777142099031 status=NO_FACE_DETECTED
2026-05-17 18:17:04,524 [INFO] ANALYZED exam=tQoHDQTrz1iAzcfYrbTF email=ppodunava@student.unipu.hr ts=1777142109673 status=NO_FACE_DETECTED
2026-05-17 18:17:05,661 [INFO] ANALYZED exam=tQoHDQTrz1iAzcfYrbTF email=ppodunava@student.unipu.hr ts=1777142113680 status=NO_FACE_DETECTED
2026-05-17 18:17:06,796 [INFO] ANALYZED exam=tQoHDQTrz1iAzcfYrbTF email=ppodunava@student.unipu.hr ts=1777142118381 status=NO_FACE_DETECTED
2026-05-17 18:17:07,932 [INFO] ANALYZED exam=tQoHDQTrz1iAzcfYrbTF email=ppodunava@student.unipu.hr ts=1777142127121 status=NO_FACE_DETECTED
2026-05-17 18:17:09,047 [INFO] ANALYZED exam=tQoHDQTrz1iAzcfYrbTF email=ppodunava@student.unipu.hr ts=1777142132012 status=NO_FACE_DETECTED
2026-05-17 18:17:10,185 [INFO] ANALYZED exam=tQoHDQTrz1iAzcfYrbTF email=ppodunava@student.unipu.hr ts=1777142142718 status=NO_FACE_DETECTED
2026-05-17 18:17:11,186 [INFO] ANALYZE_STOP reason=busy processed=20
2026-05-17 18:17:11,412 [INFO] BATCH_WRITE items=20
2026-05-17 18:17:22,413 [INFO] LOAD cpu=1.3% mem=+-1.5% req_rate=0.00/min idle=True
2026-05-17 18:17:22,413 [INFO] ANALYZE_BEGIN n_pending=664
2026-05-17 18:17:23,701 [INFO] ANALYZED exam=tQoHDQTrz1iAzcfYrbTF email=ppodunava@student.unipu.hr ts=1777142150526 status=NO_FACE_DETECTED
2026-05-17 18:17:24,834 [INFO] ANALYZED exam=tQoHDQTrz1iAzcfYrbTF email=ppodunava@student.unipu.hr ts=1777142161337 status=NO_FACE_DETECTED
2026-05-17 18:17:25,952 [INFO] ANALYZED exam=tQoHDQTrz1iAzcfYrbTF email=ppodunava@student.unipu.hr ts=1777142163145 status=NO_FACE_DETECTED
2026-05-17 18:17:27,084 [INFO] ANALYZED exam=tQoHDQTrz1iAzcfYrbTF email=ppodunava@student.unipu.hr ts=1777142166845 status=NO_FACE_DETECTED
2026-05-17 18:17:28,228 [INFO] ANALYZED exam=tQoHDQTrz1iAzcfYrbTF email=ppodunava@student.unipu.hr ts=1777142169570 status=NO_FACE_DETECTED
2026-05-17 18:17:29,350 [INFO] ANALYZED exam=tQoHDQTrz1iAzcfYrbTF email=ppodunava@student.unipu.hr ts=1777142177225 status=NO_FACE_DETECTED
2026-05-17 18:17:30,480 [INFO] ANALYZED exam=tQoHDQTrz1iAzcfYrbTF email=ppodunava@student.unipu.hr ts=1777142184026 status=NO_FACE_DETECTED
2026-05-17 18:17:31,599 [INFO] ANALYZED exam=tQoHDQTrz1iAzcfYrbTF email=ppodunava@student.unipu.hr ts=1777142188838 status=FACE_DETECTED
2026-05-17 18:17:32,742 [INFO] ANALYZED exam=tQoHDQTrz1iAzcfYrbTF email=ppodunava@student.unipu.hr ts=1777142190501 status=FACE_DETECTED
2026-05-17 18:17:33,871 [INFO] ANALYZED exam=tQoHDQTrz1iAzcfYrbTF email=ppodunava@student.unipu.hr ts=1777142198152 status=NO_FACE_DETECTED
2026-05-17 18:17:34,993 [INFO] ANALYZED exam=tQoHDQTrz1iAzcfYrbTF email=ppodunava@student.unipu.hr ts=1777142201002 status=NO_FACE_DETECTED
2026-05-17 18:17:36,116 [INFO] ANALYZED exam=tQoHDQTrz1iAzcfYrbTF email=ppodunava@student.unipu.hr ts=1777142206696 status=NO_FACE_DETECTED
2026-05-17 18:17:37,235 [INFO] ANALYZED exam=tQoHDQTrz1iAzcfYrbTF email=ppodunava@student.unipu.hr ts=1777142212379 status=NO_FACE_DETECTED
2026-05-17 18:17:38,356 [INFO] ANALYZED exam=tQoHDQTrz1iAzcfYrbTF email=ppodunava@student.unipu.hr ts=1777142218090 status=NO_FACE_DETECTED
2026-05-17 18:17:39,478 [INFO] ANALYZED exam=tQoHDQTrz1iAzcfYrbTF email=ppodunava@student.unipu.hr ts=1777142226792 status=NO_FACE_DETECTED
2026-05-17 18:17:40,614 [INFO] ANALYZED exam=tQoHDQTrz1iAzcfYrbTF email=ppodunava@student.unipu.hr ts=1777142233612 status=NO_FACE_DETECTED
2026-05-17 18:17:41,813 [INFO] ANALYZED exam=tQoHDQTrz1iAzcfYrbTF email=ppodunava@student.unipu.hr ts=1777142239436 status=NO_FACE_DETECTED
2026-05-17 18:17:42,952 [INFO] ANALYZED exam=tQoHDQTrz1iAzcfYrbTF email=ppodunava@student.unipu.hr ts=1777142241111 status=NO_FACE_DETECTED
2026-05-17 18:17:44,076 [INFO] ANALYZED exam=tQoHDQTrz1iAzcfYrbTF email=ppodunava@student.unipu.hr ts=1777142247838 status=NO_FACE_DETECTED
2026-05-17 18:17:45,201 [INFO] ANALYZED exam=tQoHDQTrz1iAzcfYrbTF email=ppodunava@student.unipu.hr ts=1777142252742 status=NO_FACE_DETECTED
2026-05-17 18:17:46,329 [INFO] ANALYZED exam=tQoHDQTrz1iAzcfYrbTF email=ppodunava@student.unipu.hr ts=1777142259450 status=NO_FACE_DETECTED
2026-05-17 18:17:47,456 [INFO] ANALYZED exam=tQoHDQTrz1iAzcfYrbTF email=ppodunava@student.unipu.hr ts=1777142270385 status=NO_FACE_DETECTED
2026-05-17 18:17:48,581 [INFO] ANALYZED exam=tQoHDQTrz1iAzcfYrbTF email=ppodunava@student.unipu.hr ts=1777142272284 status=NO_FACE_DETECTED
2026-05-17 18:17:49,712 [INFO] ANALYZED exam=tQoHDQTrz1iAzcfYrbTF email=ppodunava@student.unipu.hr ts=1777142274080 status=NO_FACE_DETECTED
2026-05-17 18:17:50,851 [INFO] ANALYZED exam=tQoHDQTrz1iAzcfYrbTF email=ppodunava@student.unipu.hr ts=1777142281771 status=NO_FACE_DETECTED
2026-05-17 18:17:51,998 [INFO] ANALYZED exam=tQoHDQTrz1iAzcfYrbTF email=ppodunava@student.unipu.hr ts=1777142290603 status=NO_FACE_DETECTED
2026-05-17 18:17:53,127 [INFO] ANALYZED exam=tQoHDQTrz1iAzcfYrbTF email=ppodunava@student.unipu.hr ts=1777142297501 status=NO_FACE_DETECTED
2026-05-17 18:17:54,257 [INFO] ANALYZED exam=tQoHDQTrz1iAzcfYrbTF email=ppodunava@student.unipu.hr ts=1777142301424 status=NO_FACE_DETECTED
2026-05-17 18:17:55,387 [INFO] ANALYZED exam=tQoHDQTrz1iAzcfYrbTF email=ppodunava@student.unipu.hr ts=1777142310121 status=NO_FACE_DETECTED
2026-05-17 18:17:56,498 [INFO] ANALYZED exam=tQoHDQTrz1iAzcfYrbTF email=ppodunava@student.unipu.hr ts=1777145923629 status=NO_FACE_DETECTED
2026-05-17 18:17:57,613 [INFO] ANALYZED exam=tQoHDQTrz1iAzcfYrbTF email=ppodunava@student.unipu.hr ts=1777145927509 status=NO_FACE_DETECTED
2026-05-17 18:17:58,729 [INFO] ANALYZED exam=tQoHDQTrz1iAzcfYrbTF email=ppodunava@student.unipu.hr ts=1777145938219 status=NO_FACE_DETECTED
2026-05-17 18:17:59,846 [INFO] ANALYZED exam=tQoHDQTrz1iAzcfYrbTF email=ppodunava@student.unipu.hr ts=1777145943009 status=NO_FACE_DETECTED
2026-05-17 18:18:00,959 [INFO] ANALYZED exam=tQoHDQTrz1iAzcfYrbTF email=ppodunava@student.unipu.hr ts=1777145947662 status=NO_FACE_DETECTED
2026-05-17 18:18:02,072 [INFO] ANALYZED exam=tQoHDQTrz1iAzcfYrbTF email=ppodunava@student.unipu.hr ts=1777145953337 status=NO_FACE_DETECTED
2026-05-17 18:18:03,189 [INFO] ANALYZED exam=tQoHDQTrz1iAzcfYrbTF email=ppodunava@student.unipu.hr ts=1777145960022 status=NO_FACE_DETECTED
2026-05-17 18:18:04,307 [INFO] ANALYZED exam=tQoHDQTrz1iAzcfYrbTF email=ppodunava@student.unipu.hr ts=1777145968807 status=NO_FACE_DETECTED
2026-05-17 18:18:05,421 [INFO] ANALYZED exam=tQoHDQTrz1iAzcfYrbTF email=ppodunava@student.unipu.hr ts=1777145977596 status=NO_FACE_DETECTED
2026-05-17 18:18:06,533 [INFO] ANALYZED exam=tQoHDQTrz1iAzcfYrbTF email=ppodunava@student.unipu.hr ts=1777145988395 status=NO_FACE_DETECTED
2026-05-17 18:18:07,669 [INFO] ANALYZED exam=tQoHDQTrz1iAzcfYrbTF email=ppodunava@student.unipu.hr ts=1777149110661 status=NO_FACE_DETECTED
2026-05-17 18:18:08,799 [INFO] ANALYZED exam=tQoHDQTrz1iAzcfYrbTF email=ppodunava@student.unipu.hr ts=1777149120526 status=NO_FACE_DETECTED
2026-05-17 18:18:09,921 [INFO] ANALYZED exam=tQoHDQTrz1iAzcfYrbTF email=ppodunava@student.unipu.hr ts=1777149126405 status=NO_FACE_DETECTED
2026-05-17 18:18:10,922 [INFO] ANALYZE_STOP reason=busy processed=42
2026-05-17 18:18:11,136 [INFO] BATCH_WRITE items=42
2026-05-17 18:18:22,137 [INFO] LOAD cpu=1.5% mem=+-1.8% req_rate=0.00/min idle=True
2026-05-17 18:18:22,137 [INFO] ANALYZE_BEGIN n_pending=622
2026-05-17 18:18:23,428 [INFO] ANALYZED exam=tQoHDQTrz1iAzcfYrbTF email=ppodunava@student.unipu.hr ts=1777149130127 status=NO_FACE_DETECTED
2026-05-17 18:18:24,572 [INFO] ANALYZED exam=tQoHDQTrz1iAzcfYrbTF email=ppodunava@student.unipu.hr ts=1777149133861 status=NO_FACE_DETECTED
2026-05-17 18:18:25,691 [INFO] ANALYZED exam=tQoHDQTrz1iAzcfYrbTF email=ppodunava@student.unipu.hr ts=1777149139588 status=NO_FACE_DETECTED
2026-05-17 18:18:26,810 [INFO] ANALYZED exam=tQoHDQTrz1iAzcfYrbTF email=ppodunava@student.unipu.hr ts=1777149148286 status=NO_FACE_DETECTED
2026-05-17 18:18:27,953 [INFO] ANALYZED exam=tQoHDQTrz1iAzcfYrbTF email=ppodunava@student.unipu.hr ts=1777149156120 status=NO_FACE_DETECTED
2026-05-17 18:18:29,086 [INFO] ANALYZED exam=tQoHDQTrz1iAzcfYrbTF email=ppodunava@student.unipu.hr ts=1777149158954 status=NO_FACE_DETECTED
2026-05-17 18:18:30,232 [INFO] ANALYZED exam=tQoHDQTrz1iAzcfYrbTF email=ppodunava@student.unipu.hr ts=1777149163652 status=NO_FACE_DETECTED
2026-05-17 18:18:31,350 [INFO] ANALYZED exam=tQoHDQTrz1iAzcfYrbTF email=ppodunava@student.unipu.hr ts=1777149165351 status=NO_FACE_DETECTED
2026-05-17 18:18:32,480 [INFO] ANALYZED exam=tQoHDQTrz1iAzcfYrbTF email=ppodunava@student.unipu.hr ts=1777149172070 status=NO_FACE_DETECTED
2026-05-17 18:18:33,607 [INFO] ANALYZED exam=tQoHDQTrz1iAzcfYrbTF email=ppodunava@student.unipu.hr ts=1777149174928 status=NO_FACE_DETECTED
2026-05-17 18:18:34,733 [INFO] ANALYZED exam=tQoHDQTrz1iAzcfYrbTF email=ppodunava@student.unipu.hr ts=1777149176623 status=NO_FACE_DETECTED
2026-05-17 18:18:35,878 [INFO] ANALYZED exam=tQoHDQTrz1iAzcfYrbTF email=ppodunava@student.unipu.hr ts=1777149178320 status=NO_FACE_DETECTED
2026-05-17 18:18:37,007 [INFO] ANALYZED exam=tQoHDQTrz1iAzcfYrbTF email=ppodunava@student.unipu.hr ts=1777149182021 status=NO_FACE_DETECTED
2026-05-17 18:18:38,148 [INFO] ANALYZED exam=tQoHDQTrz1iAzcfYrbTF email=ppodunava@student.unipu.hr ts=1777149191744 status=NO_FACE_DETECTED
2026-05-17 18:18:39,315 [INFO] ANALYZED exam=tQoHDQTrz1iAzcfYrbTF email=ppodunava@student.unipu.hr ts=1777149194569 status=NO_FACE_DETECTED
2026-05-17 18:18:40,444 [INFO] ANALYZED exam=tQoHDQTrz1iAzcfYrbTF email=ppodunava@student.unipu.hr ts=1777149199285 status=NO_FACE_DETECTED
2026-05-17 18:18:41,567 [INFO] ANALYZED exam=tQoHDQTrz1iAzcfYrbTF email=ppodunava@student.unipu.hr ts=1777149208982 status=NO_FACE_DETECTED
2026-05-17 18:18:42,719 [INFO] ANALYZED exam=tQoHDQTrz1iAzcfYrbTF email=ppodunava@student.unipu.hr ts=1777149213852 status=NO_FACE_DETECTED
2026-05-17 18:18:43,850 [INFO] ANALYZED exam=tQoHDQTrz1iAzcfYrbTF email=ppodunava@student.unipu.hr ts=1777149215539 status=NO_FACE_DETECTED
2026-05-17 18:18:45,001 [INFO] ANALYZED exam=tQoHDQTrz1iAzcfYrbTF email=ppodunava@student.unipu.hr ts=1777149221250 status=NO_FACE_DETECTED
2026-05-17 18:18:46,130 [INFO] ANALYZED exam=tQoHDQTrz1iAzcfYrbTF email=ppodunava@student.unipu.hr ts=1777149222933 status=NO_FACE_DETECTED
2026-05-17 18:18:47,279 [INFO] ANALYZED exam=tQoHDQTrz1iAzcfYrbTF email=ppodunava@student.unipu.hr ts=1777149226655 status=NO_FACE_DETECTED
2026-05-17 18:18:48,418 [INFO] ANALYZED exam=tQoHDQTrz1iAzcfYrbTF email=ppodunava@student.unipu.hr ts=1777149235350 status=NO_FACE_DETECTED
2026-05-17 18:18:49,541 [INFO] ANALYZED exam=tQoHDQTrz1iAzcfYrbTF email=ppodunava@student.unipu.hr ts=1777149241182 status=NO_FACE_DETECTED
2026-05-17 18:18:50,655 [INFO] ANALYZED exam=tQoHDQTrz1iAzcfYrbTF email=ppodunava@student.unipu.hr ts=1777149245883 status=NO_FACE_DETECTED
2026-05-17 18:18:51,779 [INFO] ANALYZED exam=tQoHDQTrz1iAzcfYrbTF email=ppodunava@student.unipu.hr ts=1777149252596 status=NO_FACE_DETECTED
2026-05-17 18:18:52,896 [INFO] ANALYZED exam=tQoHDQTrz1iAzcfYrbTF email=ppodunava@student.unipu.hr ts=1777149260435 status=NO_FACE_DETECTED
2026-05-17 18:18:54,049 [INFO] ANALYZED exam=tQoHDQTrz1iAzcfYrbTF email=ppodunava@student.unipu.hr ts=1777149265265 status=NO_FACE_DETECTED
2026-05-17 18:18:55,172 [INFO] ANALYZED exam=tQoHDQTrz1iAzcfYrbTF email=ppodunava@student.unipu.hr ts=1777149266962 status=NO_FACE_DETECTED
2026-05-17 18:18:56,289 [INFO] ANALYZED exam=tQoHDQTrz1iAzcfYrbTF email=ppodunava@student.unipu.hr ts=1777149275668 status=NO_FACE_DETECTED
2026-05-17 18:18:57,419 [INFO] ANALYZED exam=tQoHDQTrz1iAzcfYrbTF email=ppodunava@student.unipu.hr ts=1777149286517 status=NO_FACE_DETECTED
2026-05-17 18:18:58,567 [INFO] ANALYZED exam=tQoHDQTrz1iAzcfYrbTF email=ppodunava@student.unipu.hr ts=1777149292333 status=NO_FACE_DETECTED
2026-05-17 18:18:59,693 [INFO] ANALYZED exam=tQoHDQTrz1iAzcfYrbTF email=ppodunava@student.unipu.hr ts=1777149302045 status=NO_FACE_DETECTED
2026-05-17 18:19:00,812 [INFO] ANALYZED exam=tQoHDQTrz1iAzcfYrbTF email=ppodunava@student.unipu.hr ts=1777149306879 status=NO_FACE_DETECTED
2026-05-17 18:19:01,955 [INFO] ANALYZED exam=tQoHDQTrz1iAzcfYrbTF email=ppodunava@student.unipu.hr ts=1777149316583 status=NO_FACE_DETECTED
2026-05-17 18:19:03,089 [INFO] ANALYZED exam=tQoHDQTrz1iAzcfYrbTF email=ppodunava@student.unipu.hr ts=1777149320431 status=NO_FACE_DETECTED
2026-05-17 18:19:04,212 [INFO] ANALYZED exam=tQoHDQTrz1iAzcfYrbTF email=ppodunava@student.unipu.hr ts=1777149331135 status=NO_FACE_DETECTED
2026-05-17 18:19:05,336 [INFO] ANALYZED exam=tQoHDQTrz1iAzcfYrbTF email=ppodunava@student.unipu.hr ts=1777149341982 status=NO_FACE_DETECTED
2026-05-17 18:19:06,458 [INFO] ANALYZED exam=tQoHDQTrz1iAzcfYrbTF email=ppodunava@student.unipu.hr ts=1777149344862 status=NO_FACE_DETECTED
2026-05-17 18:19:07,610 [INFO] ANALYZED exam=tQoHDQTrz1iAzcfYrbTF email=ppodunava@student.unipu.hr ts=1777149349565 status=NO_FACE_DETECTED
2026-05-17 18:19:08,749 [INFO] ANALYZED exam=tQoHDQTrz1iAzcfYrbTF email=ppodunava@student.unipu.hr ts=1777149355266 status=NO_FACE_DETECTED
2026-05-17 18:19:09,886 [INFO] ANALYZED exam=tQoHDQTrz1iAzcfYrbTF email=ppodunava@student.unipu.hr ts=1777149363966 status=NO_FACE_DETECTED
2026-05-17 18:19:11,018 [INFO] ANALYZED exam=tQoHDQTrz1iAzcfYrbTF email=ppodunava@student.unipu.hr ts=1777149373780 status=NO_FACE_DETECTED
2026-05-17 18:19:12,019 [INFO] ANALYZE_STOP reason=busy processed=43
2026-05-17 18:19:12,320 [INFO] BATCH_WRITE items=43
2026-05-17 18:19:26,166 [INFO] LOAD cpu=2.6% mem=+-1.7% req_rate=0.00/min idle=True
2026-05-17 18:19:26,166 [INFO] ANALYZE_BEGIN n_pending=579
2026-05-17 18:19:27,321 [INFO] ANALYZED exam=tQoHDQTrz1iAzcfYrbTF email=ppodunava@student.unipu.hr ts=1777149384651 status=NO_FACE_DETECTED
2026-05-17 18:19:28,463 [INFO] ANALYZED exam=tQoHDQTrz1iAzcfYrbTF email=ppodunava@student.unipu.hr ts=1777149395478 status=NO_FACE_DETECTED
2026-05-17 18:19:29,619 [INFO] ANALYZED exam=tQoHDQTrz1iAzcfYrbTF email=ppodunava@student.unipu.hr ts=1777149402360 status=NO_FACE_DETECTED
2026-05-17 18:19:30,737 [INFO] ANALYZED exam=tQoHDQTrz1iAzcfYrbTF email=ppodunava@student.unipu.hr ts=1777149406181 status=NO_FACE_DETECTED
2026-05-17 18:19:31,859 [INFO] ANALYZED exam=tQoHDQTrz1iAzcfYrbTF email=ppodunava@student.unipu.hr ts=1777149414888 status=NO_FACE_DETECTED
2026-05-17 18:19:32,985 [INFO] ANALYZED exam=tQoHDQTrz1iAzcfYrbTF email=ppodunava@student.unipu.hr ts=1777149416751 status=NO_FACE_DETECTED
2026-05-17 18:19:34,127 [INFO] ANALYZED exam=tQoHDQTrz1iAzcfYrbTF email=ppodunava@student.unipu.hr ts=1777149420437 status=NO_FACE_DETECTED
2026-05-17 18:19:35,258 [INFO] ANALYZED exam=tQoHDQTrz1iAzcfYrbTF email=ppodunava@student.unipu.hr ts=1777149424117 status=NO_FACE_DETECTED
2026-05-17 18:19:36,381 [INFO] ANALYZED exam=tQoHDQTrz1iAzcfYrbTF email=ppodunava@student.unipu.hr ts=1777149432820 status=NO_FACE_DETECTED
2026-05-17 18:19:37,518 [INFO] ANALYZED exam=tQoHDQTrz1iAzcfYrbTF email=ppodunava@student.unipu.hr ts=1777149437671 status=NO_FACE_DETECTED
2026-05-17 18:19:38,645 [INFO] ANALYZED exam=tQoHDQTrz1iAzcfYrbTF email=ppodunava@student.unipu.hr ts=1777149439372 status=NO_FACE_DETECTED
2026-05-17 18:19:39,797 [INFO] ANALYZED exam=tQoHDQTrz1iAzcfYrbTF email=ppodunava@student.unipu.hr ts=1777149443089 status=NO_FACE_DETECTED
2026-05-17 18:19:40,948 [INFO] ANALYZED exam=tQoHDQTrz1iAzcfYrbTF email=ppodunava@student.unipu.hr ts=1777149453817 status=NO_FACE_DETECTED
2026-05-17 18:19:42,071 [INFO] ANALYZED exam=tQoHDQTrz1iAzcfYrbTF email=ppodunava@student.unipu.hr ts=1777149457629 status=NO_FACE_DETECTED
2026-05-17 18:19:43,227 [INFO] ANALYZED exam=tQoHDQTrz1iAzcfYrbTF email=ppodunava@student.unipu.hr ts=1777149463342 status=NO_FACE_DETECTED
2026-05-17 18:19:44,359 [INFO] ANALYZED exam=tQoHDQTrz1iAzcfYrbTF email=ppodunava@student.unipu.hr ts=1777149470033 status=NO_FACE_DETECTED
2026-05-17 18:19:45,487 [INFO] ANALYZED exam=tQoHDQTrz1iAzcfYrbTF email=ppodunava@student.unipu.hr ts=1777149479859 status=NO_FACE_DETECTED
2026-05-17 18:19:46,620 [INFO] ANALYZED exam=tQoHDQTrz1iAzcfYrbTF email=ppodunava@student.unipu.hr ts=1777149483679 status=NO_FACE_DETECTED
2026-05-17 18:19:47,758 [INFO] ANALYZED exam=tQoHDQTrz1iAzcfYrbTF email=ppodunava@student.unipu.hr ts=1777149488364 status=NO_FACE_DETECTED
2026-05-17 18:19:48,928 [INFO] ANALYZED exam=tQoHDQTrz1iAzcfYrbTF email=ppodunava@student.unipu.hr ts=1777149499052 status=NO_FACE_DETECTED
2026-05-17 18:19:50,066 [INFO] ANALYZED exam=tQoHDQTrz1iAzcfYrbTF email=ppodunava@student.unipu.hr ts=1777149506904 status=NO_FACE_DETECTED
2026-05-17 18:19:51,193 [INFO] ANALYZED exam=tQoHDQTrz1iAzcfYrbTF email=ppodunava@student.unipu.hr ts=1777149511728 status=NO_FACE_DETECTED
2026-05-17 18:19:52,340 [INFO] ANALYZED exam=tQoHDQTrz1iAzcfYrbTF email=ppodunava@student.unipu.hr ts=1777149516450 status=NO_FACE_DETECTED
2026-05-17 18:19:53,460 [INFO] ANALYZED exam=tQoHDQTrz1iAzcfYrbTF email=ppodunava@student.unipu.hr ts=1777149523171 status=NO_FACE_DETECTED
2026-05-17 18:19:54,594 [INFO] ANALYZED exam=tQoHDQTrz1iAzcfYrbTF email=ppodunava@student.unipu.hr ts=1777149534061 status=NO_FACE_DETECTED
2026-05-17 18:19:55,722 [INFO] ANALYZED exam=tQoHDQTrz1iAzcfYrbTF email=ppodunava@student.unipu.hr ts=1777149543892 status=NO_FACE_DETECTED
2026-05-17 18:19:56,840 [INFO] ANALYZED exam=tQoHDQTrz1iAzcfYrbTF email=ppodunava@student.unipu.hr ts=1777149549727 status=NO_FACE_DETECTED
2026-05-17 18:19:57,968 [INFO] ANALYZED exam=tQoHDQTrz1iAzcfYrbTF email=ppodunava@student.unipu.hr ts=1777149551427 status=NO_FACE_DETECTED
2026-05-17 18:19:59,118 [INFO] ANALYZED exam=tQoHDQTrz1iAzcfYrbTF email=ppodunava@student.unipu.hr ts=1777149556140 status=NO_FACE_DETECTED
2026-05-17 18:20:00,250 [INFO] ANALYZED exam=tQoHDQTrz1iAzcfYrbTF email=ppodunava@student.unipu.hr ts=1777149565829 status=NO_FACE_DETECTED
2026-05-17 18:20:01,363 [INFO] ANALYZED exam=tQoHDQTrz1iAzcfYrbTF email=ppodunava@student.unipu.hr ts=1777149569683 status=NO_FACE_DETECTED
2026-05-17 18:20:02,511 [INFO] ANALYZED exam=tQoHDQTrz1iAzcfYrbTF email=ppodunava@student.unipu.hr ts=1777149576438 status=NO_FACE_DETECTED
2026-05-17 18:20:03,642 [INFO] ANALYZED exam=tQoHDQTrz1iAzcfYrbTF email=ppodunava@student.unipu.hr ts=1777149584306 status=NO_FACE_DETECTED
2026-05-17 18:20:04,770 [INFO] ANALYZED exam=tQoHDQTrz1iAzcfYrbTF email=ppodunava@student.unipu.hr ts=1777149595163 status=NO_FACE_DETECTED
2026-05-17 18:20:05,897 [INFO] ANALYZED exam=tQoHDQTrz1iAzcfYrbTF email=ppodunava@student.unipu.hr ts=1777149604024 status=NO_FACE_DETECTED
2026-05-17 18:20:07,020 [INFO] ANALYZED exam=tQoHDQTrz1iAzcfYrbTF email=ppodunava@student.unipu.hr ts=1777149612878 status=NO_FACE_DETECTED
2026-05-17 18:20:08,133 [INFO] ANALYZED exam=tQoHDQTrz1iAzcfYrbTF email=ppodunava@student.unipu.hr ts=1777149620735 status=NO_FACE_DETECTED
2026-05-17 18:20:09,260 [INFO] ANALYZED exam=tQoHDQTrz1iAzcfYrbTF email=ppodunava@student.unipu.hr ts=1777149629580 status=NO_FACE_DETECTED
2026-05-17 18:20:10,393 [INFO] ANALYZED exam=tQoHDQTrz1iAzcfYrbTF email=ppodunava@student.unipu.hr ts=1777149634418 status=NO_FACE_DETECTED
2026-05-17 18:20:11,393 [INFO] ANALYZE_STOP reason=busy processed=39
2026-05-17 18:20:11,613 [INFO] BATCH_WRITE items=39
2026-05-17 18:20:22,614 [INFO] LOAD cpu=1.5% mem=+-1.7% req_rate=0.00/min idle=True
2026-05-17 18:20:22,614 [INFO] ANALYZE_BEGIN n_pending=540
2026-05-17 18:20:23,909 [INFO] ANALYZED exam=tQoHDQTrz1iAzcfYrbTF email=ppodunava@student.unipu.hr ts=1777149636133 status=NO_FACE_DETECTED
2026-05-17 18:20:25,047 [INFO] ANALYZED exam=tQoHDQTrz1iAzcfYrbTF email=ppodunava@student.unipu.hr ts=1777149639832 status=NO_FACE_DETECTED
2026-05-17 18:20:26,199 [INFO] ANALYZED exam=tQoHDQTrz1iAzcfYrbTF email=ppodunava@student.unipu.hr ts=1777149647564 status=NO_FACE_DETECTED
2026-05-17 18:20:27,320 [INFO] ANALYZED exam=tQoHDQTrz1iAzcfYrbTF email=ppodunava@student.unipu.hr ts=1777149652427 status=NO_FACE_DETECTED
2026-05-17 18:20:28,449 [INFO] ANALYZED exam=tQoHDQTrz1iAzcfYrbTF email=ppodunava@student.unipu.hr ts=1777149660146 status=NO_FACE_DETECTED
2026-05-17 18:20:29,568 [INFO] ANALYZED exam=tQoHDQTrz1iAzcfYrbTF email=ppodunava@student.unipu.hr ts=1777149669002 status=NO_FACE_DETECTED
2026-05-17 18:20:30,706 [INFO] ANALYZED exam=tQoHDQTrz1iAzcfYrbTF email=ppodunava@student.unipu.hr ts=1777149670844 status=NO_FACE_DETECTED
2026-05-17 18:20:31,862 [INFO] ANALYZED exam=tQoHDQTrz1iAzcfYrbTF email=ppodunava@student.unipu.hr ts=1777149675613 status=NO_FACE_DETECTED
2026-05-17 18:20:33,054 [INFO] ANALYZED exam=tQoHDQTrz1iAzcfYrbTF email=ppodunava@student.unipu.hr ts=1777149684311 status=NO_FACE_DETECTED
2026-05-17 18:20:34,179 [INFO] ANALYZED exam=tQoHDQTrz1iAzcfYrbTF email=ppodunava@student.unipu.hr ts=1777149686130 status=NO_FACE_DETECTED
2026-05-17 18:20:35,320 [INFO] ANALYZED exam=tQoHDQTrz1iAzcfYrbTF email=ppodunava@student.unipu.hr ts=1777149696835 status=NO_FACE_DETECTED
2026-05-17 18:20:36,437 [INFO] ANALYZED exam=tQoHDQTrz1iAzcfYrbTF email=ppodunava@student.unipu.hr ts=1777149702679 status=NO_FACE_DETECTED
2026-05-17 18:20:37,567 [INFO] ANALYZED exam=tQoHDQTrz1iAzcfYrbTF email=ppodunava@student.unipu.hr ts=1777149712419 status=NO_FACE_DETECTED
2026-05-17 18:20:38,697 [INFO] ANALYZED exam=tQoHDQTrz1iAzcfYrbTF email=ppodunava@student.unipu.hr ts=1777149717262 status=NO_FACE_DETECTED
2026-05-17 18:20:39,808 [INFO] ANALYZED exam=tQoHDQTrz1iAzcfYrbTF email=spaun@student.unipu.hr ts=1777318330943 status=NO_FACE_DETECTED
2026-05-17 18:20:40,924 [INFO] ANALYZED exam=tQoHDQTrz1iAzcfYrbTF email=spaun@student.unipu.hr ts=1777318332839 status=NO_FACE_DETECTED
2026-05-17 18:20:42,038 [INFO] ANALYZED exam=tQoHDQTrz1iAzcfYrbTF email=spaun@student.unipu.hr ts=1777318339538 status=NO_FACE_DETECTED
2026-05-17 18:20:43,149 [INFO] ANALYZED exam=tQoHDQTrz1iAzcfYrbTF email=spaun@student.unipu.hr ts=1777318343287 status=NO_FACE_DETECTED
2026-05-17 18:20:44,263 [INFO] ANALYZED exam=tQoHDQTrz1iAzcfYrbTF email=spaun@student.unipu.hr ts=1777318349373 status=NO_FACE_DETECTED
2026-05-17 18:20:45,376 [INFO] ANALYZED exam=tQoHDQTrz1iAzcfYrbTF email=spaun@student.unipu.hr ts=1777318350154 status=NO_FACE_DETECTED
2026-05-17 18:20:46,492 [INFO] ANALYZED exam=tQoHDQTrz1iAzcfYrbTF email=spaun@student.unipu.hr ts=1777318350988 status=NO_FACE_DETECTED
2026-05-17 18:20:47,606 [INFO] ANALYZED exam=tQoHDQTrz1iAzcfYrbTF email=spaun@student.unipu.hr ts=1777318353860 status=NO_FACE_DETECTED
2026-05-17 18:20:48,718 [INFO] ANALYZED exam=tQoHDQTrz1iAzcfYrbTF email=spaun@student.unipu.hr ts=1777318357595 status=NO_FACE_DETECTED
2026-05-17 18:20:49,832 [INFO] ANALYZED exam=tQoHDQTrz1iAzcfYrbTF email=spaun@student.unipu.hr ts=1777318362484 status=NO_FACE_DETECTED
2026-05-17 18:20:50,832 [INFO] ANALYZE_STOP reason=busy processed=24
2026-05-17 18:20:51,011 [INFO] BATCH_WRITE items=24
2026-05-17 18:21:02,012 [INFO] LOAD cpu=2.6% mem=+-1.9% req_rate=0.00/min idle=True
2026-05-17 18:21:02,012 [INFO] ANALYZE_BEGIN n_pending=516
2026-05-17 18:21:03,279 [INFO] ANALYZED exam=tQoHDQTrz1iAzcfYrbTF email=spaun@student.unipu.hr ts=1777318366238 status=NO_FACE_DETECTED
2026-05-17 18:21:04,392 [INFO] ANALYZED exam=tQoHDQTrz1iAzcfYrbTF email=spaun@student.unipu.hr ts=1777318367257 status=NO_FACE_DETECTED
2026-05-17 18:21:05,506 [INFO] ANALYZED exam=tQoHDQTrz1iAzcfYrbTF email=spaun@student.unipu.hr ts=1777318415969 status=NO_FACE_DETECTED
2026-05-17 18:21:06,621 [INFO] ANALYZED exam=tQoHDQTrz1iAzcfYrbTF email=spaun@student.unipu.hr ts=1777318418981 status=NO_FACE_DETECTED
2026-05-17 18:21:07,743 [INFO] ANALYZED exam=tQoHDQTrz1iAzcfYrbTF email=spaun@student.unipu.hr ts=1777318424816 status=NO_FACE_DETECTED
2026-05-17 18:21:08,859 [INFO] ANALYZED exam=tQoHDQTrz1iAzcfYrbTF email=spaun@student.unipu.hr ts=1777318434401 status=NO_FACE_DETECTED
2026-05-17 18:21:09,975 [INFO] ANALYZED exam=tQoHDQTrz1iAzcfYrbTF email=spaun@student.unipu.hr ts=1777318441106 status=NO_FACE_DETECTED
2026-05-17 18:21:10,975 [INFO] ANALYZE_STOP reason=busy processed=7
2026-05-17 18:21:11,133 [INFO] BATCH_WRITE items=7
2026-05-17 18:21:22,134 [INFO] LOAD cpu=2.1% mem=+-1.8% req_rate=0.00/min idle=True
2026-05-17 18:21:22,135 [INFO] ANALYZE_BEGIN n_pending=509
2026-05-17 18:21:23,415 [INFO] ANALYZED exam=tQoHDQTrz1iAzcfYrbTF email=spaun@student.unipu.hr ts=1777318444884 status=NO_FACE_DETECTED
2026-05-17 18:21:24,525 [INFO] ANALYZED exam=tQoHDQTrz1iAzcfYrbTF email=spaun@student.unipu.hr ts=1777318454494 status=NO_FACE_DETECTED
2026-05-17 18:21:25,643 [INFO] ANALYZED exam=tQoHDQTrz1iAzcfYrbTF email=spaun@student.unipu.hr ts=1777318465238 status=NO_FACE_DETECTED
2026-05-17 18:21:26,755 [INFO] ANALYZED exam=tQoHDQTrz1iAzcfYrbTF email=spaun@student.unipu.hr ts=1777318466973 status=NO_FACE_DETECTED
2026-05-17 18:21:27,870 [INFO] ANALYZED exam=tQoHDQTrz1iAzcfYrbTF email=spaun@student.unipu.hr ts=1777318474547 status=NO_FACE_DETECTED
2026-05-17 18:21:28,980 [INFO] ANALYZED exam=tQoHDQTrz1iAzcfYrbTF email=spaun@student.unipu.hr ts=1777318479267 status=NO_FACE_DETECTED
2026-05-17 18:21:30,092 [INFO] ANALYZED exam=tQoHDQTrz1iAzcfYrbTF email=spaun@student.unipu.hr ts=1777318488853 status=NO_FACE_DETECTED
2026-05-17 18:21:31,208 [INFO] ANALYZED exam=tQoHDQTrz1iAzcfYrbTF email=spaun@student.unipu.hr ts=1777318495567 status=NO_FACE_DETECTED
2026-05-17 18:21:32,324 [INFO] ANALYZED exam=tQoHDQTrz1iAzcfYrbTF email=spaun@student.unipu.hr ts=1777318500299 status=NO_FACE_DETECTED
2026-05-17 18:21:33,439 [INFO] ANALYZED exam=tQoHDQTrz1iAzcfYrbTF email=spaun@student.unipu.hr ts=1777318503895 status=NO_FACE_DETECTED
2026-05-17 18:21:34,549 [INFO] ANALYZED exam=tQoHDQTrz1iAzcfYrbTF email=spaun@student.unipu.hr ts=1777318505466 status=NO_FACE_DETECTED
2026-05-17 18:21:35,663 [INFO] ANALYZED exam=tQoHDQTrz1iAzcfYrbTF email=spaun@student.unipu.hr ts=1777318510060 status=NO_FACE_DETECTED
2026-05-17 18:21:36,779 [INFO] ANALYZED exam=tQoHDQTrz1iAzcfYrbTF email=spaun@student.unipu.hr ts=1777318517710 status=NO_FACE_DETECTED
2026-05-17 18:21:37,892 [INFO] ANALYZED exam=tQoHDQTrz1iAzcfYrbTF email=spaun@student.unipu.hr ts=1777318525450 status=NO_FACE_DETECTED
2026-05-17 18:21:39,006 [INFO] ANALYZED exam=tQoHDQTrz1iAzcfYrbTF email=spaun@student.unipu.hr ts=1777318532173 status=NO_FACE_DETECTED
2026-05-17 18:21:40,122 [INFO] ANALYZED exam=tQoHDQTrz1iAzcfYrbTF email=spaun@student.unipu.hr ts=1777318537000 status=NO_FACE_DETECTED
2026-05-17 18:21:41,241 [INFO] ANALYZED exam=tQoHDQTrz1iAzcfYrbTF email=spaun@student.unipu.hr ts=1777318545601 status=NO_FACE_DETECTED
2026-05-17 18:21:42,354 [INFO] ANALYZED exam=tQoHDQTrz1iAzcfYrbTF email=spaun@student.unipu.hr ts=1777318550355 status=NO_FACE_DETECTED
2026-05-17 18:21:43,465 [INFO] ANALYZED exam=tQoHDQTrz1iAzcfYrbTF email=spaun@student.unipu.hr ts=1777318557947 status=NO_FACE_DETECTED
2026-05-17 18:21:44,580 [INFO] ANALYZED exam=tQoHDQTrz1iAzcfYrbTF email=spaun@student.unipu.hr ts=1777318568695 status=NO_FACE_DETECTED
2026-05-17 18:21:45,695 [INFO] ANALYZED exam=tQoHDQTrz1iAzcfYrbTF email=spaun@student.unipu.hr ts=1777318573410 status=NO_FACE_DETECTED
2026-05-17 18:21:46,807 [INFO] ANALYZED exam=tQoHDQTrz1iAzcfYrbTF email=spaun@student.unipu.hr ts=1777318581402 status=NO_FACE_DETECTED
2026-05-17 18:21:47,921 [INFO] ANALYZED exam=tQoHDQTrz1iAzcfYrbTF email=spaun@student.unipu.hr ts=1777318592162 status=NO_FACE_DETECTED
2026-05-17 18:21:49,033 [INFO] ANALYZED exam=tQoHDQTrz1iAzcfYrbTF email=spaun@student.unipu.hr ts=1777318593885 status=NO_FACE_DETECTED
2026-05-17 18:21:50,146 [INFO] ANALYZED exam=tQoHDQTrz1iAzcfYrbTF email=spaun@student.unipu.hr ts=1777318595454 status=NO_FACE_DETECTED
2026-05-17 18:21:51,261 [INFO] ANALYZED exam=tQoHDQTrz1iAzcfYrbTF email=spaun@student.unipu.hr ts=1777318598044 status=NO_FACE_DETECTED
2026-05-17 18:21:52,368 [INFO] ANALYZED exam=tQoHDQTrz1iAzcfYrbTF email=spaun@student.unipu.hr ts=1777318603614 status=NO_FACE_DETECTED
2026-05-17 18:21:53,481 [INFO] ANALYZED exam=tQoHDQTrz1iAzcfYrbTF email=spaun@student.unipu.hr ts=1777318612231 status=NO_FACE_DETECTED
2026-05-17 18:21:54,591 [INFO] ANALYZED exam=tQoHDQTrz1iAzcfYrbTF email=spaun@student.unipu.hr ts=1777318615990 status=NO_FACE_DETECTED
2026-05-17 18:21:55,706 [INFO] ANALYZED exam=tQoHDQTrz1iAzcfYrbTF email=spaun@student.unipu.hr ts=1777318625602 status=NO_FACE_DETECTED
2026-05-17 18:21:56,819 [INFO] ANALYZED exam=tQoHDQTrz1iAzcfYrbTF email=spaun@student.unipu.hr ts=1777318632425 status=NO_FACE_DETECTED
2026-05-17 18:21:57,932 [INFO] ANALYZED exam=tQoHDQTrz1iAzcfYrbTF email=spaun@student.unipu.hr ts=1777318643172 status=NO_FACE_DETECTED
2026-05-17 18:21:59,066 [INFO] ANALYZED exam=tQoHDQTrz1iAzcfYrbTF email=spaun@student.unipu.hr ts=1777318644957 status=NO_FACE_DETECTED
2026-05-17 18:22:00,181 [INFO] ANALYZED exam=tQoHDQTrz1iAzcfYrbTF email=spaun@student.unipu.hr ts=1777318655556 status=NO_FACE_DETECTED
2026-05-17 18:22:01,296 [INFO] ANALYZED exam=tQoHDQTrz1iAzcfYrbTF email=spaun@student.unipu.hr ts=1777318664499 status=NO_FACE_DETECTED
2026-05-17 18:22:02,408 [INFO] ANALYZED exam=tQoHDQTrz1iAzcfYrbTF email=spaun@student.unipu.hr ts=1777318668277 status=NO_FACE_DETECTED
2026-05-17 18:22:03,527 [INFO] ANALYZED exam=tQoHDQTrz1iAzcfYrbTF email=spaun@student.unipu.hr ts=1777318671898 status=NO_FACE_DETECTED
2026-05-17 18:22:04,640 [INFO] ANALYZED exam=tQoHDQTrz1iAzcfYrbTF email=spaun@student.unipu.hr ts=1777318674550 status=NO_FACE_DETECTED
2026-05-17 18:22:05,753 [INFO] ANALYZED exam=tQoHDQTrz1iAzcfYrbTF email=spaun@student.unipu.hr ts=1777318678175 status=NO_FACE_DETECTED
2026-05-17 18:22:06,869 [INFO] ANALYZED exam=tQoHDQTrz1iAzcfYrbTF email=spaun@student.unipu.hr ts=1777318682788 status=NO_FACE_DETECTED
2026-05-17 18:22:07,982 [INFO] ANALYZED exam=tQoHDQTrz1iAzcfYrbTF email=spaun@student.unipu.hr ts=1777318692396 status=NO_FACE_DETECTED
2026-05-17 18:22:09,094 [INFO] ANALYZED exam=tQoHDQTrz1iAzcfYrbTF email=spaun@student.unipu.hr ts=1777318697449 status=NO_FACE_DETECTED
2026-05-17 18:22:10,207 [INFO] ANALYZED exam=tQoHDQTrz1iAzcfYrbTF email=spaun@student.unipu.hr ts=1777318705043 status=NO_FACE_DETECTED
2026-05-17 18:22:11,208 [INFO] ANALYZE_STOP reason=busy processed=43
2026-05-17 18:22:11,402 [INFO] BATCH_WRITE items=43
2026-05-17 18:22:22,404 [INFO] LOAD cpu=5.0% mem=+-1.8% req_rate=0.00/min idle=True
2026-05-17 18:22:22,404 [INFO] ANALYZE_BEGIN n_pending=466
2026-05-17 18:22:23,658 [INFO] ANALYZED exam=tQoHDQTrz1iAzcfYrbTF email=spaun@student.unipu.hr ts=1777318714789 status=NO_FACE_DETECTED
2026-05-17 18:22:24,774 [INFO] ANALYZED exam=tQoHDQTrz1iAzcfYrbTF email=spaun@student.unipu.hr ts=1777318722556 status=NO_FACE_DETECTED
2026-05-17 18:22:25,888 [INFO] ANALYZED exam=tQoHDQTrz1iAzcfYrbTF email=spaun@student.unipu.hr ts=1777318727266 status=NO_FACE_DETECTED
2026-05-17 18:22:27,001 [INFO] ANALYZED exam=tQoHDQTrz1iAzcfYrbTF email=spaun@student.unipu.hr ts=1777318734874 status=NO_FACE_DETECTED
2026-05-17 18:22:28,113 [INFO] ANALYZED exam=tQoHDQTrz1iAzcfYrbTF email=spaun@student.unipu.hr ts=1777318736583 status=NO_FACE_DETECTED
2026-05-17 18:22:29,225 [INFO] ANALYZED exam=tQoHDQTrz1iAzcfYrbTF email=spaun@student.unipu.hr ts=1777318746552 status=NO_FACE_DETECTED
2026-05-17 18:22:30,338 [INFO] ANALYZED exam=tQoHDQTrz1iAzcfYrbTF email=spaun@student.unipu.hr ts=1777318756228 status=NO_FACE_DETECTED
2026-05-17 18:22:31,449 [INFO] ANALYZED exam=tQoHDQTrz1iAzcfYrbTF email=spaun@student.unipu.hr ts=1777318757985 status=NO_FACE_DETECTED
2026-05-17 18:22:32,565 [INFO] ANALYZED exam=tQoHDQTrz1iAzcfYrbTF email=spaun@student.unipu.hr ts=1777318767558 status=NO_FACE_DETECTED
2026-05-17 18:22:33,676 [INFO] ANALYZED exam=tQoHDQTrz1iAzcfYrbTF email=spaun@student.unipu.hr ts=1777318778726 status=NO_FACE_DETECTED
2026-05-17 18:22:34,790 [INFO] ANALYZED exam=tQoHDQTrz1iAzcfYrbTF email=spaun@student.unipu.hr ts=1777318785542 status=NO_FACE_DETECTED
2026-05-17 18:22:35,903 [INFO] ANALYZED exam=tQoHDQTrz1iAzcfYrbTF email=spaun@student.unipu.hr ts=1777318787331 status=NO_FACE_DETECTED
2026-05-17 18:22:37,019 [INFO] ANALYZED exam=tQoHDQTrz1iAzcfYrbTF email=spaun@student.unipu.hr ts=1777318797946 status=NO_FACE_DETECTED
2026-05-17 18:22:38,185 [INFO] ANALYZED exam=tQoHDQTrz1iAzcfYrbTF email=spaun@student.unipu.hr ts=1777318802699 status=NO_FACE_DETECTED
2026-05-17 18:22:39,298 [INFO] ANALYZED exam=tQoHDQTrz1iAzcfYrbTF email=spaun@student.unipu.hr ts=1777318808341 status=NO_FACE_DETECTED
2026-05-17 18:22:40,416 [INFO] ANALYZED exam=tQoHDQTrz1iAzcfYrbTF email=spaun@student.unipu.hr ts=1777318819007 status=NO_FACE_DETECTED
2026-05-17 18:22:41,522 [INFO] ANALYZED exam=tQoHDQTrz1iAzcfYrbTF email=spaun@student.unipu.hr ts=1777318826872 status=NO_FACE_DETECTED
2026-05-17 18:22:42,633 [INFO] ANALYZED exam=tQoHDQTrz1iAzcfYrbTF email=spaun@student.unipu.hr ts=1777318834625 status=NO_FACE_DETECTED
2026-05-17 18:22:43,748 [INFO] ANALYZED exam=tQoHDQTrz1iAzcfYrbTF email=spaun@student.unipu.hr ts=1777318843427 status=NO_FACE_DETECTED
2026-05-17 18:22:44,863 [INFO] ANALYZED exam=tQoHDQTrz1iAzcfYrbTF email=spaun@student.unipu.hr ts=1777318848151 status=NO_FACE_DETECTED
2026-05-17 18:22:45,974 [INFO] ANALYZED exam=tQoHDQTrz1iAzcfYrbTF email=spaun@student.unipu.hr ts=1777318850831 status=NO_FACE_DETECTED
2026-05-17 18:22:47,081 [INFO] ANALYZED exam=tQoHDQTrz1iAzcfYrbTF email=spaun@student.unipu.hr ts=1777318858434 status=NO_FACE_DETECTED
2026-05-17 18:22:48,190 [INFO] ANALYZED exam=tQoHDQTrz1iAzcfYrbTF email=spaun@student.unipu.hr ts=1777318860199 status=NO_FACE_DETECTED
2026-05-17 18:22:49,302 [INFO] ANALYZED exam=tQoHDQTrz1iAzcfYrbTF email=spaun@student.unipu.hr ts=1777318863798 status=NO_FACE_DETECTED
2026-05-17 18:22:50,418 [INFO] ANALYZED exam=tQoHDQTrz1iAzcfYrbTF email=spaun@student.unipu.hr ts=1777318868528 status=NO_FACE_DETECTED
2026-05-17 18:22:51,533 [INFO] ANALYZED exam=tQoHDQTrz1iAzcfYrbTF email=spaun@student.unipu.hr ts=1777318877213 status=NO_FACE_DETECTED
2026-05-17 18:22:52,642 [INFO] ANALYZED exam=tQoHDQTrz1iAzcfYrbTF email=spaun@student.unipu.hr ts=1777318886369 status=NO_FACE_DETECTED
2026-05-17 18:22:53,755 [INFO] ANALYZED exam=tQoHDQTrz1iAzcfYrbTF email=spaun@student.unipu.hr ts=1777318892697 status=NO_FACE_DETECTED
2026-05-17 18:22:54,873 [INFO] ANALYZED exam=tQoHDQTrz1iAzcfYrbTF email=spaun@student.unipu.hr ts=1777318899296 status=NO_FACE_DETECTED
2026-05-17 18:22:55,989 [INFO] ANALYZED exam=tQoHDQTrz1iAzcfYrbTF email=spaun@student.unipu.hr ts=1777318904672 status=NO_FACE_DETECTED
2026-05-17 18:22:57,103 [INFO] ANALYZED exam=tQoHDQTrz1iAzcfYrbTF email=spaun@student.unipu.hr ts=1777318911280 status=NO_FACE_DETECTED
2026-05-17 18:22:58,217 [INFO] ANALYZED exam=tQoHDQTrz1iAzcfYrbTF email=spaun@student.unipu.hr ts=1777318920987 status=NO_FACE_DETECTED
2026-05-17 18:22:59,333 [INFO] ANALYZED exam=tQoHDQTrz1iAzcfYrbTF email=spaun@student.unipu.hr ts=1777318925029 status=NO_FACE_DETECTED
2026-05-17 18:23:00,445 [INFO] ANALYZED exam=tQoHDQTrz1iAzcfYrbTF email=spaun@student.unipu.hr ts=1777318927640 status=NO_FACE_DETECTED
2026-05-17 18:23:01,559 [INFO] ANALYZED exam=tQoHDQTrz1iAzcfYrbTF email=spaun@student.unipu.hr ts=1777318936226 status=NO_FACE_DETECTED
2026-05-17 18:23:02,676 [INFO] ANALYZED exam=tQoHDQTrz1iAzcfYrbTF email=spaun@student.unipu.hr ts=1777318944989 status=NO_FACE_DETECTED
2026-05-17 18:23:03,792 [INFO] ANALYZED exam=tQoHDQTrz1iAzcfYrbTF email=spaun@student.unipu.hr ts=1777318951713 status=NO_FACE_DETECTED
2026-05-17 18:23:04,904 [INFO] ANALYZED exam=tQoHDQTrz1iAzcfYrbTF email=spaun@student.unipu.hr ts=1777318953425 status=NO_FACE_DETECTED
2026-05-17 18:23:06,016 [INFO] ANALYZED exam=tQoHDQTrz1iAzcfYrbTF email=spaun@student.unipu.hr ts=1777318962137 status=NO_FACE_DETECTED
2026-05-17 18:23:07,130 [INFO] ANALYZED exam=tQoHDQTrz1iAzcfYrbTF email=spaun@student.unipu.hr ts=1777318972849 status=NO_FACE_DETECTED
2026-05-17 18:23:08,245 [INFO] ANALYZED exam=tQoHDQTrz1iAzcfYrbTF email=spaun@student.unipu.hr ts=1777318979621 status=NO_FACE_DETECTED
2026-05-17 18:23:09,359 [INFO] ANALYZED exam=tQoHDQTrz1iAzcfYrbTF email=spaun@student.unipu.hr ts=1777318981574 status=NO_FACE_DETECTED
2026-05-17 18:23:10,482 [INFO] ANALYZED exam=tQoHDQTrz1iAzcfYrbTF email=spaun@student.unipu.hr ts=1777318983172 status=NO_FACE_DETECTED
2026-05-17 18:23:11,483 [INFO] ANALYZE_STOP reason=busy processed=43
2026-05-17 18:23:11,669 [INFO] BATCH_WRITE items=43
2026-05-17 18:23:22,670 [INFO] LOAD cpu=1.3% mem=+-1.5% req_rate=0.00/min idle=True
2026-05-17 18:23:22,670 [INFO] ANALYZE_BEGIN n_pending=423
2026-05-17 18:23:23,937 [INFO] ANALYZED exam=tQoHDQTrz1iAzcfYrbTF email=spaun@student.unipu.hr ts=1777318992780 status=NO_FACE_DETECTED
2026-05-17 18:23:25,052 [INFO] ANALYZED exam=tQoHDQTrz1iAzcfYrbTF email=spaun@student.unipu.hr ts=1777319001558 status=NO_FACE_DETECTED
2026-05-17 18:23:26,168 [INFO] ANALYZED exam=tQoHDQTrz1iAzcfYrbTF email=spaun@student.unipu.hr ts=1777319003280 status=NO_FACE_DETECTED
2026-05-17 18:23:27,285 [INFO] ANALYZED exam=tQoHDQTrz1iAzcfYrbTF email=spaun@student.unipu.hr ts=1777319005030 status=NO_FACE_DETECTED
2026-05-17 18:23:28,401 [INFO] ANALYZED exam=tQoHDQTrz1iAzcfYrbTF email=spaun@student.unipu.hr ts=1777319015616 status=NO_FACE_DETECTED
2026-05-17 18:23:29,516 [INFO] ANALYZED exam=tQoHDQTrz1iAzcfYrbTF email=spaun@student.unipu.hr ts=1777319019355 status=NO_FACE_DETECTED
2026-05-17 18:23:30,630 [INFO] ANALYZED exam=tQoHDQTrz1iAzcfYrbTF email=spaun@student.unipu.hr ts=1777319026970 status=NO_FACE_DETECTED
2026-05-17 18:23:31,742 [INFO] ANALYZED exam=tQoHDQTrz1iAzcfYrbTF email=spaun@student.unipu.hr ts=1777319030734 status=NO_FACE_DETECTED
2026-05-17 18:23:32,856 [INFO] ANALYZED exam=tQoHDQTrz1iAzcfYrbTF email=spaun@student.unipu.hr ts=1777319039314 status=NO_FACE_DETECTED
2026-05-17 18:23:33,969 [INFO] ANALYZED exam=tQoHDQTrz1iAzcfYrbTF email=spaun@student.unipu.hr ts=1777319049049 status=NO_FACE_DETECTED
2026-05-17 18:23:35,083 [INFO] ANALYZED exam=tQoHDQTrz1iAzcfYrbTF email=spaun@student.unipu.hr ts=1777319051830 status=NO_FACE_DETECTED
2026-05-17 18:23:36,195 [INFO] ANALYZED exam=tQoHDQTrz1iAzcfYrbTF email=spaun@student.unipu.hr ts=1777319055428 status=NO_FACE_DETECTED
2026-05-17 18:23:37,309 [INFO] ANALYZED exam=tQoHDQTrz1iAzcfYrbTF email=spaun@student.unipu.hr ts=1777319066001 status=NO_FACE_DETECTED
2026-05-17 18:23:38,421 [INFO] ANALYZED exam=tQoHDQTrz1iAzcfYrbTF email=spaun@student.unipu.hr ts=1777319070771 status=NO_FACE_DETECTED
2026-05-17 18:23:39,537 [INFO] ANALYZED exam=tQoHDQTrz1iAzcfYrbTF email=spaun@student.unipu.hr ts=1777319074727 status=NO_FACE_DETECTED
2026-05-17 18:23:40,653 [INFO] ANALYZED exam=tQoHDQTrz1iAzcfYrbTF email=spaun@student.unipu.hr ts=1777319082330 status=NO_FACE_DETECTED
2026-05-17 18:23:41,768 [INFO] ANALYZED exam=tQoHDQTrz1iAzcfYrbTF email=spaun@student.unipu.hr ts=1777319086051 status=NO_FACE_DETECTED
2026-05-17 18:23:42,883 [INFO] ANALYZED exam=tQoHDQTrz1iAzcfYrbTF email=spaun@student.unipu.hr ts=1777319094662 status=NO_FACE_DETECTED
2026-05-17 18:23:43,997 [INFO] ANALYZED exam=tQoHDQTrz1iAzcfYrbTF email=spaun@student.unipu.hr ts=1777319097719 status=NO_FACE_DETECTED
2026-05-17 18:23:45,111 [INFO] ANALYZED exam=tQoHDQTrz1iAzcfYrbTF email=spaun@student.unipu.hr ts=1777319103321 status=NO_FACE_DETECTED
2026-05-17 18:23:46,225 [INFO] ANALYZED exam=tQoHDQTrz1iAzcfYrbTF email=spaun@student.unipu.hr ts=1777319111714 status=NO_FACE_DETECTED
2026-05-17 18:23:47,339 [INFO] ANALYZED exam=tQoHDQTrz1iAzcfYrbTF email=spaun@student.unipu.hr ts=1777319116723 status=NO_FACE_DETECTED
2026-05-17 18:23:48,456 [INFO] ANALYZED exam=tQoHDQTrz1iAzcfYrbTF email=spaun@student.unipu.hr ts=1777319119305 status=NO_FACE_DETECTED
2026-05-17 18:23:49,571 [INFO] ANALYZED exam=tQoHDQTrz1iAzcfYrbTF email=spaun@student.unipu.hr ts=1777319125724 status=NO_FACE_DETECTED
2026-05-17 18:23:50,683 [INFO] ANALYZED exam=tQoHDQTrz1iAzcfYrbTF email=spaun@student.unipu.hr ts=1777319136449 status=NO_FACE_DETECTED
2026-05-17 18:23:51,797 [INFO] ANALYZED exam=tQoHDQTrz1iAzcfYrbTF email=spaun@student.unipu.hr ts=1777319142161 status=NO_FACE_DETECTED
2026-05-17 18:23:52,909 [INFO] ANALYZED exam=tQoHDQTrz1iAzcfYrbTF email=spaun@student.unipu.hr ts=1777319148795 status=NO_FACE_DETECTED
2026-05-17 18:23:54,024 [INFO] ANALYZED exam=tQoHDQTrz1iAzcfYrbTF email=spaun@student.unipu.hr ts=1777319155519 status=NO_FACE_DETECTED
2026-05-17 18:23:55,138 [INFO] ANALYZED exam=tQoHDQTrz1iAzcfYrbTF email=spaun@student.unipu.hr ts=1777319157253 status=NO_FACE_DETECTED
2026-05-17 18:23:56,250 [INFO] ANALYZED exam=tQoHDQTrz1iAzcfYrbTF email=spaun@student.unipu.hr ts=1777319158855 status=NO_FACE_DETECTED
2026-05-17 18:23:57,363 [INFO] ANALYZED exam=tQoHDQTrz1iAzcfYrbTF email=spaun@student.unipu.hr ts=1777319161234 status=NO_FACE_DETECTED
2026-05-17 18:23:58,486 [INFO] ANALYZED exam=tQoHDQTrz1iAzcfYrbTF email=tkaracic@student.unipu.hr ts=1777441257863 status=NO_FACE_DETECTED
2026-05-17 18:23:59,655 [INFO] ANALYZED exam=tQoHDQTrz1iAzcfYrbTF email=tkaracic@student.unipu.hr ts=1777441263686 status=NO_FACE_DETECTED
2026-05-17 18:24:00,800 [INFO] ANALYZED exam=tQoHDQTrz1iAzcfYrbTF email=tkaracic@student.unipu.hr ts=1777441267353 status=NO_FACE_DETECTED
2026-05-17 18:24:01,934 [INFO] ANALYZED exam=tQoHDQTrz1iAzcfYrbTF email=vjukic@student.unipu.hr ts=1777802976389 status=FACE_DETECTED
2026-05-17 18:24:03,065 [INFO] ANALYZED exam=tQoHDQTrz1iAzcfYrbTF email=vjukic@student.unipu.hr ts=1777802977281 status=FACE_DETECTED
2026-05-17 18:24:04,192 [INFO] ANALYZED exam=tQoHDQTrz1iAzcfYrbTF email=vjukic@student.unipu.hr ts=1777802979818 status=FACE_DETECTED
2026-05-17 18:24:05,315 [INFO] ANALYZED exam=tQoHDQTrz1iAzcfYrbTF email=vjukic@student.unipu.hr ts=1777802982406 status=FACE_DETECTED
2026-05-17 18:24:06,460 [INFO] ANALYZED exam=tQoHDQTrz1iAzcfYrbTF email=vjukic@student.unipu.hr ts=1777802988949 status=FACE_DETECTED
2026-05-17 18:24:07,597 [INFO] ANALYZED exam=tQoHDQTrz1iAzcfYrbTF email=vjukic@student.unipu.hr ts=1777802997643 status=FACE_DETECTED
2026-05-17 18:24:08,746 [INFO] ANALYZED exam=tQoHDQTrz1iAzcfYrbTF email=vjukic@student.unipu.hr ts=1777803007350 status=FACE_DETECTED
2026-05-17 18:24:09,875 [INFO] ANALYZED exam=tQoHDQTrz1iAzcfYrbTF email=vjukic@student.unipu.hr ts=1777803010041 status=FACE_DETECTED
2026-05-17 18:24:11,002 [INFO] ANALYZED exam=tQoHDQTrz1iAzcfYrbTF email=vjukic@student.unipu.hr ts=1777803017652 status=FACE_DETECTED
2026-05-17 18:24:12,003 [INFO] ANALYZE_STOP reason=busy processed=43
2026-05-17 18:24:12,202 [INFO] BATCH_WRITE items=43
2026-05-17 18:24:25,988 [INFO] LOAD cpu=1.3% mem=+-1.8% req_rate=0.00/min idle=True
2026-05-17 18:24:25,988 [INFO] ANALYZE_BEGIN n_pending=380
2026-05-17 18:24:27,138 [INFO] ANALYZED exam=tQoHDQTrz1iAzcfYrbTF email=vjukic@student.unipu.hr ts=1777803028336 status=FACE_DETECTED
2026-05-17 18:24:28,286 [INFO] ANALYZED exam=tQoHDQTrz1iAzcfYrbTF email=vjukic@student.unipu.hr ts=1777803036137 status=FACE_DETECTED
2026-05-17 18:24:29,413 [INFO] ANALYZED exam=tQoHDQTrz1iAzcfYrbTF email=vjukic@student.unipu.hr ts=1777803038855 status=FACE_DETECTED
2026-05-17 18:24:30,536 [INFO] ANALYZED exam=tQoHDQTrz1iAzcfYrbTF email=vjukic@student.unipu.hr ts=1777803044454 status=FACE_DETECTED
2026-05-17 18:24:31,678 [INFO] ANALYZED exam=tQoHDQTrz1iAzcfYrbTF email=vjukic@student.unipu.hr ts=1777803051099 status=FACE_DETECTED
2026-05-17 18:24:32,838 [INFO] ANALYZED exam=tQoHDQTrz1iAzcfYrbTF email=vjukic@student.unipu.hr ts=1777803053849 status=FACE_DETECTED
2026-05-17 18:24:33,972 [INFO] ANALYZED exam=tQoHDQTrz1iAzcfYrbTF email=vjukic@student.unipu.hr ts=1777803063512 status=FACE_DETECTED
2026-05-17 18:24:35,115 [INFO] ANALYZED exam=tQoHDQTrz1iAzcfYrbTF email=vjukic@student.unipu.hr ts=1777803072255 status=FACE_DETECTED
2026-05-17 18:24:36,277 [INFO] ANALYZED exam=tQoHDQTrz1iAzcfYrbTF email=vjukic@student.unipu.hr ts=1777803073921 status=FACE_DETECTED
2026-05-17 18:24:37,405 [INFO] ANALYZED exam=tQoHDQTrz1iAzcfYrbTF email=vjukic@student.unipu.hr ts=1777803083541 status=FACE_DETECTED
2026-05-17 18:24:38,523 [INFO] ANALYZED exam=tQoHDQTrz1iAzcfYrbTF email=vjukic@student.unipu.hr ts=1777803085217 status=FACE_DETECTED
2026-05-17 18:24:39,672 [INFO] ANALYZED exam=tQoHDQTrz1iAzcfYrbTF email=vjukic@student.unipu.hr ts=1777803093846 status=FACE_DETECTED
2026-05-17 18:24:40,832 [INFO] ANALYZED exam=tQoHDQTrz1iAzcfYrbTF email=vjukic@student.unipu.hr ts=1777803102542 status=FACE_DETECTED
2026-05-17 18:24:41,949 [INFO] ANALYZED exam=tQoHDQTrz1iAzcfYrbTF email=vjukic@student.unipu.hr ts=1777803112238 status=FACE_DETECTED
2026-05-17 18:24:43,076 [INFO] ANALYZED exam=tQoHDQTrz1iAzcfYrbTF email=vjukic@student.unipu.hr ts=1777803117048 status=FACE_DETECTED
2026-05-17 18:24:44,195 [INFO] ANALYZED exam=tQoHDQTrz1iAzcfYrbTF email=vjukic@student.unipu.hr ts=1777803124632 status=FACE_DETECTED
2026-05-17 18:24:45,325 [INFO] ANALYZED exam=tQoHDQTrz1iAzcfYrbTF email=vjukic@student.unipu.hr ts=1777803134340 status=FACE_DETECTED
2026-05-17 18:24:46,494 [INFO] ANALYZED exam=tQoHDQTrz1iAzcfYrbTF email=vjukic@student.unipu.hr ts=1777803139042 status=FACE_DETECTED
2026-05-17 18:24:47,661 [INFO] ANALYZED exam=tQoHDQTrz1iAzcfYrbTF email=vjukic@student.unipu.hr ts=1777803143637 status=FACE_DETECTED
2026-05-17 18:24:48,784 [INFO] ANALYZED exam=tQoHDQTrz1iAzcfYrbTF email=vjukic@student.unipu.hr ts=1777803148233 status=FACE_DETECTED
2026-05-17 18:24:49,929 [INFO] ANALYZED exam=tQoHDQTrz1iAzcfYrbTF email=vjukic@student.unipu.hr ts=1777803150915 status=FACE_DETECTED
2026-05-17 18:24:51,060 [INFO] ANALYZED exam=tQoHDQTrz1iAzcfYrbTF email=vjukic@student.unipu.hr ts=1777803160535 status=FACE_DETECTED
2026-05-17 18:24:52,180 [INFO] ANALYZED exam=tQoHDQTrz1iAzcfYrbTF email=vjukic@student.unipu.hr ts=1777803167236 status=FACE_DETECTED
2026-05-17 18:24:53,302 [INFO] ANALYZED exam=tQoHDQTrz1iAzcfYrbTF email=vjukic@student.unipu.hr ts=1777803172935 status=FACE_DETECTED
2026-05-17 18:24:54,436 [INFO] ANALYZED exam=tQoHDQTrz1iAzcfYrbTF email=vjukic@student.unipu.hr ts=1777803180531 status=FACE_DETECTED
2026-05-17 18:24:55,566 [INFO] ANALYZED exam=tQoHDQTrz1iAzcfYrbTF email=vjukic@student.unipu.hr ts=1777803191252 status=FACE_DETECTED
2026-05-17 18:24:56,684 [INFO] ANALYZED exam=tQoHDQTrz1iAzcfYrbTF email=vjukic@student.unipu.hr ts=1777803198950 status=FACE_DETECTED
2026-05-17 18:24:57,809 [INFO] ANALYZED exam=tQoHDQTrz1iAzcfYrbTF email=vjukic@student.unipu.hr ts=1777803202636 status=FACE_DETECTED
2026-05-17 18:24:58,935 [INFO] ANALYZED exam=tQoHDQTrz1iAzcfYrbTF email=vjukic@student.unipu.hr ts=1777803207229 status=FACE_DETECTED
2026-05-17 18:25:00,082 [INFO] ANALYZED exam=tQoHDQTrz1iAzcfYrbTF email=vjukic@student.unipu.hr ts=1777803208850 status=FACE_DETECTED
2026-05-17 18:25:01,268 [INFO] ANALYZED exam=tQoHDQTrz1iAzcfYrbTF email=vjukic@student.unipu.hr ts=1777803211456 status=FACE_DETECTED
2026-05-17 18:25:02,417 [INFO] ANALYZED exam=tQoHDQTrz1iAzcfYrbTF email=vjukic@student.unipu.hr ts=1777803218041 status=FACE_DETECTED
2026-05-17 18:25:03,541 [INFO] ANALYZED exam=tQoHDQTrz1iAzcfYrbTF email=vjukic@student.unipu.hr ts=1777803225733 status=FACE_DETECTED
2026-05-17 18:25:04,656 [INFO] ANALYZED exam=tQoHDQTrz1iAzcfYrbTF email=vjukic@student.unipu.hr ts=1777803232610 status=NO_FACE_DETECTED
2026-05-17 18:25:05,788 [INFO] ANALYZED exam=tQoHDQTrz1iAzcfYrbTF email=vjukic@student.unipu.hr ts=1777803243336 status=FACE_DETECTED
2026-05-17 18:25:06,920 [INFO] ANALYZED exam=tQoHDQTrz1iAzcfYrbTF email=vjukic@student.unipu.hr ts=1777803246148 status=FACE_DETECTED
2026-05-17 18:25:08,090 [INFO] ANALYZED exam=tQoHDQTrz1iAzcfYrbTF email=vjukic@student.unipu.hr ts=1777803251854 status=FACE_DETECTED
2026-05-17 18:25:09,233 [INFO] ANALYZED exam=tQoHDQTrz1iAzcfYrbTF email=vjukic@student.unipu.hr ts=1777803259419 status=FACE_DETECTED
2026-05-17 18:25:10,357 [INFO] ANALYZED exam=tQoHDQTrz1iAzcfYrbTF email=vjukic@student.unipu.hr ts=1777803263131 status=FACE_DETECTED
2026-05-17 18:25:11,358 [INFO] ANALYZE_STOP reason=busy processed=39
2026-05-17 18:25:11,532 [INFO] BATCH_WRITE items=39
2026-05-17 18:25:22,533 [INFO] LOAD cpu=2.1% mem=+-1.4% req_rate=0.00/min idle=True
2026-05-17 18:25:22,533 [INFO] ANALYZE_BEGIN n_pending=341
2026-05-17 18:25:23,819 [INFO] ANALYZED exam=tQoHDQTrz1iAzcfYrbTF email=vjukic@student.unipu.hr ts=1777803270752 status=FACE_DETECTED
2026-05-17 18:25:24,952 [INFO] ANALYZED exam=tQoHDQTrz1iAzcfYrbTF email=vjukic@student.unipu.hr ts=1777803277422 status=FACE_DETECTED
2026-05-17 18:25:26,103 [INFO] ANALYZED exam=tQoHDQTrz1iAzcfYrbTF email=vjukic@student.unipu.hr ts=1777803284128 status=FACE_DETECTED
2026-05-17 18:25:27,228 [INFO] ANALYZED exam=tQoHDQTrz1iAzcfYrbTF email=vjukic@student.unipu.hr ts=1777803287862 status=FACE_DETECTED
2026-05-17 18:25:28,380 [INFO] ANALYZED exam=tQoHDQTrz1iAzcfYrbTF email=vjukic@student.unipu.hr ts=1777803296457 status=FACE_DETECTED
2026-05-17 18:25:29,506 [INFO] ANALYZED exam=tQoHDQTrz1iAzcfYrbTF email=vjukic@student.unipu.hr ts=1777803299202 status=FACE_DETECTED
2026-05-17 18:25:30,635 [INFO] ANALYZED exam=tQoHDQTrz1iAzcfYrbTF email=vjukic@student.unipu.hr ts=1777803305836 status=FACE_DETECTED
2026-05-17 18:25:31,775 [INFO] ANALYZED exam=tQoHDQTrz1iAzcfYrbTF email=vjukic@student.unipu.hr ts=1777803307527 status=FACE_DETECTED
2026-05-17 18:25:32,898 [INFO] ANALYZED exam=tQoHDQTrz1iAzcfYrbTF email=vjukic@student.unipu.hr ts=1777803309142 status=FACE_DETECTED
2026-05-17 18:25:34,033 [INFO] ANALYZED exam=tQoHDQTrz1iAzcfYrbTF email=vjukic@student.unipu.hr ts=1777803310743 status=FACE_DETECTED
2026-05-17 18:25:35,183 [INFO] ANALYZED exam=tQoHDQTrz1iAzcfYrbTF email=vjukic@student.unipu.hr ts=1777803321329 status=FACE_DETECTED
2026-05-17 18:25:36,321 [INFO] ANALYZED exam=tQoHDQTrz1iAzcfYrbTF email=vjukic@student.unipu.hr ts=1777803325025 status=FACE_DETECTED
2026-05-17 18:25:37,465 [INFO] ANALYZED exam=tQoHDQTrz1iAzcfYrbTF email=vjukic@student.unipu.hr ts=1777803330622 status=FACE_DETECTED
2026-05-17 18:25:38,589 [INFO] ANALYZED exam=tQoHDQTrz1iAzcfYrbTF email=vjukic@student.unipu.hr ts=1777803333225 status=FACE_DETECTED
2026-05-17 18:25:39,742 [INFO] ANALYZED exam=tQoHDQTrz1iAzcfYrbTF email=vjukic@student.unipu.hr ts=1777803340849 status=FACE_DETECTED
2026-05-17 18:25:40,880 [INFO] ANALYZED exam=tQoHDQTrz1iAzcfYrbTF email=vjukic@student.unipu.hr ts=1777803351650 status=FACE_DETECTED
2026-05-17 18:25:42,030 [INFO] ANALYZED exam=tQoHDQTrz1iAzcfYrbTF email=vjukic@student.unipu.hr ts=1777803356325 status=FACE_DETECTED
2026-05-17 18:25:43,161 [INFO] ANALYZED exam=tQoHDQTrz1iAzcfYrbTF email=vjukic@student.unipu.hr ts=1777803359922 status=FACE_DETECTED
2026-05-17 18:25:44,329 [INFO] ANALYZED exam=tQoHDQTrz1iAzcfYrbTF email=vjukic@student.unipu.hr ts=1777803368528 status=FACE_DETECTED
2026-05-17 18:25:45,460 [INFO] ANALYZED exam=tQoHDQTrz1iAzcfYrbTF email=vjukic@student.unipu.hr ts=1777803371231 status=FACE_DETECTED
2026-05-17 18:25:46,608 [INFO] ANALYZED exam=tQoHDQTrz1iAzcfYrbTF email=vjukic@student.unipu.hr ts=1777803376843 status=FACE_DETECTED
2026-05-17 18:25:47,755 [INFO] ANALYZED exam=tQoHDQTrz1iAzcfYrbTF email=vjukic@student.unipu.hr ts=1777803387426 status=FACE_DETECTED
2026-05-17 18:25:48,875 [INFO] ANALYZED exam=tQoHDQTrz1iAzcfYrbTF email=vjukic@student.unipu.hr ts=1777803391241 status=FACE_DETECTED
2026-05-17 18:25:49,999 [INFO] ANALYZED exam=tQoHDQTrz1iAzcfYrbTF email=vjukic@student.unipu.hr ts=1777803397826 status=FACE_DETECTED
2026-05-17 18:25:51,130 [INFO] ANALYZED exam=tQoHDQTrz1iAzcfYrbTF email=vjukic@student.unipu.hr ts=1777803407523 status=FACE_DETECTED
2026-05-17 18:25:52,263 [INFO] ANALYZED exam=tQoHDQTrz1iAzcfYrbTF email=vjukic@student.unipu.hr ts=1777803410230 status=FACE_DETECTED
2026-05-17 18:25:53,412 [INFO] ANALYZED exam=tQoHDQTrz1iAzcfYrbTF email=vjukic@student.unipu.hr ts=1777803419843 status=FACE_DETECTED
2026-05-17 18:25:54,552 [INFO] ANALYZED exam=tQoHDQTrz1iAzcfYrbTF email=vjukic@student.unipu.hr ts=1777803422631 status=FACE_DETECTED
2026-05-17 18:25:55,667 [INFO] ANALYZED exam=tQoHDQTrz1iAzcfYrbTF email=vjukic@student.unipu.hr ts=1777803429192 status=NO_FACE_DETECTED
2026-05-17 18:25:56,811 [INFO] ANALYZED exam=tQoHDQTrz1iAzcfYrbTF email=vjukic@student.unipu.hr ts=1777803439933 status=FACE_DETECTED
2026-05-17 18:25:57,951 [INFO] ANALYZED exam=tQoHDQTrz1iAzcfYrbTF email=vjukic@student.unipu.hr ts=1777803442717 status=FACE_DETECTED
2026-05-17 18:25:59,081 [INFO] ANALYZED exam=tQoHDQTrz1iAzcfYrbTF email=vjukic@student.unipu.hr ts=1777803449343 status=FACE_DETECTED
2026-05-17 18:26:00,260 [INFO] ANALYZED exam=tQoHDQTrz1iAzcfYrbTF email=vjukic@student.unipu.hr ts=1777803451108 status=FACE_DETECTED
2026-05-17 18:26:01,401 [INFO] ANALYZED exam=tQoHDQTrz1iAzcfYrbTF email=vjukic@student.unipu.hr ts=1777803455735 status=FACE_DETECTED
2026-05-17 18:26:02,529 [INFO] ANALYZED exam=tQoHDQTrz1iAzcfYrbTF email=vjukic@student.unipu.hr ts=1777803460340 status=FACE_DETECTED
2026-05-17 18:26:03,661 [INFO] ANALYZED exam=tQoHDQTrz1iAzcfYrbTF email=vjukic@student.unipu.hr ts=1777803465920 status=FACE_DETECTED
2026-05-17 18:26:04,797 [INFO] ANALYZED exam=tQoHDQTrz1iAzcfYrbTF email=vjukic@student.unipu.hr ts=1777803467522 status=FACE_DETECTED
2026-05-17 18:26:05,940 [INFO] ANALYZED exam=tQoHDQTrz1iAzcfYrbTF email=vjukic@student.unipu.hr ts=1777803473142 status=FACE_DETECTED
2026-05-17 18:26:07,071 [INFO] ANALYZED exam=tQoHDQTrz1iAzcfYrbTF email=vjukic@student.unipu.hr ts=1777803479733 status=FACE_DETECTED
2026-05-17 18:26:08,194 [INFO] ANALYZED exam=tQoHDQTrz1iAzcfYrbTF email=vjukic@student.unipu.hr ts=1777803488410 status=FACE_DETECTED
2026-05-17 18:26:09,323 [INFO] ANALYZED exam=tQoHDQTrz1iAzcfYrbTF email=vjukic@student.unipu.hr ts=1777803499127 status=FACE_DETECTED
2026-05-17 18:26:10,460 [INFO] ANALYZED exam=tQoHDQTrz1iAzcfYrbTF email=vjukic@student.unipu.hr ts=1777803501824 status=FACE_DETECTED
2026-05-17 18:26:11,460 [INFO] ANALYZE_STOP reason=busy processed=42
2026-05-17 18:26:11,663 [INFO] BATCH_WRITE items=42
2026-05-17 18:26:22,664 [INFO] LOAD cpu=1.1% mem=+-1.7% req_rate=0.00/min idle=True
2026-05-17 18:26:22,665 [INFO] ANALYZE_BEGIN n_pending=299
2026-05-17 18:26:23,967 [INFO] ANALYZED exam=tQoHDQTrz1iAzcfYrbTF email=vjukic@student.unipu.hr ts=1777803504442 status=FACE_DETECTED
2026-05-17 18:26:25,115 [INFO] ANALYZED exam=tQoHDQTrz1iAzcfYrbTF email=vjukic@student.unipu.hr ts=1777803514019 status=FACE_DETECTED
2026-05-17 18:26:26,238 [INFO] ANALYZED exam=tQoHDQTrz1iAzcfYrbTF email=vjukic@student.unipu.hr ts=1777803516716 status=FACE_DETECTED
2026-05-17 18:26:27,374 [INFO] ANALYZED exam=tQoHDQTrz1iAzcfYrbTF email=vjukic@student.unipu.hr ts=1777803526322 status=FACE_DETECTED
2026-05-17 18:26:28,500 [INFO] ANALYZED exam=tQoHDQTrz1iAzcfYrbTF email=vjukic@student.unipu.hr ts=1777803535032 status=FACE_DETECTED
2026-05-17 18:26:29,632 [INFO] ANALYZED exam=tQoHDQTrz1iAzcfYrbTF email=vjukic@student.unipu.hr ts=1777803543728 status=FACE_DETECTED
2026-05-17 18:26:30,768 [INFO] ANALYZED exam=tQoHDQTrz1iAzcfYrbTF email=vjukic@student.unipu.hr ts=1777803545426 status=FACE_DETECTED
2026-05-17 18:26:31,903 [INFO] ANALYZED exam=tQoHDQTrz1iAzcfYrbTF email=vjukic@student.unipu.hr ts=1777803552055 status=FACE_DETECTED
2026-05-17 18:26:33,033 [INFO] ANALYZED exam=tQoHDQTrz1iAzcfYrbTF email=vjukic@student.unipu.hr ts=1777803556825 status=FACE_DETECTED
2026-05-17 18:26:34,166 [INFO] ANALYZED exam=tQoHDQTrz1iAzcfYrbTF email=vjukic@student.unipu.hr ts=1777803562424 status=FACE_DETECTED
2026-05-17 18:26:35,332 [INFO] ANALYZED exam=tQoHDQTrz1iAzcfYrbTF email=vjukic@student.unipu.hr ts=1777803573044 status=FACE_DETECTED
2026-05-17 18:26:36,485 [INFO] ANALYZED exam=tQoHDQTrz1iAzcfYrbTF email=vjukic@student.unipu.hr ts=1777803578823 status=FACE_DETECTED
2026-05-17 18:26:37,591 [INFO] ANALYZED exam=tQoHDQTrz1iAzcfYrbTF email=vjukic@student.unipu.hr ts=1777803582381 status=NO_FACE_DETECTED
2026-05-17 18:26:38,731 [INFO] ANALYZED exam=tQoHDQTrz1iAzcfYrbTF email=vjukic@student.unipu.hr ts=1777803588918 status=FACE_DETECTED
2026-05-17 18:26:39,860 [INFO] ANALYZED exam=tQoHDQTrz1iAzcfYrbTF email=vjukic@student.unipu.hr ts=1777803593616 status=FACE_DETECTED
2026-05-17 18:26:40,989 [INFO] ANALYZED exam=tQoHDQTrz1iAzcfYrbTF email=vjukic@student.unipu.hr ts=1777803600227 status=FACE_DETECTED
2026-05-17 18:26:42,154 [INFO] ANALYZED exam=tQoHDQTrz1iAzcfYrbTF email=vjukic@student.unipu.hr ts=1777803609918 status=FACE_DETECTED
2026-05-17 18:26:43,292 [INFO] ANALYZED exam=tQoHDQTrz1iAzcfYrbTF email=vjukic@student.unipu.hr ts=1777803615721 status=FACE_DETECTED
2026-05-17 18:26:44,431 [INFO] ANALYZED exam=tQoHDQTrz1iAzcfYrbTF email=vjukic@student.unipu.hr ts=1777803619437 status=FACE_DETECTED
2026-05-17 18:26:45,592 [INFO] ANALYZED exam=tQoHDQTrz1iAzcfYrbTF email=vjukic@student.unipu.hr ts=1777803624019 status=FACE_DETECTED
2026-05-17 18:26:46,748 [INFO] ANALYZED exam=tQoHDQTrz1iAzcfYrbTF email=vjukic@student.unipu.hr ts=1777803634635 status=FACE_DETECTED
2026-05-17 18:26:48,069 [INFO] ANALYZED exam=tQoHDQTrz1iAzcfYrbTF email=vkovac1@student.unipu.hr ts=1777826200709 status=FACE_DETECTED
2026-05-17 18:26:49,338 [INFO] ANALYZED exam=tQoHDQTrz1iAzcfYrbTF email=vkovac1@student.unipu.hr ts=1777826208077 status=FACE_DETECTED
2026-05-17 18:26:50,959 [INFO] ANALYZED exam=tQoHDQTrz1iAzcfYrbTF email=vkovac1@student.unipu.hr ts=1777826210978 status=FACE_DETECTED
2026-05-17 18:26:52,365 [INFO] ANALYZED exam=tQoHDQTrz1iAzcfYrbTF email=vkovac1@student.unipu.hr ts=1777826221735 status=FACE_DETECTED
2026-05-17 18:26:53,651 [INFO] ANALYZED exam=tQoHDQTrz1iAzcfYrbTF email=vkovac1@student.unipu.hr ts=1777826225726 status=FACE_DETECTED
2026-05-17 18:26:54,930 [INFO] ANALYZED exam=tQoHDQTrz1iAzcfYrbTF email=vkovac1@student.unipu.hr ts=1777826228536 status=FACE_DETECTED
2026-05-17 18:26:56,195 [INFO] ANALYZED exam=tQoHDQTrz1iAzcfYrbTF email=vkovac1@student.unipu.hr ts=1777826231251 status=FACE_DETECTED
2026-05-17 18:26:57,453 [INFO] ANALYZED exam=tQoHDQTrz1iAzcfYrbTF email=vkovac1@student.unipu.hr ts=1777826240969 status=FACE_DETECTED
2026-05-17 18:26:58,730 [INFO] ANALYZED exam=tQoHDQTrz1iAzcfYrbTF email=vkovac1@student.unipu.hr ts=1777826247847 status=FACE_DETECTED
2026-05-17 18:26:59,999 [INFO] ANALYZED exam=tQoHDQTrz1iAzcfYrbTF email=vkovac1@student.unipu.hr ts=1777826252835 status=FACE_DETECTED
2026-05-17 18:27:01,262 [INFO] ANALYZED exam=tQoHDQTrz1iAzcfYrbTF email=vkovac1@student.unipu.hr ts=1777826258585 status=FACE_DETECTED
2026-05-17 18:27:02,520 [INFO] ANALYZED exam=tQoHDQTrz1iAzcfYrbTF email=vkovac1@student.unipu.hr ts=1777826266266 status=FACE_DETECTED
2026-05-17 18:27:03,809 [INFO] ANALYZED exam=tQoHDQTrz1iAzcfYrbTF email=vkovac1@student.unipu.hr ts=1777826277241 status=FACE_DETECTED
2026-05-17 18:27:05,071 [INFO] ANALYZED exam=tQoHDQTrz1iAzcfYrbTF email=vkovac1@student.unipu.hr ts=1777826288244 status=FACE_DETECTED
2026-05-17 18:27:06,349 [INFO] ANALYZED exam=tQoHDQTrz1iAzcfYrbTF email=vkovac1@student.unipu.hr ts=1777826291193 status=FACE_DETECTED
2026-05-17 18:27:07,609 [INFO] ANALYZED exam=tQoHDQTrz1iAzcfYrbTF email=vkovac1@student.unipu.hr ts=1777826292914 status=FACE_DETECTED
2026-05-17 18:27:08,888 [INFO] ANALYZED exam=tQoHDQTrz1iAzcfYrbTF email=vkovac1@student.unipu.hr ts=1777826302585 status=FACE_DETECTED
2026-05-17 18:27:10,158 [INFO] ANALYZED exam=tQoHDQTrz1iAzcfYrbTF email=vkovac1@student.unipu.hr ts=1777826304472 status=FACE_DETECTED
2026-05-17 18:27:11,159 [INFO] ANALYZE_STOP reason=busy processed=39
2026-05-17 18:27:11,334 [INFO] BATCH_WRITE items=39
2026-05-17 18:27:22,335 [INFO] LOAD cpu=2.5% mem=+-1.2% req_rate=0.00/min idle=True
2026-05-17 18:27:22,335 [INFO] ANALYZE_BEGIN n_pending=260
2026-05-17 18:27:23,881 [INFO] ANALYZED exam=tQoHDQTrz1iAzcfYrbTF email=vkovac1@student.unipu.hr ts=1777826315421 status=FACE_DETECTED
2026-05-17 18:27:25,189 [INFO] ANALYZED exam=tQoHDQTrz1iAzcfYrbTF email=vkovac1@student.unipu.hr ts=1777826325369 status=FACE_DETECTED
2026-05-17 18:27:26,517 [INFO] ANALYZED exam=tQoHDQTrz1iAzcfYrbTF email=vkovac1@student.unipu.hr ts=1777826327317 status=FACE_DETECTED
2026-05-17 18:27:27,787 [INFO] ANALYZED exam=tQoHDQTrz1iAzcfYrbTF email=vkovac1@student.unipu.hr ts=1777826333079 status=FACE_DETECTED
2026-05-17 18:27:29,061 [INFO] ANALYZED exam=tQoHDQTrz1iAzcfYrbTF email=vkovac1@student.unipu.hr ts=1777826343804 status=FACE_DETECTED
2026-05-17 18:27:30,319 [INFO] ANALYZED exam=tQoHDQTrz1iAzcfYrbTF email=vkovac1@student.unipu.hr ts=1777826354918 status=FACE_DETECTED
2026-05-17 18:27:31,600 [INFO] ANALYZED exam=tQoHDQTrz1iAzcfYrbTF email=vkovac1@student.unipu.hr ts=1777826365907 status=FACE_DETECTED
2026-05-17 18:27:32,943 [INFO] ANALYZED exam=tQoHDQTrz1iAzcfYrbTF email=vkovac1@student.unipu.hr ts=1777826374960 status=FACE_DETECTED
2026-05-17 18:27:34,205 [INFO] ANALYZED exam=tQoHDQTrz1iAzcfYrbTF email=vkovac1@student.unipu.hr ts=1777826379888 status=FACE_DETECTED
2026-05-17 18:27:35,473 [INFO] ANALYZED exam=tQoHDQTrz1iAzcfYrbTF email=vkovac1@student.unipu.hr ts=1777826384585 status=FACE_DETECTED
2026-05-17 18:27:36,746 [INFO] ANALYZED exam=tQoHDQTrz1iAzcfYrbTF email=vkovac1@student.unipu.hr ts=1777826392327 status=FACE_DETECTED
2026-05-17 18:27:38,053 [INFO] ANALYZED exam=tQoHDQTrz1iAzcfYrbTF email=vkovac1@student.unipu.hr ts=1777826399415 status=FACE_DETECTED
2026-05-17 18:27:39,326 [INFO] ANALYZED exam=tQoHDQTrz1iAzcfYrbTF email=vkovac1@student.unipu.hr ts=1777826401345 status=FACE_DETECTED
2026-05-17 18:27:40,578 [INFO] ANALYZED exam=tQoHDQTrz1iAzcfYrbTF email=vkovac1@student.unipu.hr ts=1777826410080 status=FACE_DETECTED
2026-05-17 18:27:41,835 [INFO] ANALYZED exam=tQoHDQTrz1iAzcfYrbTF email=vkovac1@student.unipu.hr ts=1777826421214 status=FACE_DETECTED
2026-05-17 18:27:43,103 [INFO] ANALYZED exam=tQoHDQTrz1iAzcfYrbTF email=vkovac1@student.unipu.hr ts=1777826430222 status=FACE_DETECTED
2026-05-17 18:27:44,379 [INFO] ANALYZED exam=tQoHDQTrz1iAzcfYrbTF email=vkovac1@student.unipu.hr ts=1777826437303 status=FACE_DETECTED
2026-05-17 18:27:45,645 [INFO] ANALYZED exam=tQoHDQTrz1iAzcfYrbTF email=vkovac1@student.unipu.hr ts=1777826446188 status=FACE_DETECTED
2026-05-17 18:27:46,913 [INFO] ANALYZED exam=tQoHDQTrz1iAzcfYrbTF email=vkovac1@student.unipu.hr ts=1777826448176 status=FACE_DETECTED
2026-05-17 18:27:48,167 [INFO] ANALYZED exam=tQoHDQTrz1iAzcfYrbTF email=vkovac1@student.unipu.hr ts=1777826451930 status=FACE_DETECTED
2026-05-17 18:27:49,419 [INFO] ANALYZED exam=tQoHDQTrz1iAzcfYrbTF email=vkovac1@student.unipu.hr ts=1777826461801 status=FACE_DETECTED
2026-05-17 18:27:50,674 [INFO] ANALYZED exam=tQoHDQTrz1iAzcfYrbTF email=vkovac1@student.unipu.hr ts=1777826467993 status=FACE_DETECTED
2026-05-17 18:27:51,943 [INFO] ANALYZED exam=tQoHDQTrz1iAzcfYrbTF email=vkovac1@student.unipu.hr ts=1777826470017 status=FACE_DETECTED
2026-05-17 18:27:53,245 [INFO] ANALYZED exam=tQoHDQTrz1iAzcfYrbTF email=vkovac1@student.unipu.hr ts=1777826477507 status=FACE_DETECTED
2026-05-17 18:27:54,507 [INFO] ANALYZED exam=tQoHDQTrz1iAzcfYrbTF email=vkovac1@student.unipu.hr ts=1777826484577 status=FACE_DETECTED
2026-05-17 18:27:55,787 [INFO] ANALYZED exam=tQoHDQTrz1iAzcfYrbTF email=vkovac1@student.unipu.hr ts=1777826492649 status=FACE_DETECTED
2026-05-17 18:27:57,070 [INFO] ANALYZED exam=tQoHDQTrz1iAzcfYrbTF email=vkovac1@student.unipu.hr ts=1777826497590 status=FACE_DETECTED
2026-05-17 18:27:58,328 [INFO] ANALYZED exam=tQoHDQTrz1iAzcfYrbTF email=vkovac1@student.unipu.hr ts=1777826507481 status=FACE_DETECTED
2026-05-17 18:27:59,576 [INFO] ANALYZED exam=tQoHDQTrz1iAzcfYrbTF email=vkovac1@student.unipu.hr ts=1777826510717 status=FACE_DETECTED
2026-05-17 18:28:00,818 [INFO] ANALYZED exam=tQoHDQTrz1iAzcfYrbTF email=vkovac1@student.unipu.hr ts=1777826512472 status=FACE_DETECTED
2026-05-17 18:28:02,075 [INFO] ANALYZED exam=tQoHDQTrz1iAzcfYrbTF email=vkovac1@student.unipu.hr ts=1777826515240 status=FACE_DETECTED
2026-05-17 18:28:03,323 [INFO] ANALYZED exam=tQoHDQTrz1iAzcfYrbTF email=vkovac1@student.unipu.hr ts=1777826524010 status=FACE_DETECTED
2026-05-17 18:28:04,578 [INFO] ANALYZED exam=tQoHDQTrz1iAzcfYrbTF email=vkovac1@student.unipu.hr ts=1777826526954 status=FACE_DETECTED
2026-05-17 18:28:05,846 [INFO] ANALYZED exam=tQoHDQTrz1iAzcfYrbTF email=vkovac1@student.unipu.hr ts=1777826531717 status=FACE_DETECTED
2026-05-17 18:28:07,094 [INFO] ANALYZED exam=tQoHDQTrz1iAzcfYrbTF email=vkovac1@student.unipu.hr ts=1777826535481 status=FACE_DETECTED
2026-05-17 18:28:08,347 [INFO] ANALYZED exam=tQoHDQTrz1iAzcfYrbTF email=vkovac1@student.unipu.hr ts=1777826540221 status=FACE_DETECTED
2026-05-17 18:28:09,600 [INFO] ANALYZED exam=tQoHDQTrz1iAzcfYrbTF email=vkovac1@student.unipu.hr ts=1777826548926 status=FACE_DETECTED
2026-05-17 18:28:10,877 [INFO] ANALYZED exam=tQoHDQTrz1iAzcfYrbTF email=vkovac1@student.unipu.hr ts=1777826555906 status=FACE_DETECTED
2026-05-17 18:28:11,878 [INFO] ANALYZE_STOP reason=busy processed=38
2026-05-17 18:28:12,036 [INFO] BATCH_WRITE items=38
2026-05-17 18:28:23,037 [INFO] LOAD cpu=1.6% mem=+-1.5% req_rate=0.00/min idle=True
2026-05-17 18:28:23,037 [INFO] ANALYZE_BEGIN n_pending=222
2026-05-17 18:28:24,551 [INFO] ANALYZED exam=tQoHDQTrz1iAzcfYrbTF email=vkovac1@student.unipu.hr ts=1777826561016 status=FACE_DETECTED
2026-05-17 18:28:26,165 [INFO] ANALYZED exam=tQoHDQTrz1iAzcfYrbTF email=vkovac1@student.unipu.hr ts=1777826565689 status=FACE_DETECTED
2026-05-17 18:28:27,516 [INFO] ANALYZED exam=tQoHDQTrz1iAzcfYrbTF email=vkovac1@student.unipu.hr ts=1777826573473 status=FACE_DETECTED
2026-05-17 18:28:28,779 [INFO] ANALYZED exam=tQoHDQTrz1iAzcfYrbTF email=vkovac1@student.unipu.hr ts=1777826578435 status=FACE_DETECTED
2026-05-17 18:28:30,046 [INFO] ANALYZED exam=tQoHDQTrz1iAzcfYrbTF email=vkovac1@student.unipu.hr ts=1777826585090 status=FACE_DETECTED
2026-05-17 18:28:31,320 [INFO] ANALYZED exam=tQoHDQTrz1iAzcfYrbTF email=vkovac1@student.unipu.hr ts=1777826596107 status=FACE_DETECTED
2026-05-17 18:28:32,590 [INFO] ANALYZED exam=tQoHDQTrz1iAzcfYrbTF email=vkovac1@student.unipu.hr ts=1777826599972 status=FACE_DETECTED
2026-05-17 18:28:33,853 [INFO] ANALYZED exam=tQoHDQTrz1iAzcfYrbTF email=vkovac1@student.unipu.hr ts=1777826605733 status=FACE_DETECTED
2026-05-17 18:28:35,112 [INFO] ANALYZED exam=tQoHDQTrz1iAzcfYrbTF email=vkovac1@student.unipu.hr ts=1777826611475 status=FACE_DETECTED
2026-05-17 18:28:36,378 [INFO] ANALYZED exam=tQoHDQTrz1iAzcfYrbTF email=vkovac1@student.unipu.hr ts=1777826615173 status=FACE_DETECTED
2026-05-17 18:28:37,638 [INFO] ANALYZED exam=tQoHDQTrz1iAzcfYrbTF email=vkovac1@student.unipu.hr ts=1777826616898 status=FACE_DETECTED
2026-05-17 18:28:38,919 [INFO] ANALYZED exam=tQoHDQTrz1iAzcfYrbTF email=vkovac1@student.unipu.hr ts=1777826626553 status=FACE_DETECTED
2026-05-17 18:28:40,211 [INFO] ANALYZED exam=tQoHDQTrz1iAzcfYrbTF email=vkovac1@student.unipu.hr ts=1777826636576 status=FACE_DETECTED
2026-05-17 18:28:41,465 [INFO] ANALYZED exam=tQoHDQTrz1iAzcfYrbTF email=vkovac1@student.unipu.hr ts=1777826642599 status=FACE_DETECTED
2026-05-17 18:28:42,720 [INFO] ANALYZED exam=tQoHDQTrz1iAzcfYrbTF email=vkovac1@student.unipu.hr ts=1777826651348 status=FACE_DETECTED
2026-05-17 18:28:43,992 [INFO] ANALYZED exam=tQoHDQTrz1iAzcfYrbTF email=vkovac1@student.unipu.hr ts=1777826661387 status=FACE_DETECTED
2026-05-17 18:28:45,263 [INFO] ANALYZED exam=tQoHDQTrz1iAzcfYrbTF email=vkovac1@student.unipu.hr ts=1777826667484 status=FACE_DETECTED
2026-05-17 18:28:46,542 [INFO] ANALYZED exam=tQoHDQTrz1iAzcfYrbTF email=vkovac1@student.unipu.hr ts=1777826670313 status=FACE_DETECTED
2026-05-17 18:28:47,810 [INFO] ANALYZED exam=tQoHDQTrz1iAzcfYrbTF email=vkovac1@student.unipu.hr ts=1777826676215 status=FACE_DETECTED
2026-05-17 18:28:49,063 [INFO] ANALYZED exam=tQoHDQTrz1iAzcfYrbTF email=vkovac1@student.unipu.hr ts=1777826685072 status=FACE_DETECTED
2026-05-17 18:28:50,318 [INFO] ANALYZED exam=tQoHDQTrz1iAzcfYrbTF email=vkovac1@student.unipu.hr ts=1777826691103 status=FACE_DETECTED
2026-05-17 18:28:51,587 [INFO] ANALYZED exam=tQoHDQTrz1iAzcfYrbTF email=vkovac1@student.unipu.hr ts=1777826692816 status=FACE_DETECTED
2026-05-17 18:28:52,842 [INFO] ANALYZED exam=tQoHDQTrz1iAzcfYrbTF email=vkovac1@student.unipu.hr ts=1777826695650 status=FACE_DETECTED
2026-05-17 18:28:54,108 [INFO] ANALYZED exam=tQoHDQTrz1iAzcfYrbTF email=vkovac1@student.unipu.hr ts=1777826706419 status=FACE_DETECTED
2026-05-17 18:28:55,399 [INFO] ANALYZED exam=tQoHDQTrz1iAzcfYrbTF email=vkovac1@student.unipu.hr ts=1777826714305 status=FACE_DETECTED
2026-05-17 18:28:56,667 [INFO] ANALYZED exam=tQoHDQTrz1iAzcfYrbTF email=vkovac1@student.unipu.hr ts=1777826724238 status=FACE_DETECTED
2026-05-17 18:28:57,899 [INFO] ANALYZED exam=tQoHDQTrz1iAzcfYrbTF email=vkovac1@student.unipu.hr ts=1777826728168 status=FACE_DETECTED
2026-05-17 18:28:59,170 [INFO] ANALYZED exam=tQoHDQTrz1iAzcfYrbTF email=vkovac1@student.unipu.hr ts=1777826736943 status=FACE_DETECTED
2026-05-17 18:29:00,430 [INFO] ANALYZED exam=tQoHDQTrz1iAzcfYrbTF email=vkovac1@student.unipu.hr ts=1777826745913 status=FACE_DETECTED
2026-05-17 18:29:01,700 [INFO] ANALYZED exam=tQoHDQTrz1iAzcfYrbTF email=vkovac1@student.unipu.hr ts=1777826755944 status=FACE_DETECTED
2026-05-17 18:29:02,981 [INFO] ANALYZED exam=tQoHDQTrz1iAzcfYrbTF email=vkovac1@student.unipu.hr ts=1777826765930 status=FACE_DETECTED
2026-05-17 18:29:04,250 [INFO] ANALYZED exam=tQoHDQTrz1iAzcfYrbTF email=vkovac1@student.unipu.hr ts=1777826772834 status=FACE_DETECTED
2026-05-17 18:29:05,522 [INFO] ANALYZED exam=tQoHDQTrz1iAzcfYrbTF email=vkovac1@student.unipu.hr ts=1777826781926 status=FACE_DETECTED
2026-05-17 18:29:06,772 [INFO] ANALYZED exam=tQoHDQTrz1iAzcfYrbTF email=vkovac1@student.unipu.hr ts=1777826793058 status=FACE_DETECTED
2026-05-17 18:29:08,032 [INFO] ANALYZED exam=tQoHDQTrz1iAzcfYrbTF email=vkovac1@student.unipu.hr ts=1777826796886 status=FACE_DETECTED
2026-05-17 18:29:09,291 [INFO] ANALYZED exam=tQoHDQTrz1iAzcfYrbTF email=vkovac1@student.unipu.hr ts=1777826809812 status=FACE_DETECTED
2026-05-17 18:29:10,531 [INFO] ANALYZED exam=tQoHDQTrz1iAzcfYrbTF email=vkovac1@student.unipu.hr ts=1777826818724 status=FACE_DETECTED
2026-05-17 18:29:11,532 [INFO] ANALYZE_STOP reason=busy processed=37
2026-05-17 18:29:11,706 [INFO] BATCH_WRITE items=37
2026-05-17 18:29:22,707 [INFO] LOAD cpu=1.2% mem=+-1.4% req_rate=0.00/min idle=True
2026-05-17 18:29:22,708 [INFO] ANALYZE_BEGIN n_pending=185
2026-05-17 18:29:24,210 [INFO] ANALYZED exam=tQoHDQTrz1iAzcfYrbTF email=vkovac1@student.unipu.hr ts=1777826821691 status=FACE_DETECTED
2026-05-17 18:29:25,546 [INFO] ANALYZED exam=tQoHDQTrz1iAzcfYrbTF email=vkovac1@student.unipu.hr ts=1777826823434 status=FACE_DETECTED
2026-05-17 18:29:26,830 [INFO] ANALYZED exam=tQoHDQTrz1iAzcfYrbTF email=vkovac1@student.unipu.hr ts=1777826825180 status=FACE_DETECTED
2026-05-17 18:29:28,099 [INFO] ANALYZED exam=tQoHDQTrz1iAzcfYrbTF email=vkovac1@student.unipu.hr ts=1777826835938 status=FACE_DETECTED
2026-05-17 18:29:29,373 [INFO] ANALYZED exam=tQoHDQTrz1iAzcfYrbTF email=vkovac1@student.unipu.hr ts=1777826840884 status=FACE_DETECTED
2026-05-17 18:29:30,637 [INFO] ANALYZED exam=tQoHDQTrz1iAzcfYrbTF email=vkovac1@student.unipu.hr ts=1777826844602 status=FACE_DETECTED
2026-05-17 18:29:31,896 [INFO] ANALYZED exam=tQoHDQTrz1iAzcfYrbTF email=vkovac1@student.unipu.hr ts=1777826847263 status=FACE_DETECTED
2026-05-17 18:29:33,171 [INFO] ANALYZED exam=tQoHDQTrz1iAzcfYrbTF email=vkovac1@student.unipu.hr ts=1777826849085 status=FACE_DETECTED
2026-05-17 18:29:34,422 [INFO] ANALYZED exam=tQoHDQTrz1iAzcfYrbTF email=vkovac1@student.unipu.hr ts=1777826858812 status=FACE_DETECTED
2026-05-17 18:29:35,699 [INFO] ANALYZED exam=tQoHDQTrz1iAzcfYrbTF email=vkovac1@student.unipu.hr ts=1777826863749 status=FACE_DETECTED
2026-05-17 18:29:36,956 [INFO] ANALYZED exam=tQoHDQTrz1iAzcfYrbTF email=vkovac1@student.unipu.hr ts=1777826868570 status=FACE_DETECTED
2026-05-17 18:29:38,229 [INFO] ANALYZED exam=tQoHDQTrz1iAzcfYrbTF email=vkovac1@student.unipu.hr ts=1777826876330 status=FACE_DETECTED
2026-05-17 18:29:39,478 [INFO] ANALYZED exam=tQoHDQTrz1iAzcfYrbTF email=vkovac1@student.unipu.hr ts=1777826880311 status=FACE_DETECTED
2026-05-17 18:29:40,726 [INFO] ANALYZED exam=tQoHDQTrz1iAzcfYrbTF email=vkovac1@student.unipu.hr ts=1777826890010 status=FACE_DETECTED
2026-05-17 18:29:41,979 [INFO] ANALYZED exam=tQoHDQTrz1iAzcfYrbTF email=vkovac1@student.unipu.hr ts=1777826898057 status=FACE_DETECTED
2026-05-17 18:29:43,226 [INFO] ANALYZED exam=tQoHDQTrz1iAzcfYrbTF email=vkovac1@student.unipu.hr ts=1777826904079 status=FACE_DETECTED
2026-05-17 18:29:44,483 [INFO] ANALYZED exam=tQoHDQTrz1iAzcfYrbTF email=vkovac1@student.unipu.hr ts=1777826906839 status=FACE_DETECTED
2026-05-17 18:29:45,733 [INFO] ANALYZED exam=tQoHDQTrz1iAzcfYrbTF email=vkovac1@student.unipu.hr ts=1777826916535 status=FACE_DETECTED
2026-05-17 18:29:46,989 [INFO] ANALYZED exam=tQoHDQTrz1iAzcfYrbTF email=vkovac1@student.unipu.hr ts=1777826924635 status=FACE_DETECTED
2026-05-17 18:29:48,240 [INFO] ANALYZED exam=tQoHDQTrz1iAzcfYrbTF email=vkovac1@student.unipu.hr ts=1777826935611 status=FACE_DETECTED
2026-05-17 18:29:49,509 [INFO] ANALYZED exam=tQoHDQTrz1iAzcfYrbTF email=vkovac1@student.unipu.hr ts=1777826940761 status=FACE_DETECTED
2026-05-17 18:29:50,829 [INFO] ANALYZED exam=tQoHDQTrz1iAzcfYrbTF email=vkovac1@student.unipu.hr ts=1777826951548 status=FACE_DETECTED
2026-05-17 18:29:52,110 [INFO] ANALYZED exam=tQoHDQTrz1iAzcfYrbTF email=vkovac1@student.unipu.hr ts=1777826956608 status=FACE_DETECTED
2026-05-17 18:29:53,383 [INFO] ANALYZED exam=tQoHDQTrz1iAzcfYrbTF email=vkovac1@student.unipu.hr ts=1777826965390 status=FACE_DETECTED
2026-05-17 18:29:54,669 [INFO] ANALYZED exam=tQoHDQTrz1iAzcfYrbTF email=vkovac1@student.unipu.hr ts=1777826976436 status=FACE_DETECTED
2026-05-17 18:29:55,925 [INFO] ANALYZED exam=tQoHDQTrz1iAzcfYrbTF email=vkovac1@student.unipu.hr ts=1777826980442 status=FACE_DETECTED
2026-05-17 18:29:57,188 [INFO] ANALYZED exam=tQoHDQTrz1iAzcfYrbTF email=vkovac1@student.unipu.hr ts=1777826986192 status=FACE_DETECTED
2026-05-17 18:29:58,467 [INFO] ANALYZED exam=tQoHDQTrz1iAzcfYrbTF email=vkovac1@student.unipu.hr ts=1777826994913 status=FACE_DETECTED
2026-05-17 18:29:59,739 [INFO] ANALYZED exam=tQoHDQTrz1iAzcfYrbTF email=vkovac1@student.unipu.hr ts=1777827005780 status=FACE_DETECTED
2026-05-17 18:30:00,999 [INFO] ANALYZED exam=tQoHDQTrz1iAzcfYrbTF email=vkovac1@student.unipu.hr ts=1777827010871 status=FACE_DETECTED
2026-05-17 18:30:02,269 [INFO] ANALYZED exam=tQoHDQTrz1iAzcfYrbTF email=vkovac1@student.unipu.hr ts=1777827016577 status=FACE_DETECTED
2026-05-17 18:30:03,540 [INFO] ANALYZED exam=tQoHDQTrz1iAzcfYrbTF email=vkovac1@student.unipu.hr ts=1777827025345 status=FACE_DETECTED
2026-05-17 18:30:04,803 [INFO] ANALYZED exam=tQoHDQTrz1iAzcfYrbTF email=vkovac1@student.unipu.hr ts=1777827030213 status=FACE_DETECTED
2026-05-17 18:30:06,056 [INFO] ANALYZED exam=tQoHDQTrz1iAzcfYrbTF email=vkovac1@student.unipu.hr ts=1777827038943 status=FACE_DETECTED
2026-05-17 18:30:07,344 [INFO] ANALYZED exam=tQoHDQTrz1iAzcfYrbTF email=vkovac1@student.unipu.hr ts=1777827046858 status=FACE_DETECTED
2026-05-17 18:30:08,606 [INFO] ANALYZED exam=tQoHDQTrz1iAzcfYrbTF email=vkovac1@student.unipu.hr ts=1777827048753 status=FACE_DETECTED
2026-05-17 18:30:09,719 [INFO] ANALYZED exam=tQoHDQTrz1iAzcfYrbTF email=vkovac1@student.unipu.hr ts=1777827062347 status=NO_FACE_DETECTED
2026-05-17 18:30:10,841 [INFO] ANALYZED exam=tQoHDQTrz1iAzcfYrbTF email=vmiskic@student.unipu.hr ts=1777810689161 status=FACE_DETECTED
2026-05-17 18:30:11,842 [INFO] ANALYZE_STOP reason=busy processed=38
2026-05-17 18:30:12,027 [INFO] BATCH_WRITE items=38
2026-05-17 18:30:26,026 [INFO] LOAD cpu=1.4% mem=+-1.5% req_rate=0.00/min idle=True
2026-05-17 18:30:26,026 [INFO] ANALYZE_BEGIN n_pending=147
2026-05-17 18:30:27,161 [INFO] ANALYZED exam=tQoHDQTrz1iAzcfYrbTF email=vmiskic@student.unipu.hr ts=1777810689799 status=FACE_DETECTED
2026-05-17 18:30:28,273 [INFO] ANALYZED exam=tQoHDQTrz1iAzcfYrbTF email=vmiskic@student.unipu.hr ts=1777810699868 status=NO_FACE_DETECTED
2026-05-17 18:30:29,400 [INFO] ANALYZED exam=tQoHDQTrz1iAzcfYrbTF email=vmiskic@student.unipu.hr ts=1777810705749 status=FACE_DETECTED
2026-05-17 18:30:30,524 [INFO] ANALYZED exam=tQoHDQTrz1iAzcfYrbTF email=vmiskic@student.unipu.hr ts=1777810709516 status=FACE_DETECTED
2026-05-17 18:30:31,668 [INFO] ANALYZED exam=tQoHDQTrz1iAzcfYrbTF email=vmiskic@student.unipu.hr ts=1777810714281 status=FACE_DETECTED
2026-05-17 18:30:32,797 [INFO] ANALYZED exam=tQoHDQTrz1iAzcfYrbTF email=vmiskic@student.unipu.hr ts=1777810722009 status=FACE_DETECTED
2026-05-17 18:30:33,941 [INFO] ANALYZED exam=tQoHDQTrz1iAzcfYrbTF email=vmiskic@student.unipu.hr ts=1777810731942 status=FACE_DETECTED
2026-05-17 18:30:35,106 [INFO] ANALYZED exam=tQoHDQTrz1iAzcfYrbTF email=vmiskic@student.unipu.hr ts=1777810734840 status=FACE_DETECTED
2026-05-17 18:30:36,234 [INFO] ANALYZED exam=tQoHDQTrz1iAzcfYrbTF email=vmiskic@student.unipu.hr ts=1777810741611 status=FACE_DETECTED
2026-05-17 18:30:37,357 [INFO] ANALYZED exam=tQoHDQTrz1iAzcfYrbTF email=vmiskic@student.unipu.hr ts=1777810749540 status=FACE_DETECTED
2026-05-17 18:30:38,474 [INFO] ANALYZED exam=tQoHDQTrz1iAzcfYrbTF email=vmiskic@student.unipu.hr ts=1777810758450 status=FACE_DETECTED
2026-05-17 18:30:39,604 [INFO] ANALYZED exam=tQoHDQTrz1iAzcfYrbTF email=vmiskic@student.unipu.hr ts=1777810763380 status=FACE_DETECTED
2026-05-17 18:30:40,722 [INFO] ANALYZED exam=tQoHDQTrz1iAzcfYrbTF email=vmiskic@student.unipu.hr ts=1777810773187 status=FACE_DETECTED
2026-05-17 18:30:41,851 [INFO] ANALYZED exam=tQoHDQTrz1iAzcfYrbTF email=vmiskic@student.unipu.hr ts=1777810778112 status=FACE_DETECTED
2026-05-17 18:30:42,982 [INFO] ANALYZED exam=tQoHDQTrz1iAzcfYrbTF email=vmiskic@student.unipu.hr ts=1777810781846 status=FACE_DETECTED
2026-05-17 18:30:44,106 [INFO] ANALYZED exam=tQoHDQTrz1iAzcfYrbTF email=vmiskic@student.unipu.hr ts=1777810792645 status=FACE_DETECTED
2026-05-17 18:30:45,232 [INFO] ANALYZED exam=tQoHDQTrz1iAzcfYrbTF email=vmiskic@student.unipu.hr ts=1777810797512 status=FACE_DETECTED
2026-05-17 18:30:46,389 [INFO] ANALYZED exam=tQoHDQTrz1iAzcfYrbTF email=vmiskic@student.unipu.hr ts=1777810804300 status=FACE_DETECTED
2026-05-17 18:30:47,519 [INFO] ANALYZED exam=tQoHDQTrz1iAzcfYrbTF email=vmiskic@student.unipu.hr ts=1777810813532 status=FACE_DETECTED
2026-05-17 18:30:48,642 [INFO] ANALYZED exam=tQoHDQTrz1iAzcfYrbTF email=vmiskic@student.unipu.hr ts=1777810815430 status=FACE_DETECTED
2026-05-17 18:30:49,772 [INFO] ANALYZED exam=tQoHDQTrz1iAzcfYrbTF email=vmiskic@student.unipu.hr ts=1777810819167 status=FACE_DETECTED
2026-05-17 18:30:50,926 [INFO] ANALYZED exam=tQoHDQTrz1iAzcfYrbTF email=vmiskic@student.unipu.hr ts=1777810823965 status=FACE_DETECTED
2026-05-17 18:30:52,043 [INFO] ANALYZED exam=tQoHDQTrz1iAzcfYrbTF email=vmiskic@student.unipu.hr ts=1777810831690 status=FACE_DETECTED
2026-05-17 18:30:53,175 [INFO] ANALYZED exam=tQoHDQTrz1iAzcfYrbTF email=vmiskic@student.unipu.hr ts=1777810837622 status=FACE_DETECTED
2026-05-17 18:30:54,296 [INFO] ANALYZED exam=tQoHDQTrz1iAzcfYrbTF email=vmiskic@student.unipu.hr ts=1777810840423 status=FACE_DETECTED
2026-05-17 18:30:55,438 [INFO] ANALYZED exam=tQoHDQTrz1iAzcfYrbTF email=vmiskic@student.unipu.hr ts=1777810848155 status=FACE_DETECTED
2026-05-17 18:30:56,564 [INFO] ANALYZED exam=tQoHDQTrz1iAzcfYrbTF email=vmiskic@student.unipu.hr ts=1777810853125 status=FACE_DETECTED
2026-05-17 18:30:57,681 [INFO] ANALYZED exam=tQoHDQTrz1iAzcfYrbTF email=vmiskic@student.unipu.hr ts=1777810862875 status=FACE_DETECTED
2026-05-17 18:30:58,809 [INFO] ANALYZED exam=tQoHDQTrz1iAzcfYrbTF email=vmiskic@student.unipu.hr ts=1777810869798 status=FACE_DETECTED
2026-05-17 18:30:59,926 [INFO] ANALYZED exam=tQoHDQTrz1iAzcfYrbTF email=vmiskic@student.unipu.hr ts=1777810874726 status=FACE_DETECTED
2026-05-17 18:31:01,060 [INFO] ANALYZED exam=tQoHDQTrz1iAzcfYrbTF email=vmiskic@student.unipu.hr ts=1777810878452 status=FACE_DETECTED
2026-05-17 18:31:02,184 [INFO] ANALYZED exam=tQoHDQTrz1iAzcfYrbTF email=vmiskic@student.unipu.hr ts=1777810889252 status=FACE_DETECTED
2026-05-17 18:31:03,300 [INFO] ANALYZED exam=tQoHDQTrz1iAzcfYrbTF email=vmiskic@student.unipu.hr ts=1777810891193 status=FACE_DETECTED
2026-05-17 18:31:04,421 [INFO] ANALYZED exam=tQoHDQTrz1iAzcfYrbTF email=vmiskic@student.unipu.hr ts=1777810899915 status=FACE_DETECTED
2026-05-17 18:31:05,542 [INFO] ANALYZED exam=tQoHDQTrz1iAzcfYrbTF email=vmiskic@student.unipu.hr ts=1777810904856 status=FACE_DETECTED
2026-05-17 18:31:06,669 [INFO] ANALYZED exam=tQoHDQTrz1iAzcfYrbTF email=vmiskic@student.unipu.hr ts=1777810906645 status=FACE_DETECTED
2026-05-17 18:31:07,804 [INFO] ANALYZED exam=tQoHDQTrz1iAzcfYrbTF email=vmiskic@student.unipu.hr ts=1777810916453 status=FACE_DETECTED
2026-05-17 18:31:08,944 [INFO] ANALYZED exam=tQoHDQTrz1iAzcfYrbTF email=vmiskic@student.unipu.hr ts=1777810926370 status=FACE_DETECTED
2026-05-17 18:31:10,089 [INFO] ANALYZED exam=tQoHDQTrz1iAzcfYrbTF email=vmiskic@student.unipu.hr ts=1777810932290 status=FACE_DETECTED
2026-05-17 18:31:11,090 [INFO] ANALYZE_STOP reason=busy processed=39
2026-05-17 18:31:11,260 [INFO] BATCH_WRITE items=39
2026-05-17 18:31:22,261 [INFO] LOAD cpu=2.6% mem=+-1.5% req_rate=0.00/min idle=True
2026-05-17 18:31:22,262 [INFO] ANALYZE_BEGIN n_pending=108
2026-05-17 18:31:23,531 [INFO] ANALYZED exam=tQoHDQTrz1iAzcfYrbTF email=vmiskic@student.unipu.hr ts=1777810942083 status=FACE_DETECTED
2026-05-17 18:31:24,686 [INFO] ANALYZED exam=tQoHDQTrz1iAzcfYrbTF email=vmiskic@student.unipu.hr ts=1777810949029 status=FACE_DETECTED
2026-05-17 18:31:25,822 [INFO] ANALYZED exam=tQoHDQTrz1iAzcfYrbTF email=vmiskic@student.unipu.hr ts=1777810954878 status=FACE_DETECTED
2026-05-17 18:31:26,941 [INFO] ANALYZED exam=tQoHDQTrz1iAzcfYrbTF email=vmiskic@student.unipu.hr ts=1777810964614 status=FACE_DETECTED
2026-05-17 18:31:28,060 [INFO] ANALYZED exam=tQoHDQTrz1iAzcfYrbTF email=vmiskic@student.unipu.hr ts=1777810969535 status=FACE_DETECTED
2026-05-17 18:31:29,217 [INFO] ANALYZED exam=tQoHDQTrz1iAzcfYrbTF email=vmiskic@student.unipu.hr ts=1777810978343 status=FACE_DETECTED
2026-05-17 18:31:30,346 [INFO] ANALYZED exam=tQoHDQTrz1iAzcfYrbTF email=vmiskic@student.unipu.hr ts=1777810988261 status=FACE_DETECTED
2026-05-17 18:31:31,486 [INFO] ANALYZED exam=tQoHDQTrz1iAzcfYrbTF email=vmiskic@student.unipu.hr ts=1777810994226 status=FACE_DETECTED
2026-05-17 18:31:32,611 [INFO] ANALYZED exam=tQoHDQTrz1iAzcfYrbTF email=vmiskic@student.unipu.hr ts=1777811002043 status=FACE_DETECTED
2026-05-17 18:31:33,744 [INFO] ANALYZED exam=tQoHDQTrz1iAzcfYrbTF email=vmiskic@student.unipu.hr ts=1777811003921 status=FACE_DETECTED
2026-05-17 18:31:34,877 [INFO] ANALYZED exam=tQoHDQTrz1iAzcfYrbTF email=vmiskic@student.unipu.hr ts=1777811005642 status=FACE_DETECTED
2026-05-17 18:31:35,998 [INFO] ANALYZED exam=tQoHDQTrz1iAzcfYrbTF email=vmiskic@student.unipu.hr ts=1777811013378 status=FACE_DETECTED
2026-05-17 18:31:37,126 [INFO] ANALYZED exam=tQoHDQTrz1iAzcfYrbTF email=vmiskic@student.unipu.hr ts=1777811024239 status=FACE_DETECTED
2026-05-17 18:31:38,252 [INFO] ANALYZED exam=tQoHDQTrz1iAzcfYrbTF email=vmiskic@student.unipu.hr ts=1777811034106 status=FACE_DETECTED
2026-05-17 18:31:39,397 [INFO] ANALYZED exam=tQoHDQTrz1iAzcfYrbTF email=vmiskic@student.unipu.hr ts=1777811037971 status=FACE_DETECTED
2026-05-17 18:31:40,552 [INFO] ANALYZED exam=tQoHDQTrz1iAzcfYrbTF email=vmiskic@student.unipu.hr ts=1777811048780 status=FACE_DETECTED
2026-05-17 18:31:41,674 [INFO] ANALYZED exam=tQoHDQTrz1iAzcfYrbTF email=vmiskic@student.unipu.hr ts=1777811050687 status=FACE_DETECTED
2026-05-17 18:31:42,784 [INFO] ANALYZED exam=tQoHDQTrz1iAzcfYrbTF email=vmiskic@student.unipu.hr ts=1777811061442 status=NO_FACE_DETECTED
2026-05-17 18:31:43,919 [INFO] ANALYZED exam=tQoHDQTrz1iAzcfYrbTF email=vmiskic@student.unipu.hr ts=1777811070391 status=FACE_DETECTED
2026-05-17 18:31:45,053 [INFO] ANALYZED exam=tQoHDQTrz1iAzcfYrbTF email=vmiskic@student.unipu.hr ts=1777811076289 status=FACE_DETECTED
2026-05-17 18:31:46,183 [INFO] ANALYZED exam=tQoHDQTrz1iAzcfYrbTF email=vmiskic@student.unipu.hr ts=1777811081076 status=FACE_DETECTED
2026-05-17 18:31:47,308 [INFO] ANALYZED exam=tQoHDQTrz1iAzcfYrbTF email=vmiskic@student.unipu.hr ts=1777811091803 status=FACE_DETECTED
2026-05-17 18:31:48,446 [INFO] ANALYZED exam=tQoHDQTrz1iAzcfYrbTF email=vmiskic@student.unipu.hr ts=1777811094695 status=FACE_DETECTED
2026-05-17 18:31:49,574 [INFO] ANALYZED exam=tQoHDQTrz1iAzcfYrbTF email=vmiskic@student.unipu.hr ts=1777811096471 status=FACE_DETECTED
2026-05-17 18:31:50,707 [INFO] ANALYZED exam=tQoHDQTrz1iAzcfYrbTF email=vmiskic@student.unipu.hr ts=1777811102201 status=FACE_DETECTED
2026-05-17 18:31:51,840 [INFO] ANALYZED exam=tQoHDQTrz1iAzcfYrbTF email=vmiskic@student.unipu.hr ts=1777811112993 status=FACE_DETECTED
2026-05-17 18:31:53,002 [INFO] ANALYZED exam=tQoHDQTrz1iAzcfYrbTF email=vmiskic@student.unipu.hr ts=1777811119861 status=FACE_DETECTED
2026-05-17 18:31:54,135 [INFO] ANALYZED exam=tQoHDQTrz1iAzcfYrbTF email=vmiskic@student.unipu.hr ts=1777811126794 status=FACE_DETECTED
2026-05-17 18:31:55,269 [INFO] ANALYZED exam=tQoHDQTrz1iAzcfYrbTF email=vmiskic@student.unipu.hr ts=1777811130718 status=FACE_DETECTED
2026-05-17 18:31:56,392 [INFO] ANALYZED exam=tQoHDQTrz1iAzcfYrbTF email=vmiskic@student.unipu.hr ts=1777811135446 status=FACE_DETECTED
2026-05-17 18:31:57,618 [INFO] ANALYZED exam=tQoHDQTrz1iAzcfYrbTF email=vmiskic@student.unipu.hr ts=1777811137184 status=FACE_DETECTED
2026-05-17 18:31:58,766 [INFO] ANALYZED exam=tQoHDQTrz1iAzcfYrbTF email=vmiskic@student.unipu.hr ts=1777811144542 status=FACE_DETECTED
2026-05-17 18:31:59,908 [INFO] ANALYZED exam=tQoHDQTrz1iAzcfYrbTF email=vmiskic@student.unipu.hr ts=1777811152439 status=FACE_DETECTED
2026-05-17 18:32:01,063 [INFO] ANALYZED exam=tQoHDQTrz1iAzcfYrbTF email=vmiskic@student.unipu.hr ts=1777811154370 status=FACE_DETECTED
2026-05-17 18:32:02,200 [INFO] ANALYZED exam=tQoHDQTrz1iAzcfYrbTF email=vmiskic@student.unipu.hr ts=1777811157231 status=FACE_DETECTED
2026-05-17 18:32:03,333 [INFO] ANALYZED exam=tQoHDQTrz1iAzcfYrbTF email=zzrakic@student.unipu.hr ts=1777474503258 status=FACE_DETECTED
2026-05-17 18:32:04,457 [INFO] ANALYZED exam=tQoHDQTrz1iAzcfYrbTF email=zzrakic@student.unipu.hr ts=1777474512131 status=FACE_DETECTED
2026-05-17 18:32:05,595 [INFO] ANALYZED exam=tQoHDQTrz1iAzcfYrbTF email=zzrakic@student.unipu.hr ts=1777474517993 status=FACE_DETECTED
2026-05-17 18:32:06,714 [INFO] ANALYZED exam=tQoHDQTrz1iAzcfYrbTF email=zzrakic@student.unipu.hr ts=1777474527589 status=FACE_DETECTED
2026-05-17 18:32:07,847 [INFO] ANALYZED exam=tQoHDQTrz1iAzcfYrbTF email=zzrakic@student.unipu.hr ts=1777474530260 status=FACE_DETECTED
2026-05-17 18:32:08,983 [INFO] ANALYZED exam=tQoHDQTrz1iAzcfYrbTF email=zzrakic@student.unipu.hr ts=1777474531804 status=FACE_DETECTED
2026-05-17 18:32:10,120 [INFO] ANALYZED exam=tQoHDQTrz1iAzcfYrbTF email=zzrakic@student.unipu.hr ts=1777474535401 status=FACE_DETECTED
2026-05-17 18:32:11,121 [INFO] ANALYZE_STOP reason=busy processed=42
2026-05-17 18:32:11,296 [INFO] BATCH_WRITE items=42
2026-05-17 18:32:22,297 [INFO] LOAD cpu=2.5% mem=+-1.4% req_rate=0.00/min idle=True
2026-05-17 18:32:22,298 [INFO] ANALYZE_BEGIN n_pending=66
2026-05-17 18:32:23,609 [INFO] ANALYZED exam=tQoHDQTrz1iAzcfYrbTF email=zzrakic@student.unipu.hr ts=1777474543921 status=FACE_DETECTED
2026-05-17 18:32:24,732 [INFO] ANALYZED exam=tQoHDQTrz1iAzcfYrbTF email=zzrakic@student.unipu.hr ts=1777474551666 status=FACE_DETECTED
2026-05-17 18:32:25,880 [INFO] ANALYZED exam=tQoHDQTrz1iAzcfYrbTF email=zzrakic@student.unipu.hr ts=1777474553393 status=FACE_DETECTED
2026-05-17 18:32:27,009 [INFO] ANALYZED exam=tQoHDQTrz1iAzcfYrbTF email=zzrakic@student.unipu.hr ts=1777474563946 status=FACE_DETECTED
2026-05-17 18:32:28,134 [INFO] ANALYZED exam=tQoHDQTrz1iAzcfYrbTF email=zzrakic@student.unipu.hr ts=1777474566602 status=FACE_DETECTED
2026-05-17 18:32:29,264 [INFO] ANALYZED exam=tQoHDQTrz1iAzcfYrbTF email=zzrakic@student.unipu.hr ts=1777474570149 status=FACE_DETECTED
2026-05-17 18:32:30,386 [INFO] ANALYZED exam=tQoHDQTrz1iAzcfYrbTF email=zzrakic@student.unipu.hr ts=1777474580737 status=FACE_DETECTED
2026-05-17 18:32:31,508 [INFO] ANALYZED exam=tQoHDQTrz1iAzcfYrbTF email=zzrakic@student.unipu.hr ts=1777474591413 status=FACE_DETECTED
2026-05-17 18:32:32,675 [INFO] ANALYZED exam=tQoHDQTrz1iAzcfYrbTF email=zzrakic@student.unipu.hr ts=1777474598148 status=FACE_DETECTED
2026-05-17 18:32:33,789 [INFO] ANALYZED exam=tQoHDQTrz1iAzcfYrbTF email=zzrakic@student.unipu.hr ts=1777474599807 status=NO_FACE_DETECTED
2026-05-17 18:32:34,913 [INFO] ANALYZED exam=tQoHDQTrz1iAzcfYrbTF email=zzrakic@student.unipu.hr ts=1777474604352 status=FACE_DETECTED
2026-05-17 18:32:36,042 [INFO] ANALYZED exam=tQoHDQTrz1iAzcfYrbTF email=zzrakic@student.unipu.hr ts=1777474611941 status=FACE_DETECTED
2026-05-17 18:32:37,187 [INFO] ANALYZED exam=tQoHDQTrz1iAzcfYrbTF email=zzrakic@student.unipu.hr ts=1777474615622 status=FACE_DETECTED
2026-05-17 18:32:38,328 [INFO] ANALYZED exam=tQoHDQTrz1iAzcfYrbTF email=zzrakic@student.unipu.hr ts=1777474622212 status=FACE_DETECTED
2026-05-17 18:32:39,452 [INFO] ANALYZED exam=tQoHDQTrz1iAzcfYrbTF email=zzrakic@student.unipu.hr ts=1777474630946 status=FACE_DETECTED
2026-05-17 18:32:40,582 [INFO] ANALYZED exam=tQoHDQTrz1iAzcfYrbTF email=zzrakic@student.unipu.hr ts=1777474633690 status=FACE_DETECTED
2026-05-17 18:32:41,716 [INFO] ANALYZED exam=tQoHDQTrz1iAzcfYrbTF email=zzrakic@student.unipu.hr ts=1777474637285 status=FACE_DETECTED
2026-05-17 18:32:42,828 [INFO] ANALYZED exam=tQoHDQTrz1iAzcfYrbTF email=zzrakic@student.unipu.hr ts=1777474646807 status=NO_FACE_DETECTED
2026-05-17 18:32:43,961 [INFO] ANALYZED exam=tQoHDQTrz1iAzcfYrbTF email=zzrakic@student.unipu.hr ts=1777474650488 status=FACE_DETECTED
2026-05-17 18:32:45,088 [INFO] ANALYZED exam=tQoHDQTrz1iAzcfYrbTF email=zzrakic@student.unipu.hr ts=1777474653030 status=FACE_DETECTED
2026-05-17 18:32:46,216 [INFO] ANALYZED exam=tQoHDQTrz1iAzcfYrbTF email=zzrakic@student.unipu.hr ts=1777474662562 status=NO_FACE_DETECTED
2026-05-17 18:32:47,337 [INFO] ANALYZED exam=tQoHDQTrz1iAzcfYrbTF email=zzrakic@student.unipu.hr ts=1777474670324 status=FACE_DETECTED
2026-05-17 18:32:48,462 [INFO] ANALYZED exam=tQoHDQTrz1iAzcfYrbTF email=zzrakic@student.unipu.hr ts=1777474680018 status=FACE_DETECTED
2026-05-17 18:32:49,587 [INFO] ANALYZED exam=tQoHDQTrz1iAzcfYrbTF email=zzrakic@student.unipu.hr ts=1777474682698 status=FACE_DETECTED
2026-05-17 18:32:50,737 [INFO] ANALYZED exam=tQoHDQTrz1iAzcfYrbTF email=zzrakic@student.unipu.hr ts=1777474692290 status=FACE_DETECTED
2026-05-17 18:32:51,945 [INFO] ANALYZED exam=tQoHDQTrz1iAzcfYrbTF email=zzrakic@student.unipu.hr ts=1777474696042 status=FACE_DETECTED
2026-05-17 18:32:53,079 [INFO] ANALYZED exam=tQoHDQTrz1iAzcfYrbTF email=zzrakic@student.unipu.hr ts=1777474701638 status=FACE_DETECTED
2026-05-17 18:32:54,220 [INFO] ANALYZED exam=tQoHDQTrz1iAzcfYrbTF email=zzrakic@student.unipu.hr ts=1777474703243 status=FACE_DETECTED
2026-05-17 18:32:55,354 [INFO] ANALYZED exam=tQoHDQTrz1iAzcfYrbTF email=zzrakic@student.unipu.hr ts=1777474712836 status=FACE_DETECTED
2026-05-17 18:32:56,475 [INFO] ANALYZED exam=tQoHDQTrz1iAzcfYrbTF email=zzrakic@student.unipu.hr ts=1777474715506 status=FACE_DETECTED
2026-05-17 18:32:57,616 [INFO] ANALYZED exam=tQoHDQTrz1iAzcfYrbTF email=zzrakic@student.unipu.hr ts=1777474719111 status=FACE_DETECTED
2026-05-17 18:32:58,749 [INFO] ANALYZED exam=tQoHDQTrz1iAzcfYrbTF email=zzrakic@student.unipu.hr ts=1777474729698 status=FACE_DETECTED
2026-05-17 18:32:59,878 [INFO] ANALYZED exam=tQoHDQTrz1iAzcfYrbTF email=zzrakic@student.unipu.hr ts=1777474733376 status=FACE_DETECTED
2026-05-17 18:33:01,051 [INFO] ANALYZED exam=tQoHDQTrz1iAzcfYrbTF email=zzrakic@student.unipu.hr ts=1777474743907 status=NO_FACE_DETECTED
2026-05-17 18:33:02,169 [INFO] ANALYZED exam=tQoHDQTrz1iAzcfYrbTF email=zzrakic@student.unipu.hr ts=1777474747577 status=NO_FACE_DETECTED
2026-05-17 18:33:03,305 [INFO] ANALYZED exam=tQoHDQTrz1iAzcfYrbTF email=zzrakic@student.unipu.hr ts=1777474752122 status=NO_FACE_DETECTED
2026-05-17 18:33:04,448 [INFO] ANALYZED exam=tQoHDQTrz1iAzcfYrbTF email=zzrakic@student.unipu.hr ts=1777474753715 status=FACE_DETECTED
2026-05-17 18:33:05,559 [INFO] ANALYZED exam=tQoHDQTrz1iAzcfYrbTF email=zzrakic@student.unipu.hr ts=1777474762271 status=NO_FACE_DETECTED
2026-05-17 18:33:06,706 [INFO] ANALYZED exam=tQoHDQTrz1iAzcfYrbTF email=zzrakic@student.unipu.hr ts=1777474764976 status=FACE_DETECTED
2026-05-17 18:33:07,869 [INFO] ANALYZED exam=tQoHDQTrz1iAzcfYrbTF email=zzrakic@student.unipu.hr ts=1777474769527 status=FACE_DETECTED
2026-05-17 18:33:09,006 [INFO] ANALYZED exam=tQoHDQTrz1iAzcfYrbTF email=zzrakic@student.unipu.hr ts=1777474774058 status=NO_FACE_DETECTED
2026-05-17 18:33:10,150 [INFO] ANALYZED exam=tQoHDQTrz1iAzcfYrbTF email=zzrakic@student.unipu.hr ts=1777474782580 status=FACE_DETECTED
2026-05-17 18:33:11,151 [INFO] ANALYZE_STOP reason=busy processed=42
2026-05-17 18:33:11,348 [INFO] BATCH_WRITE items=42
2026-05-17 18:33:22,349 [INFO] LOAD cpu=2.8% mem=+-1.4% req_rate=0.00/min idle=True
2026-05-17 18:33:22,350 [INFO] ANALYZE_BEGIN n_pending=24
2026-05-17 18:33:23,646 [INFO] ANALYZED exam=tQoHDQTrz1iAzcfYrbTF email=zzrakic@student.unipu.hr ts=1777474789270 status=FACE_DETECTED
2026-05-17 18:33:24,772 [INFO] ANALYZED exam=tQoHDQTrz1iAzcfYrbTF email=zzrakic@student.unipu.hr ts=1777474799929 status=FACE_DETECTED
2026-05-17 18:33:25,898 [INFO] ANALYZED exam=tQoHDQTrz1iAzcfYrbTF email=zzrakic@student.unipu.hr ts=1777474801651 status=FACE_DETECTED
2026-05-17 18:33:27,032 [INFO] ANALYZED exam=tQoHDQTrz1iAzcfYrbTF email=zzrakic@student.unipu.hr ts=1777474803200 status=FACE_DETECTED
2026-05-17 18:33:28,158 [INFO] ANALYZED exam=tQoHDQTrz1iAzcfYrbTF email=zzrakic@student.unipu.hr ts=1777474804789 status=FACE_DETECTED
2026-05-17 18:33:29,292 [INFO] ANALYZED exam=tQoHDQTrz1iAzcfYrbTF email=zzrakic@student.unipu.hr ts=1777474814394 status=FACE_DETECTED
2026-05-17 18:33:30,423 [INFO] ANALYZED exam=tQoHDQTrz1iAzcfYrbTF email=zzrakic@student.unipu.hr ts=1777474820326 status=FACE_DETECTED
2026-05-17 18:33:31,571 [INFO] ANALYZED exam=tQoHDQTrz1iAzcfYrbTF email=zzrakic@student.unipu.hr ts=1777474827931 status=NO_FACE_DETECTED
2026-05-17 18:33:32,716 [INFO] ANALYZED exam=tQoHDQTrz1iAzcfYrbTF email=zzrakic@student.unipu.hr ts=1777474829594 status=NO_FACE_DETECTED
2026-05-17 18:33:33,834 [INFO] ANALYZED exam=tQoHDQTrz1iAzcfYrbTF email=zzrakic@student.unipu.hr ts=1777474834133 status=NO_FACE_DETECTED
2026-05-17 18:33:34,972 [INFO] ANALYZED exam=tQoHDQTrz1iAzcfYrbTF email=zzrakic@student.unipu.hr ts=1777474840720 status=FACE_DETECTED
2026-05-17 18:33:36,109 [INFO] ANALYZED exam=tQoHDQTrz1iAzcfYrbTF email=zzrakic@student.unipu.hr ts=1777474848487 status=FACE_DETECTED
2026-05-17 18:33:37,236 [INFO] ANALYZED exam=tQoHDQTrz1iAzcfYrbTF email=zzrakic@student.unipu.hr ts=1777474858194 status=FACE_DETECTED
2026-05-17 18:33:38,365 [INFO] ANALYZED exam=tQoHDQTrz1iAzcfYrbTF email=zzrakic@student.unipu.hr ts=1777474865946 status=FACE_DETECTED
2026-05-17 18:33:39,532 [INFO] ANALYZED exam=tQoHDQTrz1iAzcfYrbTF email=zzrakic@student.unipu.hr ts=1777474876681 status=FACE_DETECTED
2026-05-17 18:33:40,682 [INFO] ANALYZED exam=tQoHDQTrz1iAzcfYrbTF email=zzrakic@student.unipu.hr ts=1777474883397 status=FACE_DETECTED
2026-05-17 18:33:41,809 [INFO] ANALYZED exam=tQoHDQTrz1iAzcfYrbTF email=zzrakic@student.unipu.hr ts=1777474888079 status=NO_FACE_DETECTED
2026-05-17 18:33:42,937 [INFO] ANALYZED exam=tQoHDQTrz1iAzcfYrbTF email=zzrakic@student.unipu.hr ts=1777474890610 status=NO_FACE_DETECTED
2026-05-17 18:33:44,081 [INFO] ANALYZED exam=tQoHDQTrz1iAzcfYrbTF email=zzrakic@student.unipu.hr ts=1777474900162 status=NO_FACE_DETECTED
2026-05-17 18:33:45,247 [INFO] ANALYZED exam=tQoHDQTrz1iAzcfYrbTF email=zzrakic@student.unipu.hr ts=1777474905882 status=NO_FACE_DETECTED
2026-05-17 18:33:46,389 [INFO] ANALYZED exam=tQoHDQTrz1iAzcfYrbTF email=zzrakic@student.unipu.hr ts=1777474909496 status=FACE_DETECTED
2026-05-17 18:33:47,539 [INFO] ANALYZED exam=tQoHDQTrz1iAzcfYrbTF email=zzrakic@student.unipu.hr ts=1777474918083 status=FACE_DETECTED
2026-05-17 18:33:48,674 [INFO] ANALYZED exam=tQoHDQTrz1iAzcfYrbTF email=zzrakic@student.unipu.hr ts=1777474922824 status=FACE_DETECTED
2026-05-17 18:33:49,820 [INFO] ANALYZED exam=tQoHDQTrz1iAzcfYrbTF email=zzrakic@student.unipu.hr ts=1777474924422 status=FACE_DETECTED
2026-05-17 18:33:49,820 [INFO] ANALYZE_STOP reason=no_pending processed=24
2026-05-17 18:33:49,960 [INFO] BATCH_WRITE items=24
2026-05-17 18:34:00,961 [INFO] LOAD cpu=1.7% mem=+-1.7% req_rate=0.00/min idle=True
2026-05-17 18:34:11,962 [INFO] LOAD cpu=3.2% mem=+-1.4% req_rate=5.45/min idle=False
2026-05-17 18:34:25,706 [INFO] LOAD cpu=1.4% mem=+-1.5% req_rate=0.00/min idle=True
2026-05-17 18:34:36,708 [INFO] LOAD cpu=2.6% mem=+-1.6% req_rate=0.00/min idle=True
2026-05-17 18:34:47,709 [INFO] LOAD cpu=1.4% mem=+-1.9% req_rate=0.00/min idle=True
2026-05-17 18:34:58,710 [INFO] LOAD cpu=1.5% mem=+-1.9% req_rate=0.00/min idle=True
2026-05-17 18:35:09,712 [INFO] LOAD cpu=1.6% mem=+-1.8% req_rate=0.00/min idle=True
2026-05-17 18:35:20,713 [INFO] LOAD cpu=1.3% mem=+-1.2% req_rate=5.45/min idle=False
2026-05-17 18:35:34,608 [INFO] LOAD cpu=1.4% mem=+-1.3% req_rate=0.00/min idle=True
2026-05-17 18:35:45,609 [INFO] LOAD cpu=1.0% mem=+-1.5% req_rate=0.00/min idle=True
2026-05-17 18:35:56,611 [INFO] LOAD cpu=1.1% mem=+-1.6% req_rate=0.00/min idle=True
2026-05-17 18:36:07,612 [INFO] LOAD cpu=4.8% mem=+-1.6% req_rate=0.00/min idle=True
2026-05-17 18:36:18,614 [INFO] LOAD cpu=1.4% mem=+-1.3% req_rate=5.45/min idle=False
2026-05-17 18:36:29,615 [INFO] LOAD cpu=1.3% mem=+-1.4% req_rate=0.00/min idle=True
2026-05-17 18:36:43,410 [INFO] LOAD cpu=1.4% mem=+-1.4% req_rate=0.00/min idle=True
2026-05-17 18:36:54,412 [INFO] LOAD cpu=1.0% mem=+-1.6% req_rate=0.00/min idle=True
2026-05-17 18:37:05,413 [INFO] LOAD cpu=1.4% mem=+-1.9% req_rate=0.00/min idle=True
2026-05-17 18:37:16,415 [INFO] LOAD cpu=2.3% mem=+-1.1% req_rate=5.45/min idle=False
2026-05-17 18:37:27,416 [INFO] LOAD cpu=2.8% mem=+-1.2% req_rate=0.00/min idle=True
2026-05-17 18:37:38,417 [INFO] LOAD cpu=1.5% mem=+-1.2% req_rate=0.00/min idle=True
2026-05-17 18:37:52,186 [INFO] LOAD cpu=2.6% mem=+-1.4% req_rate=0.00/min idle=True
2026-05-17 18:38:03,187 [INFO] LOAD cpu=1.2% mem=+-1.5% req_rate=0.00/min idle=True
2026-05-17 18:38:14,188 [INFO] LOAD cpu=1.5% mem=+-1.2% req_rate=5.45/min idle=False
2026-05-17 18:38:25,190 [INFO] LOAD cpu=1.3% mem=+-1.4% req_rate=0.00/min idle=True
2026-05-17 18:38:36,191 [INFO] LOAD cpu=1.3% mem=+-1.3% req_rate=0.00/min idle=True
2026-05-17 18:38:47,192 [INFO] LOAD cpu=2.6% mem=+-1.5% req_rate=0.00/min idle=True
2026-05-17 18:39:00,944 [INFO] LOAD cpu=4.3% mem=+-1.7% req_rate=0.00/min idle=True
2026-05-17 18:39:11,945 [INFO] LOAD cpu=9.1% mem=+-1.2% req_rate=5.45/min idle=False
2026-05-17 18:39:22,947 [INFO] LOAD cpu=1.3% mem=+-1.4% req_rate=0.00/min idle=True
2026-05-17 18:39:33,948 [INFO] LOAD cpu=1.5% mem=+-1.3% req_rate=0.00/min idle=True
2026-05-17 18:39:44,950 [INFO] LOAD cpu=1.3% mem=+-1.5% req_rate=0.00/min idle=True
2026-05-17 18:39:55,951 [INFO] LOAD cpu=1.3% mem=+-1.6% req_rate=0.00/min idle=True
2026-05-17 18:40:09,814 [INFO] LOAD cpu=1.7% mem=+-1.7% req_rate=0.00/min idle=True
2026-05-17 18:40:20,816 [INFO] LOAD cpu=1.4% mem=+-1.3% req_rate=5.45/min idle=False
2026-05-17 18:40:31,818 [INFO] LOAD cpu=2.0% mem=+-1.5% req_rate=0.00/min idle=True
2026-05-17 18:40:42,819 [INFO] LOAD cpu=2.6% mem=+-1.6% req_rate=0.00/min idle=True
2026-05-17 18:40:53,821 [INFO] LOAD cpu=1.6% mem=+-1.7% req_rate=0.00/min idle=True
2026-05-17 18:41:04,822 [INFO] LOAD cpu=1.1% mem=+-1.6% req_rate=0.00/min idle=True
2026-05-17 18:41:18,661 [INFO] LOAD cpu=1.8% mem=+-1.3% req_rate=4.34/min idle=False
2026-05-17 18:41:29,662 [INFO] LOAD cpu=1.3% mem=+-1.4% req_rate=0.00/min idle=True
2026-05-17 18:41:40,663 [INFO] LOAD cpu=1.4% mem=+-1.4% req_rate=0.00/min idle=True
2026-05-17 18:41:51,665 [INFO] LOAD cpu=3.7% mem=+-1.5% req_rate=0.00/min idle=True
2026-05-17 18:42:02,666 [INFO] LOAD cpu=2.7% mem=+-1.7% req_rate=0.00/min idle=True
2026-05-17 18:42:13,667 [INFO] LOAD cpu=1.2% mem=+-1.4% req_rate=5.45/min idle=False
2026-05-17 18:42:27,830 [INFO] LOAD cpu=2.7% mem=+-1.5% req_rate=0.00/min idle=True
2026-05-17 18:42:38,831 [INFO] LOAD cpu=1.5% mem=+-1.4% req_rate=0.00/min idle=True
2026-05-17 18:42:49,833 [INFO] LOAD cpu=1.5% mem=+-1.7% req_rate=0.00/min idle=True
2026-05-17 18:43:00,834 [INFO] LOAD cpu=1.4% mem=+-1.8% req_rate=0.00/min idle=True
2026-05-17 18:43:11,835 [INFO] LOAD cpu=11.2% mem=+-1.0% req_rate=5.45/min idle=False
2026-05-17 18:43:22,837 [INFO] LOAD cpu=3.2% mem=+-1.1% req_rate=0.00/min idle=True
2026-05-17 18:43:36,933 [INFO] LOAD cpu=3.4% mem=+-1.0% req_rate=0.00/min idle=True
2026-05-17 18:43:47,935 [INFO] LOAD cpu=2.3% mem=+-1.5% req_rate=0.00/min idle=True
2026-05-17 18:43:58,936 [INFO] LOAD cpu=1.4% mem=+-1.6% req_rate=0.00/min idle=True
2026-05-17 18:44:09,937 [INFO] LOAD cpu=1.1% mem=+-1.6% req_rate=0.00/min idle=True
2026-05-17 18:44:20,939 [INFO] LOAD cpu=1.9% mem=+-1.5% req_rate=5.45/min idle=False
2026-05-17 18:44:31,940 [INFO] LOAD cpu=1.5% mem=+-1.4% req_rate=0.00/min idle=True
2026-05-17 18:44:45,719 [INFO] LOAD cpu=1.2% mem=+-1.5% req_rate=0.00/min idle=True
2026-05-17 18:44:56,721 [INFO] LOAD cpu=1.4% mem=+-1.6% req_rate=0.00/min idle=True
2026-05-17 18:45:07,723 [INFO] LOAD cpu=2.5% mem=+-1.5% req_rate=0.00/min idle=True
2026-05-17 18:45:18,724 [INFO] LOAD cpu=1.6% mem=+-1.3% req_rate=5.45/min idle=False
2026-05-17 18:45:29,726 [INFO] LOAD cpu=1.1% mem=+-1.4% req_rate=0.00/min idle=True
2026-05-17 18:45:40,727 [INFO] LOAD cpu=1.9% mem=+-1.3% req_rate=0.00/min idle=True
2026-05-17 18:45:54,541 [INFO] LOAD cpu=2.2% mem=+-1.1% req_rate=0.00/min idle=True
2026-05-17 18:46:05,542 [INFO] LOAD cpu=1.1% mem=+-1.4% req_rate=0.00/min idle=True
2026-05-17 18:46:16,543 [INFO] LOAD cpu=1.9% mem=+-1.2% req_rate=5.45/min idle=False
2026-05-17 18:46:27,545 [INFO] LOAD cpu=2.7% mem=+-1.4% req_rate=0.00/min idle=True
2026-05-17 18:46:38,546 [INFO] LOAD cpu=1.7% mem=+-1.4% req_rate=0.00/min idle=True
2026-05-17 18:46:49,547 [INFO] LOAD cpu=1.3% mem=+-1.8% req_rate=0.00/min idle=True
2026-05-17 18:47:03,554 [INFO] LOAD cpu=1.3% mem=+-1.8% req_rate=0.00/min idle=True
2026-05-17 18:47:14,555 [INFO] LOAD cpu=1.3% mem=+-1.1% req_rate=5.45/min idle=False
2026-05-17 18:47:25,557 [INFO] LOAD cpu=1.8% mem=+-1.2% req_rate=0.00/min idle=True
2026-05-17 18:47:36,558 [INFO] LOAD cpu=1.5% mem=+-1.1% req_rate=0.00/min idle=True
2026-05-17 18:47:47,559 [INFO] LOAD cpu=2.6% mem=+-1.3% req_rate=0.00/min idle=True
2026-05-17 18:47:58,561 [INFO] LOAD cpu=1.2% mem=+-1.4% req_rate=0.00/min idle=True
2026-05-17 18:48:12,352 [INFO] LOAD cpu=3.3% mem=+-1.3% req_rate=4.35/min idle=False
2026-05-17 18:48:23,353 [INFO] LOAD cpu=1.3% mem=+-1.4% req_rate=0.00/min idle=True
2026-05-17 18:48:34,355 [INFO] LOAD cpu=1.4% mem=+-1.4% req_rate=0.00/min idle=True
2026-05-17 18:48:45,356 [INFO] LOAD cpu=1.5% mem=+-1.4% req_rate=0.00/min idle=True
2026-05-17 18:48:56,357 [INFO] LOAD cpu=1.3% mem=+-1.6% req_rate=0.00/min idle=True
2026-05-17 18:49:07,359 [INFO] LOAD cpu=2.6% mem=+-1.6% req_rate=0.00/min idle=True
2026-05-17 18:49:21,498 [INFO] LOAD cpu=1.1% mem=+-1.4% req_rate=4.24/min idle=False
2026-05-17 18:49:32,500 [INFO] LOAD cpu=2.6% mem=+-1.4% req_rate=0.00/min idle=True
2026-05-17 18:49:43,501 [INFO] LOAD cpu=1.6% mem=+-1.6% req_rate=0.00/min idle=True
2026-05-17 18:49:54,502 [INFO] LOAD cpu=1.3% mem=+-1.4% req_rate=0.00/min idle=True
2026-05-17 18:50:05,504 [INFO] LOAD cpu=5.2% mem=+-1.3% req_rate=0.00/min idle=True
2026-05-17 18:50:16,505 [INFO] LOAD cpu=1.5% mem=+-1.1% req_rate=5.45/min idle=False
2026-05-17 18:50:30,324 [INFO] LOAD cpu=1.4% mem=+-1.3% req_rate=0.00/min idle=True
2026-05-17 18:50:41,325 [INFO] LOAD cpu=2.0% mem=+-1.4% req_rate=0.00/min idle=True
2026-05-17 18:50:52,327 [INFO] LOAD cpu=2.7% mem=+-1.8% req_rate=0.00/min idle=True
2026-05-17 18:51:03,328 [INFO] LOAD cpu=1.4% mem=+-1.3% req_rate=0.00/min idle=True
2026-05-17 18:51:14,329 [INFO] LOAD cpu=3.5% mem=+-1.2% req_rate=5.45/min idle=False
2026-05-17 18:51:25,330 [INFO] LOAD cpu=1.1% mem=+-1.3% req_rate=0.00/min idle=True
2026-05-17 18:51:39,173 [INFO] LOAD cpu=1.6% mem=+-1.1% req_rate=0.00/min idle=True
2026-05-17 18:51:50,175 [INFO] LOAD cpu=1.6% mem=+-1.4% req_rate=0.00/min idle=True
2026-05-17 18:52:01,176 [INFO] LOAD cpu=1.4% mem=+-1.6% req_rate=0.00/min idle=True
2026-05-17 18:52:12,177 [INFO] LOAD cpu=2.1% mem=+-1.3% req_rate=5.45/min idle=False
2026-05-17 18:52:23,179 [INFO] LOAD cpu=2.3% mem=+-1.3% req_rate=0.00/min idle=True
2026-05-17 18:52:34,180 [INFO] LOAD cpu=1.6% mem=+-1.4% req_rate=0.00/min idle=True
2026-05-17 18:52:48,162 [INFO] LOAD cpu=6.2% mem=+-1.7% req_rate=0.00/min idle=True
2026-05-17 18:52:59,165 [INFO] LOAD cpu=1.3% mem=+-1.6% req_rate=0.00/min idle=True
2026-05-17 18:53:10,166 [INFO] LOAD cpu=1.4% mem=+-1.8% req_rate=0.00/min idle=True
2026-05-17 18:53:21,167 [INFO] LOAD cpu=1.3% mem=+-1.2% req_rate=5.45/min idle=False
2026-05-17 18:53:32,168 [INFO] LOAD cpu=1.3% mem=+-1.3% req_rate=0.00/min idle=True
2026-05-17 18:53:43,170 [INFO] LOAD cpu=2.6% mem=+-1.4% req_rate=0.00/min idle=True
2026-05-17 18:53:56,864 [INFO] LOAD cpu=1.4% mem=+-1.5% req_rate=0.00/min idle=True
2026-05-17 18:54:07,865 [INFO] LOAD cpu=4.4% mem=+-1.3% req_rate=0.00/min idle=True
2026-05-17 18:54:18,866 [INFO] LOAD cpu=2.0% mem=+-1.1% req_rate=5.45/min idle=False
2026-05-17 18:54:29,868 [INFO] LOAD cpu=1.3% mem=+-1.3% req_rate=0.00/min idle=True
2026-05-17 18:54:40,869 [INFO] LOAD cpu=1.3% mem=+-1.4% req_rate=0.00/min idle=True
2026-05-17 18:54:51,870 [INFO] LOAD cpu=1.5% mem=+-1.7% req_rate=0.00/min idle=True
2026-05-17 18:55:05,471 [INFO] LOAD cpu=2.6% mem=+-1.8% req_rate=0.00/min idle=True
2026-05-17 18:55:16,473 [INFO] LOAD cpu=2.3% mem=+-1.0% req_rate=5.45/min idle=False
2026-05-17 18:55:27,474 [INFO] LOAD cpu=3.0% mem=+-1.2% req_rate=0.00/min idle=True
2026-05-17 18:55:38,475 [INFO] LOAD cpu=1.1% mem=+-1.1% req_rate=0.00/min idle=True
2026-05-17 18:55:49,476 [INFO] LOAD cpu=1.4% mem=+-1.4% req_rate=0.00/min idle=True
2026-05-17 18:56:00,478 [INFO] LOAD cpu=4.0% mem=+-1.5% req_rate=0.00/min idle=True
2026-05-17 18:56:14,417 [INFO] LOAD cpu=1.4% mem=+-1.2% req_rate=4.30/min idle=False
2026-05-17 18:56:25,418 [INFO] LOAD cpu=1.1% mem=+-1.2% req_rate=0.00/min idle=True
2026-05-17 18:56:36,420 [INFO] LOAD cpu=1.4% mem=+-1.3% req_rate=0.00/min idle=True
2026-05-17 18:56:47,421 [INFO] LOAD cpu=2.0% mem=+-1.7% req_rate=0.00/min idle=True
2026-05-17 18:56:58,423 [INFO] LOAD cpu=2.1% mem=+-1.7% req_rate=0.00/min idle=True
2026-05-17 18:57:09,424 [INFO] LOAD cpu=1.3% mem=+-1.7% req_rate=0.00/min idle=True
2026-05-17 18:57:23,480 [INFO] LOAD cpu=1.8% mem=+-1.2% req_rate=4.27/min idle=False
2026-05-17 18:57:34,481 [INFO] LOAD cpu=1.3% mem=+-1.2% req_rate=0.00/min idle=True
2026-05-17 18:57:45,482 [INFO] LOAD cpu=1.3% mem=+-1.3% req_rate=0.00/min idle=True
2026-05-17 18:57:56,485 [INFO] LOAD cpu=1.1% mem=+-1.4% req_rate=0.00/min idle=True
2026-05-17 18:58:07,486 [INFO] LOAD cpu=2.6% mem=+-1.3% req_rate=0.00/min idle=True
2026-05-17 18:58:18,488 [INFO] LOAD cpu=1.8% mem=+-1.1% req_rate=5.45/min idle=False
2026-05-17 18:58:32,303 [INFO] LOAD cpu=1.8% mem=+-1.1% req_rate=0.00/min idle=True
2026-05-17 18:58:43,304 [INFO] LOAD cpu=2.6% mem=+-2.6% req_rate=0.00/min idle=True
2026-05-17 18:58:54,305 [INFO] LOAD cpu=1.3% mem=+-2.7% req_rate=0.00/min idle=True
2026-05-17 18:59:05,307 [INFO] LOAD cpu=1.6% mem=+-2.8% req_rate=0.00/min idle=True
2026-05-17 18:59:16,309 [INFO] LOAD cpu=5.6% mem=+-2.2% req_rate=5.45/min idle=False
2026-05-17 18:59:27,310 [INFO] LOAD cpu=1.7% mem=+-2.6% req_rate=0.00/min idle=True
2026-05-17 18:59:41,710 [INFO] LOAD cpu=2.5% mem=+-2.8% req_rate=0.00/min idle=True
2026-05-17 18:59:52,712 [INFO] LOAD cpu=2.6% mem=+-2.9% req_rate=0.00/min idle=True
2026-05-17 19:00:03,713 [INFO] LOAD cpu=1.6% mem=+-2.9% req_rate=0.00/min idle=True
2026-05-17 19:00:14,714 [INFO] LOAD cpu=1.6% mem=+-2.6% req_rate=5.45/min idle=False
2026-05-17 19:00:25,716 [INFO] LOAD cpu=1.2% mem=+-2.6% req_rate=0.00/min idle=True
2026-05-17 19:00:36,717 [INFO] LOAD cpu=1.3% mem=+-2.7% req_rate=0.00/min idle=True
2026-05-17 19:00:50,535 [INFO] LOAD cpu=1.3% mem=+-3.2% req_rate=0.00/min idle=True
2026-05-17 19:01:01,537 [INFO] LOAD cpu=1.7% mem=+-2.9% req_rate=0.00/min idle=True
2026-05-17 19:01:12,538 [INFO] LOAD cpu=3.0% mem=+-2.5% req_rate=5.45/min idle=False
2026-05-17 19:01:23,539 [INFO] LOAD cpu=2.6% mem=+-2.6% req_rate=0.00/min idle=True
2026-05-17 19:01:34,541 [INFO] LOAD cpu=1.7% mem=+-2.7% req_rate=0.00/min idle=True
2026-05-17 19:01:45,542 [INFO] LOAD cpu=1.2% mem=+-2.8% req_rate=0.00/min idle=True
2026-05-17 19:01:59,166 [INFO] LOAD cpu=1.5% mem=+-2.8% req_rate=0.00/min idle=True
2026-05-17 19:02:10,168 [INFO] LOAD cpu=1.5% mem=+-2.8% req_rate=0.00/min idle=True
2026-05-17 19:02:21,169 [INFO] LOAD cpu=1.5% mem=+-2.7% req_rate=5.45/min idle=False
2026-05-17 19:02:32,171 [INFO] LOAD cpu=1.6% mem=+-2.7% req_rate=0.00/min idle=True
2026-05-17 19:02:43,172 [INFO] LOAD cpu=2.5% mem=+-2.9% req_rate=0.00/min idle=True
2026-05-17 19:02:54,173 [INFO] LOAD cpu=1.5% mem=+-3.1% req_rate=0.00/min idle=True
2026-05-17 19:03:08,553 [INFO] LOAD cpu=2.5% mem=+-3.2% req_rate=0.00/min idle=True
2026-05-17 19:03:19,555 [INFO] LOAD cpu=2.1% mem=+-2.4% req_rate=5.45/min idle=False
2026-05-17 19:03:30,556 [INFO] LOAD cpu=1.4% mem=+-2.7% req_rate=0.00/min idle=True
2026-05-17 19:03:41,557 [INFO] LOAD cpu=2.0% mem=+-2.7% req_rate=0.00/min idle=True
2026-05-17 19:03:52,559 [INFO] LOAD cpu=1.5% mem=+-2.9% req_rate=0.00/min idle=True
2026-05-17 19:04:03,560 [INFO] LOAD cpu=2.7% mem=+-3.0% req_rate=0.00/min idle=True
2026-05-17 19:04:17,283 [INFO] LOAD cpu=1.6% mem=+-2.7% req_rate=4.37/min idle=False
2026-05-17 19:04:28,284 [INFO] LOAD cpu=2.6% mem=+-2.7% req_rate=0.00/min idle=True
2026-05-17 19:04:39,286 [INFO] LOAD cpu=1.3% mem=+-2.8% req_rate=0.00/min idle=True
2026-05-17 19:04:50,287 [INFO] LOAD cpu=1.3% mem=+-3.2% req_rate=0.00/min idle=True
2026-05-17 19:05:01,288 [INFO] LOAD cpu=1.6% mem=+-2.8% req_rate=0.00/min idle=True
2026-05-17 19:05:12,290 [INFO] LOAD cpu=2.3% mem=+-2.7% req_rate=5.45/min idle=False
2026-05-17 19:05:26,815 [INFO] LOAD cpu=1.5% mem=+-2.7% req_rate=0.00/min idle=True
2026-05-17 19:05:37,816 [INFO] LOAD cpu=2.7% mem=+-2.7% req_rate=0.00/min idle=True
2026-05-17 19:05:48,817 [INFO] LOAD cpu=1.9% mem=+-3.2% req_rate=0.00/min idle=True
2026-05-17 19:05:59,819 [INFO] LOAD cpu=7.4% mem=+-2.9% req_rate=0.00/min idle=True
2026-05-17 19:06:10,820 [INFO] LOAD cpu=1.4% mem=+-2.8% req_rate=0.00/min idle=True
2026-05-17 19:06:21,822 [INFO] LOAD cpu=1.6% mem=+-2.7% req_rate=5.45/min idle=False
2026-05-17 19:06:35,609 [INFO] LOAD cpu=1.8% mem=+-2.7% req_rate=0.00/min idle=True
2026-05-17 19:06:46,610 [INFO] LOAD cpu=1.5% mem=+-2.8% req_rate=0.00/min idle=True
2026-05-17 19:06:57,611 [INFO] LOAD cpu=1.4% mem=+-3.1% req_rate=0.00/min idle=True
2026-05-17 19:07:08,613 [INFO] LOAD cpu=2.8% mem=+-3.1% req_rate=0.00/min idle=True
2026-05-17 19:07:19,614 [INFO] LOAD cpu=1.9% mem=+-2.5% req_rate=5.45/min idle=False
2026-05-17 19:07:30,615 [INFO] LOAD cpu=1.4% mem=+-2.7% req_rate=0.00/min idle=True
2026-05-17 19:07:44,596 [INFO] LOAD cpu=1.1% mem=+-2.8% req_rate=0.00/min idle=True
2026-05-17 19:07:55,597 [INFO] LOAD cpu=1.5% mem=+-2.9% req_rate=0.00/min idle=True
2026-05-17 19:08:06,599 [INFO] LOAD cpu=1.8% mem=+-2.9% req_rate=0.00/min idle=True
2026-05-17 19:08:17,600 [INFO] LOAD cpu=1.4% mem=+-2.6% req_rate=5.45/min idle=False
2026-05-17 19:08:28,602 [INFO] LOAD cpu=2.5% mem=+-2.8% req_rate=0.00/min idle=True
2026-05-17 19:08:39,603 [INFO] LOAD cpu=1.5% mem=+-2.7% req_rate=0.00/min idle=True
2026-05-17 19:08:53,871 [INFO] LOAD cpu=1.6% mem=+-2.9% req_rate=0.00/min idle=True
2026-05-17 19:09:04,872 [INFO] LOAD cpu=1.3% mem=+-3.3% req_rate=0.00/min idle=True
2026-05-17 19:09:15,873 [INFO] LOAD cpu=1.6% mem=+-2.6% req_rate=5.45/min idle=False
2026-05-17 19:09:26,875 [INFO] LOAD cpu=1.4% mem=+-2.7% req_rate=0.00/min idle=True
2026-05-17 19:09:37,876 [INFO] LOAD cpu=2.5% mem=+-2.7% req_rate=0.00/min idle=True
2026-05-17 19:09:48,878 [INFO] LOAD cpu=2.0% mem=+-2.9% req_rate=0.00/min idle=True
2026-05-17 19:10:02,855 [INFO] LOAD cpu=2.1% mem=+-3.0% req_rate=0.00/min idle=True
2026-05-17 19:10:13,856 [INFO] LOAD cpu=2.2% mem=+-2.7% req_rate=5.45/min idle=False
2026-05-17 19:10:24,858 [INFO] LOAD cpu=1.3% mem=+-2.8% req_rate=0.00/min idle=True
2026-05-17 19:10:35,859 [INFO] LOAD cpu=1.3% mem=+-2.8% req_rate=0.00/min idle=True
2026-05-17 19:10:46,861 [INFO] LOAD cpu=1.8% mem=+-3.0% req_rate=0.00/min idle=True
2026-05-17 19:10:57,862 [INFO] LOAD cpu=1.4% mem=+-3.2% req_rate=0.00/min idle=True
2026-05-17 19:11:11,538 [INFO] LOAD cpu=3.4% mem=+-2.7% req_rate=4.39/min idle=False
2026-05-17 19:11:22,539 [INFO] LOAD cpu=1.5% mem=+-2.7% req_rate=0.00/min idle=True
2026-05-17 19:11:33,541 [INFO] LOAD cpu=2.9% mem=+-2.8% req_rate=0.00/min idle=True
2026-05-17 19:11:44,542 [INFO] LOAD cpu=1.3% mem=+-2.8% req_rate=0.00/min idle=True
2026-05-17 19:11:55,543 [INFO] LOAD cpu=1.6% mem=+-2.8% req_rate=0.00/min idle=True
2026-05-17 19:12:06,545 [INFO] LOAD cpu=1.2% mem=+-3.0% req_rate=0.00/min idle=True
2026-05-17 19:12:20,383 [INFO] LOAD cpu=1.2% mem=+-2.7% req_rate=4.34/min idle=False
2026-05-17 19:12:31,385 [INFO] LOAD cpu=1.4% mem=+-2.8% req_rate=0.00/min idle=True
2026-05-17 19:12:42,386 [INFO] LOAD cpu=1.3% mem=+-2.9% req_rate=0.00/min idle=True
2026-05-17 19:12:53,387 [INFO] LOAD cpu=2.9% mem=+-2.9% req_rate=0.00/min idle=True
2026-05-17 19:13:04,389 [INFO] LOAD cpu=1.6% mem=+-3.0% req_rate=0.00/min idle=True
2026-05-17 19:13:15,390 [INFO] LOAD cpu=1.0% mem=+-2.8% req_rate=5.45/min idle=False
2026-05-17 19:13:29,188 [INFO] LOAD cpu=1.4% mem=+-2.8% req_rate=0.00/min idle=True
2026-05-17 19:13:40,189 [INFO] LOAD cpu=1.5% mem=+-2.7% req_rate=0.00/min idle=True
2026-05-17 19:13:51,190 [INFO] LOAD cpu=1.4% mem=+-3.0% req_rate=0.00/min idle=True
2026-05-17 19:14:02,192 [INFO] LOAD cpu=1.6% mem=+-3.0% req_rate=0.00/min idle=True
2026-05-17 19:14:13,193 [INFO] LOAD cpu=2.8% mem=+-2.7% req_rate=5.45/min idle=False
2026-05-17 19:14:24,194 [INFO] LOAD cpu=1.2% mem=+-2.9% req_rate=0.00/min idle=True
2026-05-17 19:14:38,251 [INFO] LOAD cpu=2.6% mem=+-2.9% req_rate=0.00/min idle=True
2026-05-17 19:14:49,253 [INFO] LOAD cpu=1.5% mem=+-3.0% req_rate=0.00/min idle=True
2026-05-17 19:15:00,254 [INFO] LOAD cpu=1.3% mem=+-3.3% req_rate=0.00/min idle=True
2026-05-17 19:15:11,255 [INFO] LOAD cpu=6.8% mem=+-2.9% req_rate=5.45/min idle=False
2026-05-17 19:15:22,257 [INFO] LOAD cpu=1.3% mem=+-2.7% req_rate=0.00/min idle=True
2026-05-17 19:15:33,258 [INFO] LOAD cpu=2.7% mem=+-2.7% req_rate=0.00/min idle=True
2026-05-17 19:15:47,466 [INFO] LOAD cpu=1.2% mem=+-2.9% req_rate=0.00/min idle=True
2026-05-17 19:15:58,467 [INFO] LOAD cpu=2.5% mem=+-3.1% req_rate=0.00/min idle=True
2026-05-17 19:16:09,469 [INFO] LOAD cpu=1.6% mem=+-3.1% req_rate=0.00/min idle=True
2026-05-17 19:16:20,470 [INFO] LOAD cpu=1.3% mem=+-2.9% req_rate=5.45/min idle=False
2026-05-17 19:16:31,472 [INFO] LOAD cpu=1.3% mem=+-3.0% req_rate=0.00/min idle=True
2026-05-17 19:16:42,473 [INFO] LOAD cpu=1.7% mem=+-3.0% req_rate=0.00/min idle=True
2026-05-17 19:16:56,296 [INFO] LOAD cpu=1.1% mem=+-3.1% req_rate=0.00/min idle=True
2026-05-17 19:17:07,298 [INFO] LOAD cpu=1.4% mem=+-3.4% req_rate=0.00/min idle=True
2026-05-17 19:17:18,299 [INFO] LOAD cpu=2.8% mem=+-2.7% req_rate=5.45/min idle=False
2026-05-17 19:17:29,300 [INFO] LOAD cpu=1.4% mem=+-2.8% req_rate=0.00/min idle=True
2026-05-17 19:17:40,301 [INFO] LOAD cpu=1.4% mem=+-2.8% req_rate=0.00/min idle=True
2026-05-17 19:17:51,303 [INFO] LOAD cpu=1.2% mem=+-3.0% req_rate=0.00/min idle=True
2026-05-17 19:18:05,253 [INFO] LOAD cpu=1.6% mem=+-3.0% req_rate=0.00/min idle=True
2026-05-17 19:18:16,255 [INFO] LOAD cpu=1.6% mem=+-2.8% req_rate=5.45/min idle=False
2026-05-17 19:18:27,256 [INFO] LOAD cpu=1.2% mem=+-2.9% req_rate=0.00/min idle=True
2026-05-17 19:18:38,257 [INFO] LOAD cpu=2.8% mem=+-2.9% req_rate=0.00/min idle=True
2026-05-17 19:18:49,259 [INFO] LOAD cpu=1.8% mem=+-3.1% req_rate=0.00/min idle=True
2026-05-17 19:19:00,260 [INFO] LOAD cpu=1.4% mem=+-3.1% req_rate=0.00/min idle=True
2026-05-17 19:19:14,063 [INFO] LOAD cpu=2.7% mem=+-2.4% req_rate=4.35/min idle=False
2026-05-17 19:19:25,064 [INFO] LOAD cpu=1.3% mem=+-2.6% req_rate=0.00/min idle=True
2026-05-17 19:19:36,065 [INFO] LOAD cpu=1.3% mem=+-2.7% req_rate=0.00/min idle=True
2026-05-17 19:19:47,067 [INFO] LOAD cpu=1.5% mem=+-2.9% req_rate=0.00/min idle=True
2026-05-17 19:19:58,068 [INFO] LOAD cpu=1.3% mem=+-3.0% req_rate=0.00/min idle=True
2026-05-17 19:20:09,070 [INFO] LOAD cpu=2.5% mem=+-3.1% req_rate=0.00/min idle=True
2026-05-17 19:20:22,828 [INFO] LOAD cpu=1.4% mem=+-2.9% req_rate=4.36/min idle=False
2026-05-17 19:20:33,829 [INFO] LOAD cpu=2.7% mem=+-2.9% req_rate=0.00/min idle=True
2026-05-17 19:20:44,831 [INFO] LOAD cpu=1.3% mem=+-3.0% req_rate=0.00/min idle=True
2026-05-17 19:20:55,832 [INFO] LOAD cpu=1.3% mem=+-3.4% req_rate=0.00/min idle=True
2026-05-17 19:21:06,834 [INFO] LOAD cpu=1.5% mem=+-3.0% req_rate=0.00/min idle=True
2026-05-17 19:21:17,835 [INFO] LOAD cpu=1.4% mem=+-2.8% req_rate=5.45/min idle=False
2026-05-17 19:21:31,631 [INFO] LOAD cpu=2.0% mem=+-2.7% req_rate=0.00/min idle=True
2026-05-17 19:21:42,632 [INFO] LOAD cpu=1.3% mem=+-2.8% req_rate=0.00/min idle=True
2026-05-17 19:21:53,634 [INFO] LOAD cpu=2.9% mem=+-2.9% req_rate=0.00/min idle=True
2026-05-17 19:22:04,635 [INFO] LOAD cpu=1.1% mem=+-3.0% req_rate=0.00/min idle=True
2026-05-17 19:22:15,637 [INFO] LOAD cpu=1.1% mem=+-2.8% req_rate=5.45/min idle=False
2026-05-17 19:22:26,638 [INFO] LOAD cpu=1.4% mem=+-2.8% req_rate=0.00/min idle=True
2026-05-17 19:22:40,278 [INFO] LOAD cpu=1.5% mem=+-2.7% req_rate=0.00/min idle=True
2026-05-17 19:22:51,279 [INFO] LOAD cpu=1.4% mem=+-2.9% req_rate=0.00/min idle=True
2026-05-17 19:23:02,281 [INFO] LOAD cpu=1.2% mem=+-3.0% req_rate=0.00/min idle=True
2026-05-17 19:23:13,282 [INFO] LOAD cpu=4.3% mem=+-2.5% req_rate=5.45/min idle=False
2026-05-17 19:23:24,283 [INFO] LOAD cpu=2.6% mem=+-2.5% req_rate=0.00/min idle=True
2026-05-17 19:23:35,285 [INFO] LOAD cpu=1.5% mem=+-2.6% req_rate=0.00/min idle=True
2026-05-17 19:23:49,174 [INFO] LOAD cpu=2.5% mem=+-2.7% req_rate=0.00/min idle=True
2026-05-17 19:24:00,176 [INFO] LOAD cpu=3.5% mem=+-2.8% req_rate=0.00/min idle=True
2026-05-17 19:24:11,177 [INFO] LOAD cpu=3.3% mem=+-2.7% req_rate=5.45/min idle=False
2026-05-17 19:24:22,178 [INFO] LOAD cpu=1.4% mem=+-2.7% req_rate=0.00/min idle=True
2026-05-17 19:24:33,180 [INFO] LOAD cpu=1.6% mem=+-2.7% req_rate=0.00/min idle=True
2026-05-17 19:24:44,181 [INFO] LOAD cpu=2.6% mem=+-2.8% req_rate=0.00/min idle=True
2026-05-17 19:24:57,964 [INFO] LOAD cpu=1.7% mem=+-3.2% req_rate=0.00/min idle=True
2026-05-17 19:25:08,966 [INFO] LOAD cpu=2.8% mem=+-3.1% req_rate=0.00/min idle=True
2026-05-17 19:25:19,967 [INFO] LOAD cpu=1.2% mem=+-2.5% req_rate=5.45/min idle=False
2026-05-17 19:25:30,968 [INFO] LOAD cpu=2.5% mem=+-2.8% req_rate=0.00/min idle=True
2026-05-17 19:25:41,970 [INFO] LOAD cpu=2.5% mem=+-2.7% req_rate=0.00/min idle=True
2026-05-17 19:25:52,971 [INFO] LOAD cpu=1.5% mem=+-2.9% req_rate=0.00/min idle=True
2026-05-17 19:26:06,818 [INFO] LOAD cpu=1.6% mem=+-2.9% req_rate=0.00/min idle=True
2026-05-17 19:26:17,819 [INFO] LOAD cpu=1.3% mem=+-2.9% req_rate=5.45/min idle=False
2026-05-17 19:26:28,821 [INFO] LOAD cpu=2.6% mem=+-2.8% req_rate=0.00/min idle=True
2026-05-17 19:26:39,822 [INFO] LOAD cpu=1.7% mem=+-2.9% req_rate=0.00/min idle=True
2026-05-17 19:26:50,824 [INFO] LOAD cpu=1.5% mem=+-3.0% req_rate=0.00/min idle=True
2026-05-17 19:27:01,825 [INFO] LOAD cpu=5.5% mem=+-3.1% req_rate=0.00/min idle=True
2026-05-17 19:27:15,636 [INFO] LOAD cpu=1.4% mem=+-2.8% req_rate=4.34/min idle=False
2026-05-17 19:27:26,637 [INFO] LOAD cpu=5.2% mem=+-2.8% req_rate=0.00/min idle=True
2026-05-17 19:27:37,639 [INFO] LOAD cpu=1.7% mem=+-2.8% req_rate=0.00/min idle=True
2026-05-17 19:27:48,640 [INFO] LOAD cpu=2.8% mem=+-2.8% req_rate=0.00/min idle=True
2026-05-17 19:27:59,642 [INFO] LOAD cpu=1.1% mem=+-2.9% req_rate=0.00/min idle=True
2026-05-17 19:28:10,643 [INFO] LOAD cpu=1.5% mem=+-3.0% req_rate=0.00/min idle=True
2026-05-17 19:28:25,148 [INFO] LOAD cpu=1.4% mem=+-2.8% req_rate=4.14/min idle=False
2026-05-17 19:28:36,150 [INFO] LOAD cpu=1.0% mem=+-2.8% req_rate=0.00/min idle=True
2026-05-17 19:28:47,151 [INFO] LOAD cpu=1.2% mem=+-2.9% req_rate=0.00/min idle=True
2026-05-17 19:28:58,152 [INFO] LOAD cpu=1.3% mem=+-2.9% req_rate=0.00/min idle=True
2026-05-17 19:29:09,153 [INFO] LOAD cpu=2.6% mem=+-3.3% req_rate=0.00/min idle=True
2026-05-17 19:29:20,155 [INFO] LOAD cpu=1.3% mem=+-2.6% req_rate=5.45/min idle=False
2026-05-17 19:29:34,005 [INFO] LOAD cpu=2.7% mem=+-2.8% req_rate=0.00/min idle=True
2026-05-17 19:29:45,006 [INFO] LOAD cpu=1.3% mem=+-2.8% req_rate=0.00/min idle=True
2026-05-17 19:29:56,008 [INFO] LOAD cpu=1.2% mem=+-2.9% req_rate=0.00/min idle=True
2026-05-17 19:30:07,009 [INFO] LOAD cpu=1.7% mem=+-3.0% req_rate=0.00/min idle=True
2026-05-17 19:30:18,010 [INFO] LOAD cpu=1.3% mem=+-2.8% req_rate=5.45/min idle=False
2026-05-17 19:30:29,012 [INFO] LOAD cpu=2.8% mem=+-2.8% req_rate=0.00/min idle=True
2026-05-17 19:30:42,994 [INFO] LOAD cpu=1.6% mem=+-2.9% req_rate=0.00/min idle=True
2026-05-17 19:30:53,995 [INFO] LOAD cpu=2.3% mem=+-3.3% req_rate=0.00/min idle=True
2026-05-17 19:31:04,997 [INFO] LOAD cpu=6.9% mem=+-2.9% req_rate=0.00/min idle=True
2026-05-17 19:31:15,998 [INFO] LOAD cpu=1.3% mem=+-2.6% req_rate=5.45/min idle=False
2026-05-17 19:31:27,000 [INFO] LOAD cpu=1.5% mem=+-2.7% req_rate=0.00/min idle=True
2026-05-17 19:31:38,001 [INFO] LOAD cpu=1.4% mem=+-2.8% req_rate=0.00/min idle=True
2026-05-17 19:31:52,130 [INFO] LOAD cpu=1.4% mem=+-3.0% req_rate=0.00/min idle=True
2026-05-17 19:32:03,131 [INFO] LOAD cpu=1.3% mem=+-2.9% req_rate=0.00/min idle=True
2026-05-17 19:32:14,133 [INFO] LOAD cpu=2.9% mem=+-2.6% req_rate=5.45/min idle=False
2026-05-17 19:32:25,134 [INFO] LOAD cpu=1.3% mem=+-2.6% req_rate=0.00/min idle=True
2026-05-17 19:32:36,135 [INFO] LOAD cpu=1.3% mem=+-2.7% req_rate=0.00/min idle=True
2026-05-17 19:32:47,137 [INFO] LOAD cpu=1.5% mem=+-2.8% req_rate=0.00/min idle=True
2026-05-17 19:33:01,510 [INFO] LOAD cpu=1.5% mem=+-3.1% req_rate=0.00/min idle=True
2026-05-17 19:33:12,511 [INFO] LOAD cpu=9.4% mem=+-1.9% req_rate=5.45/min idle=False
2026-05-17 19:33:23,512 [INFO] LOAD cpu=1.6% mem=+-2.3% req_rate=0.00/min idle=True
2026-05-17 19:33:34,514 [INFO] LOAD cpu=2.9% mem=+-2.6% req_rate=0.00/min idle=True
2026-05-17 19:33:45,516 [INFO] LOAD cpu=1.5% mem=+-2.6% req_rate=0.00/min idle=True
2026-05-17 19:33:56,517 [INFO] LOAD cpu=1.3% mem=+-2.7% req_rate=0.00/min idle=True
2026-05-17 19:34:10,609 [INFO] LOAD cpu=1.3% mem=+-2.7% req_rate=0.00/min idle=True
2026-05-17 19:34:21,610 [INFO] LOAD cpu=4.9% mem=+-2.7% req_rate=5.45/min idle=False
2026-05-17 19:34:32,612 [INFO] LOAD cpu=1.8% mem=+-2.7% req_rate=0.00/min idle=True
2026-05-17 19:34:43,613 [INFO] LOAD cpu=1.3% mem=+-2.9% req_rate=0.00/min idle=True
2026-05-17 19:34:54,614 [INFO] LOAD cpu=2.8% mem=+-3.1% req_rate=0.00/min idle=True
2026-05-17 19:35:05,616 [INFO] LOAD cpu=1.4% mem=+-3.2% req_rate=0.00/min idle=True
2026-05-17 19:35:19,377 [INFO] LOAD cpu=2.7% mem=+-2.4% req_rate=4.36/min idle=False
2026-05-17 19:35:30,379 [INFO] LOAD cpu=1.6% mem=+-2.5% req_rate=0.00/min idle=True
2026-05-17 19:35:41,380 [INFO] LOAD cpu=2.0% mem=+-2.6% req_rate=0.00/min idle=True
2026-05-17 19:35:52,382 [INFO] LOAD cpu=1.1% mem=+-2.7% req_rate=0.00/min idle=True
2026-05-17 19:36:03,383 [INFO] LOAD cpu=1.5% mem=+-3.1% req_rate=0.00/min idle=True
2026-05-17 19:36:14,384 [INFO] LOAD cpu=2.8% mem=+-2.3% req_rate=5.45/min idle=False
2026-05-17 19:36:28,299 [INFO] LOAD cpu=1.4% mem=+-2.6% req_rate=0.00/min idle=True
2026-05-17 19:36:39,301 [INFO] LOAD cpu=2.7% mem=+-2.7% req_rate=0.00/min idle=True
2026-05-17 19:36:50,302 [INFO] LOAD cpu=1.2% mem=+-2.8% req_rate=0.00/min idle=True
2026-05-17 19:37:01,304 [INFO] LOAD cpu=1.7% mem=+-3.0% req_rate=0.00/min idle=True
2026-05-17 19:37:12,305 [INFO] LOAD cpu=9.3% mem=+-2.1% req_rate=5.45/min idle=False
2026-05-17 19:37:23,307 [INFO] LOAD cpu=1.4% mem=+-2.4% req_rate=0.00/min idle=True
2026-05-17 19:37:37,213 [INFO] LOAD cpu=1.5% mem=+-2.5% req_rate=0.00/min idle=True
2026-05-17 19:37:48,214 [INFO] LOAD cpu=2.1% mem=+-2.7% req_rate=0.00/min idle=True
2026-05-17 19:37:59,215 [INFO] LOAD cpu=2.5% mem=+-2.8% req_rate=0.00/min idle=True
2026-05-17 19:38:10,217 [INFO] LOAD cpu=1.4% mem=+-2.5% req_rate=0.00/min idle=True
2026-05-17 19:38:21,218 [INFO] LOAD cpu=1.3% mem=+-2.4% req_rate=5.45/min idle=False
2026-05-17 19:38:32,220 [INFO] LOAD cpu=1.5% mem=+-2.6% req_rate=0.00/min idle=True
2026-05-17 19:38:46,760 [INFO] LOAD cpu=5.5% mem=+-2.8% req_rate=0.00/min idle=True
2026-05-17 19:38:57,762 [INFO] LOAD cpu=1.9% mem=+-2.9% req_rate=0.00/min idle=True
2026-05-17 19:39:08,763 [INFO] LOAD cpu=1.4% mem=+-3.2% req_rate=0.00/min idle=True
2026-05-17 19:39:19,764 [INFO] LOAD cpu=2.5% mem=+-2.4% req_rate=5.45/min idle=False
2026-05-17 19:39:30,766 [INFO] LOAD cpu=1.4% mem=+-2.5% req_rate=0.00/min idle=True
2026-05-17 19:39:41,767 [INFO] LOAD cpu=2.8% mem=+-2.6% req_rate=0.00/min idle=True
2026-05-17 19:39:56,422 [INFO] LOAD cpu=1.5% mem=+-2.8% req_rate=0.00/min idle=True
2026-05-17 19:40:07,423 [INFO] LOAD cpu=1.6% mem=+-2.6% req_rate=0.00/min idle=True
2026-05-17 19:40:18,425 [INFO] LOAD cpu=1.1% mem=+-2.5% req_rate=5.45/min idle=False
2026-05-17 19:40:29,426 [INFO] LOAD cpu=2.7% mem=+-2.6% req_rate=0.00/min idle=True
2026-05-17 19:40:40,428 [INFO] LOAD cpu=1.4% mem=+-2.7% req_rate=0.00/min idle=True
2026-05-17 19:40:51,429 [INFO] LOAD cpu=1.3% mem=+-2.9% req_rate=0.00/min idle=True
2026-05-17 19:41:05,224 [INFO] LOAD cpu=1.4% mem=+-2.9% req_rate=0.00/min idle=True
2026-05-17 19:41:16,225 [INFO] LOAD cpu=1.4% mem=+-2.2% req_rate=5.45/min idle=False
2026-05-17 19:41:27,226 [INFO] LOAD cpu=1.8% mem=+-2.2% req_rate=0.00/min idle=True
2026-05-17 19:41:38,228 [INFO] LOAD cpu=1.4% mem=+-2.3% req_rate=0.00/min idle=True
2026-05-17 19:41:49,229 [INFO] LOAD cpu=2.9% mem=+-2.7% req_rate=0.00/min idle=True
2026-05-17 19:42:00,230 [INFO] LOAD cpu=3.0% mem=+-2.9% req_rate=0.00/min idle=True
2026-05-17 19:42:14,243 [INFO] LOAD cpu=2.8% mem=+-2.2% req_rate=4.28/min idle=False
2026-05-17 19:42:25,244 [INFO] LOAD cpu=1.2% mem=+-2.3% req_rate=0.00/min idle=True
2026-05-17 19:42:36,246 [INFO] LOAD cpu=1.9% mem=+-2.4% req_rate=0.00/min idle=True
2026-05-17 19:42:47,247 [INFO] LOAD cpu=1.7% mem=+-2.5% req_rate=0.00/min idle=True
2026-05-17 19:42:58,248 [INFO] LOAD cpu=1.5% mem=+-2.6% req_rate=0.00/min idle=True
2026-05-17 19:43:09,250 [INFO] LOAD cpu=2.5% mem=+-2.6% req_rate=0.00/min idle=True
2026-05-17 19:43:23,109 [INFO] LOAD cpu=1.9% mem=+-2.3% req_rate=4.33/min idle=False
2026-05-17 19:43:34,111 [INFO] LOAD cpu=2.6% mem=+-2.3% req_rate=0.00/min idle=True
2026-05-17 19:43:45,112 [INFO] LOAD cpu=1.7% mem=+-2.3% req_rate=0.00/min idle=True
2026-05-17 19:43:56,114 [INFO] LOAD cpu=1.4% mem=+-2.4% req_rate=0.00/min idle=True
2026-05-17 19:44:07,115 [INFO] LOAD cpu=1.5% mem=+-2.4% req_rate=0.00/min idle=True
2026-05-17 19:44:18,117 [INFO] LOAD cpu=1.8% mem=+-2.1% req_rate=5.45/min idle=False
2026-05-17 19:44:32,899 [INFO] LOAD cpu=1.1% mem=+-2.3% req_rate=0.00/min idle=True
2026-05-17 19:44:43,900 [INFO] LOAD cpu=1.6% mem=+-2.5% req_rate=0.00/min idle=True
2026-05-17 19:44:54,902 [INFO] LOAD cpu=2.5% mem=+-2.5% req_rate=0.00/min idle=True
2026-05-17 19:45:05,903 [INFO] LOAD cpu=1.3% mem=+-2.5% req_rate=0.00/min idle=True
2026-05-17 19:45:16,904 [INFO] LOAD cpu=1.5% mem=+-2.1% req_rate=5.45/min idle=False
2026-05-17 19:45:27,906 [INFO] LOAD cpu=2.8% mem=+-2.2% req_rate=0.00/min idle=True
2026-05-17 19:45:41,838 [INFO] LOAD cpu=2.1% mem=+-2.4% req_rate=0.00/min idle=True
2026-05-17 19:45:52,840 [INFO] LOAD cpu=1.1% mem=+-2.5% req_rate=0.00/min idle=True
2026-05-17 19:46:03,841 [INFO] LOAD cpu=1.6% mem=+-2.9% req_rate=0.00/min idle=True
2026-05-17 19:46:14,843 [INFO] LOAD cpu=5.3% mem=+-2.2% req_rate=5.45/min idle=False
2026-05-17 19:46:25,844 [INFO] LOAD cpu=1.2% mem=+-2.3% req_rate=0.00/min idle=True
2026-05-17 19:46:36,845 [INFO] LOAD cpu=2.3% mem=+-2.2% req_rate=0.00/min idle=True
2026-05-17 19:46:50,657 [INFO] LOAD cpu=1.3% mem=+-2.4% req_rate=0.00/min idle=True
2026-05-17 19:47:01,659 [INFO] LOAD cpu=1.4% mem=+-2.6% req_rate=0.00/min idle=True
2026-05-17 19:47:12,660 [INFO] LOAD cpu=3.3% mem=+-2.3% req_rate=5.45/min idle=False
2026-05-17 19:47:23,661 [INFO] LOAD cpu=1.3% mem=+-2.3% req_rate=0.00/min idle=True
2026-05-17 19:47:34,663 [INFO] LOAD cpu=2.9% mem=+-2.3% req_rate=0.00/min idle=True
2026-05-17 19:47:45,665 [INFO] LOAD cpu=1.6% mem=+-2.3% req_rate=0.00/min idle=True
2026-05-17 19:47:59,435 [INFO] LOAD cpu=2.4% mem=+-2.5% req_rate=0.00/min idle=True
2026-05-17 19:48:10,436 [INFO] LOAD cpu=1.5% mem=+-2.9% req_rate=0.00/min idle=True
2026-05-17 19:48:21,437 [INFO] LOAD cpu=1.9% mem=+-2.7% req_rate=5.45/min idle=False
2026-05-17 19:48:32,439 [INFO] LOAD cpu=1.6% mem=+-2.9% req_rate=0.00/min idle=True
2026-05-17 19:48:43,440 [INFO] LOAD cpu=1.8% mem=+-3.0% req_rate=0.00/min idle=True
2026-05-17 19:48:54,441 [INFO] LOAD cpu=6.9% mem=+-3.1% req_rate=0.00/min idle=True
2026-05-17 19:49:08,298 [INFO] LOAD cpu=1.6% mem=+-3.2% req_rate=0.00/min idle=True
2026-05-17 19:49:19,300 [INFO] LOAD cpu=2.2% mem=+-3.1% req_rate=5.45/min idle=False
2026-05-17 19:49:30,301 [INFO] LOAD cpu=1.8% mem=+-3.0% req_rate=0.00/min idle=True
2026-05-17 19:49:41,303 [INFO] LOAD cpu=1.3% mem=+-3.0% req_rate=0.00/min idle=True
2026-05-17 19:49:52,304 [INFO] LOAD cpu=1.6% mem=+-3.1% req_rate=0.00/min idle=True
2026-05-17 19:50:03,306 [INFO] LOAD cpu=1.3% mem=+-3.4% req_rate=0.00/min idle=True
2026-05-17 19:50:17,855 [INFO] LOAD cpu=1.6% mem=+-2.9% req_rate=4.12/min idle=False
2026-05-17 19:50:28,856 [INFO] LOAD cpu=1.4% mem=+-3.0% req_rate=0.00/min idle=True
2026-05-17 19:50:39,857 [INFO] LOAD cpu=2.9% mem=+-3.2% req_rate=0.00/min idle=True
2026-05-17 19:50:50,858 [INFO] LOAD cpu=1.3% mem=+-3.2% req_rate=0.00/min idle=True
2026-05-17 19:51:01,860 [INFO] LOAD cpu=1.6% mem=+-3.3% req_rate=0.00/min idle=True
2026-05-17 19:51:12,861 [INFO] LOAD cpu=8.2% mem=+-2.7% req_rate=5.45/min idle=False
2026-05-17 19:51:26,666 [INFO] LOAD cpu=1.5% mem=+-2.9% req_rate=0.00/min idle=True
2026-05-17 19:51:37,667 [INFO] LOAD cpu=1.3% mem=+-3.0% req_rate=0.00/min idle=True
2026-05-17 19:51:48,669 [INFO] LOAD cpu=1.8% mem=+-3.1% req_rate=0.00/min idle=True
2026-05-17 19:51:59,670 [INFO] LOAD cpu=2.5% mem=+-3.2% req_rate=0.00/min idle=True
2026-05-17 19:52:10,672 [INFO] LOAD cpu=1.3% mem=+-3.2% req_rate=0.00/min idle=True
2026-05-17 19:52:21,673 [INFO] LOAD cpu=1.4% mem=+-3.0% req_rate=5.45/min idle=False
2026-05-17 19:52:35,967 [INFO] LOAD cpu=1.5% mem=+-3.1% req_rate=0.00/min idle=True
2026-05-17 19:52:46,969 [INFO] LOAD cpu=1.4% mem=+-3.2% req_rate=0.00/min idle=True
2026-05-17 19:52:57,970 [INFO] LOAD cpu=1.6% mem=+-3.2% req_rate=0.00/min idle=True
2026-05-17 19:53:08,971 [INFO] LOAD cpu=1.4% mem=+-3.2% req_rate=0.00/min idle=True
2026-05-17 19:53:19,972 [INFO] LOAD cpu=3.1% mem=+-2.9% req_rate=5.45/min idle=False
2026-05-17 19:53:30,974 [INFO] LOAD cpu=1.4% mem=+-2.8% req_rate=0.00/min idle=True
2026-05-17 19:53:44,871 [INFO] LOAD cpu=2.8% mem=+-2.9% req_rate=0.00/min idle=True
2026-05-17 19:53:55,873 [INFO] LOAD cpu=1.7% mem=+-3.1% req_rate=0.00/min idle=True
2026-05-17 19:54:06,874 [INFO] LOAD cpu=1.4% mem=+-3.2% req_rate=0.00/min idle=True
2026-05-17 19:54:17,875 [INFO] LOAD cpu=1.3% mem=+-3.0% req_rate=5.45/min idle=False
2026-05-17 19:54:28,877 [INFO] LOAD cpu=1.9% mem=+-3.1% req_rate=0.00/min idle=True
2026-05-17 19:54:39,878 [INFO] LOAD cpu=2.7% mem=+-3.1% req_rate=0.00/min idle=True
2026-05-17 19:54:53,539 [INFO] LOAD cpu=1.3% mem=+-3.3% req_rate=0.00/min idle=True
2026-05-17 19:55:04,540 [INFO] LOAD cpu=2.3% mem=+-3.6% req_rate=0.00/min idle=True
2026-05-17 19:55:15,541 [INFO] LOAD cpu=1.8% mem=+-2.6% req_rate=5.45/min idle=False
2026-05-17 19:55:26,543 [INFO] LOAD cpu=1.4% mem=+-2.9% req_rate=0.00/min idle=True
2026-05-17 19:55:37,544 [INFO] LOAD cpu=1.3% mem=+-2.9% req_rate=0.00/min idle=True
2026-05-17 19:55:48,546 [INFO] LOAD cpu=1.4% mem=+-3.0% req_rate=0.00/min idle=True
2026-05-17 19:56:02,388 [INFO] LOAD cpu=1.3% mem=+-3.2% req_rate=0.00/min idle=True
2026-05-17 19:56:13,390 [INFO] LOAD cpu=1.9% mem=+-3.0% req_rate=5.45/min idle=False
2026-05-17 19:56:24,391 [INFO] LOAD cpu=1.3% mem=+-3.0% req_rate=0.00/min idle=True
2026-05-17 19:56:35,392 [INFO] LOAD cpu=2.6% mem=+-3.1% req_rate=0.00/min idle=True
2026-05-17 19:56:46,394 [INFO] LOAD cpu=1.4% mem=+-3.3% req_rate=0.00/min idle=True
2026-05-17 19:56:57,395 [INFO] LOAD cpu=1.3% mem=+-3.2% req_rate=0.00/min idle=True
2026-05-17 19:57:11,562 [INFO] LOAD cpu=3.8% mem=+-2.9% req_rate=4.24/min idle=False
2026-05-17 19:57:22,564 [INFO] LOAD cpu=1.5% mem=+-2.8% req_rate=0.00/min idle=True
2026-05-17 19:57:33,565 [INFO] LOAD cpu=0.9% mem=+-2.6% req_rate=0.00/min idle=True
2026-05-17 19:57:44,566 [INFO] LOAD cpu=2.3% mem=+-2.7% req_rate=0.00/min idle=True
2026-05-17 19:57:55,568 [INFO] LOAD cpu=2.3% mem=+-2.9% req_rate=0.00/min idle=True
2026-05-17 19:58:06,569 [INFO] LOAD cpu=1.8% mem=+-2.8% req_rate=0.00/min idle=True
2026-05-17 19:58:20,412 [INFO] LOAD cpu=2.7% mem=+-2.8% req_rate=4.33/min idle=False
2026-05-17 19:58:31,414 [INFO] LOAD cpu=2.5% mem=+-3.1% req_rate=0.00/min idle=True
2026-05-17 19:58:42,415 [INFO] LOAD cpu=2.4% mem=+-3.0% req_rate=0.00/min idle=True
2026-05-17 19:58:53,416 [INFO] LOAD cpu=2.5% mem=+-2.1% req_rate=0.00/min idle=True
2026-05-17 19:59:04,418 [INFO] LOAD cpu=3.5% mem=+-2.0% req_rate=0.00/min idle=True
2026-05-17 19:59:15,419 [INFO] LOAD cpu=16.3% mem=+-0.3% req_rate=5.45/min idle=False
2026-05-17 19:59:29,242 [INFO] LOAD cpu=3.8% mem=+-0.6% req_rate=0.00/min idle=True
2026-05-17 19:59:40,243 [INFO] LOAD cpu=10.8% mem=+-0.5% req_rate=0.00/min idle=False
2026-05-17 19:59:51,245 [INFO] LOAD cpu=6.3% mem=+-0.2% req_rate=0.00/min idle=True
2026-05-17 20:00:02,246 [INFO] LOAD cpu=5.5% mem=+0.3% req_rate=0.00/min idle=True
2026-05-17 20:00:13,247 [INFO] LOAD cpu=12.7% mem=+-0.9% req_rate=5.45/min idle=False
2026-05-17 20:00:24,248 [INFO] LOAD cpu=15.4% mem=+-0.8% req_rate=0.00/min idle=False
2026-05-17 20:00:38,633 [INFO] LOAD cpu=7.8% mem=+-1.3% req_rate=0.00/min idle=True
2026-05-17 20:00:49,635 [INFO] LOAD cpu=5.8% mem=+-1.3% req_rate=0.00/min idle=True
2026-05-17 20:01:00,636 [INFO] LOAD cpu=6.6% mem=+-1.3% req_rate=0.00/min idle=True
2026-05-17 20:01:11,638 [INFO] LOAD cpu=7.5% mem=+-1.3% req_rate=5.45/min idle=False
2026-05-17 20:01:22,639 [INFO] LOAD cpu=11.9% mem=+-1.5% req_rate=0.00/min idle=False
2026-05-17 20:01:33,641 [INFO] LOAD cpu=10.8% mem=+-1.3% req_rate=0.00/min idle=False
2026-05-17 20:01:48,012 [INFO] LOAD cpu=9.1% mem=+-1.0% req_rate=0.00/min idle=True
2026-05-17 20:01:59,013 [INFO] LOAD cpu=9.2% mem=+-1.1% req_rate=0.00/min idle=True
2026-05-17 20:02:10,015 [INFO] LOAD cpu=8.5% mem=+-1.1% req_rate=0.00/min idle=True
2026-05-17 20:02:21,016 [INFO] LOAD cpu=7.8% mem=+-1.1% req_rate=5.45/min idle=False
2026-05-17 20:02:32,017 [INFO] LOAD cpu=6.4% mem=+-0.6% req_rate=0.00/min idle=True
2026-05-17 20:02:43,019 [INFO] LOAD cpu=4.3% mem=+-0.4% req_rate=0.00/min idle=True
2026-05-17 20:02:57,663 [INFO] LOAD cpu=5.2% mem=+0.9% req_rate=0.00/min idle=True
2026-05-17 20:03:08,665 [INFO] LOAD cpu=3.4% mem=+0.3% req_rate=0.00/min idle=True
2026-05-17 20:03:19,666 [INFO] LOAD cpu=9.2% mem=+0.9% req_rate=5.45/min idle=False
2026-05-17 20:03:30,672 [INFO] LOAD cpu=7.9% mem=+0.2% req_rate=0.00/min idle=True
2026-05-17 20:03:41,674 [INFO] LOAD cpu=10.0% mem=+0.2% req_rate=0.00/min idle=False
2026-05-17 20:03:52,675 [INFO] LOAD cpu=3.5% mem=+-0.2% req_rate=0.00/min idle=True
2026-05-17 20:04:06,547 [INFO] LOAD cpu=10.6% mem=+0.2% req_rate=0.00/min idle=False
2026-05-17 20:04:17,549 [INFO] LOAD cpu=17.9% mem=+0.4% req_rate=5.45/min idle=False
2026-05-17 20:04:28,551 [INFO] LOAD cpu=5.4% mem=+0.3% req_rate=0.00/min idle=True
2026-05-17 20:04:39,552 [INFO] LOAD cpu=6.8% mem=+0.6% req_rate=0.00/min idle=True
2026-05-17 20:04:50,554 [INFO] LOAD cpu=6.2% mem=+0.6% req_rate=0.00/min idle=True
2026-05-17 20:05:01,555 [INFO] LOAD cpu=7.1% mem=+0.5% req_rate=0.00/min idle=True
2026-05-17 20:05:16,243 [INFO] LOAD cpu=4.9% mem=+0.5% req_rate=4.08/min idle=False
2026-05-17 20:05:27,244 [INFO] LOAD cpu=5.5% mem=+0.5% req_rate=0.00/min idle=True
2026-05-17 20:05:38,245 [INFO] LOAD cpu=3.1% mem=+0.3% req_rate=0.00/min idle=True
2026-05-17 20:05:49,247 [INFO] LOAD cpu=3.1% mem=+0.4% req_rate=0.00/min idle=True
2026-05-17 20:06:00,248 [INFO] LOAD cpu=5.1% mem=+0.5% req_rate=0.00/min idle=True
2026-05-17 20:06:11,250 [INFO] LOAD cpu=8.4% mem=+0.4% req_rate=5.45/min idle=False
2026-05-17 20:06:25,762 [INFO] LOAD cpu=4.4% mem=+0.5% req_rate=0.00/min idle=True
2026-05-17 20:06:36,764 [INFO] LOAD cpu=4.0% mem=+0.1% req_rate=0.00/min idle=True
2026-05-17 20:06:47,765 [INFO] LOAD cpu=7.1% mem=+0.4% req_rate=0.00/min idle=True
2026-05-17 20:06:58,766 [INFO] LOAD cpu=2.8% mem=+0.3% req_rate=0.00/min idle=True
2026-05-17 20:07:09,767 [INFO] LOAD cpu=3.3% mem=+0.1% req_rate=0.00/min idle=True
2026-05-17 20:07:20,769 [INFO] LOAD cpu=5.4% mem=+0.2% req_rate=5.45/min idle=False
2026-05-17 20:07:34,683 [INFO] LOAD cpu=4.2% mem=+0.2% req_rate=0.00/min idle=True
2026-05-17 20:07:45,684 [INFO] LOAD cpu=4.6% mem=+0.7% req_rate=0.00/min idle=True
2026-05-17 20:07:56,685 [INFO] LOAD cpu=4.6% mem=+0.7% req_rate=0.00/min idle=True
2026-05-17 20:08:07,687 [INFO] LOAD cpu=3.5% mem=+0.5% req_rate=0.00/min idle=True
2026-05-17 20:08:18,688 [INFO] LOAD cpu=3.0% mem=+0.2% req_rate=5.45/min idle=False
2026-05-17 20:08:29,690 [INFO] LOAD cpu=3.8% mem=+0.5% req_rate=0.00/min idle=True
2026-05-17 20:08:44,860 [INFO] LOAD cpu=3.5% mem=+0.5% req_rate=0.00/min idle=True
2026-05-17 20:08:55,861 [INFO] LOAD cpu=5.0% mem=+0.4% req_rate=0.00/min idle=True
2026-05-17 20:09:06,863 [INFO] LOAD cpu=3.8% mem=+0.3% req_rate=0.00/min idle=True
2026-05-17 20:09:17,864 [INFO] LOAD cpu=7.6% mem=+0.4% req_rate=5.45/min idle=False
2026-05-17 20:09:28,865 [INFO] LOAD cpu=2.5% mem=+0.5% req_rate=0.00/min idle=True
2026-05-17 20:09:39,867 [INFO] LOAD cpu=7.9% mem=+0.5% req_rate=0.00/min idle=True
2026-05-17 20:09:54,971 [INFO] LOAD cpu=12.4% mem=+2.7% req_rate=0.00/min idle=False
2026-05-17 20:10:05,972 [INFO] LOAD cpu=3.6% mem=+2.8% req_rate=0.00/min idle=True
2026-05-17 20:10:16,973 [INFO] LOAD cpu=3.5% mem=+2.9% req_rate=5.45/min idle=False
2026-05-17 20:10:27,975 [INFO] LOAD cpu=3.1% mem=+2.4% req_rate=0.00/min idle=True
2026-05-17 20:10:38,976 [INFO] LOAD cpu=7.2% mem=+2.4% req_rate=0.00/min idle=True
2026-05-17 20:10:49,978 [INFO] LOAD cpu=4.0% mem=+2.1% req_rate=0.00/min idle=True
2026-05-17 20:11:04,611 [INFO] LOAD cpu=3.7% mem=+2.1% req_rate=0.00/min idle=True
2026-05-17 20:11:15,612 [INFO] LOAD cpu=4.3% mem=+2.1% req_rate=5.45/min idle=False
2026-05-17 20:11:26,614 [INFO] LOAD cpu=7.9% mem=+2.2% req_rate=0.00/min idle=True
2026-05-17 20:11:37,615 [INFO] LOAD cpu=8.7% mem=+2.1% req_rate=0.00/min idle=True
2026-05-17 20:11:48,616 [INFO] LOAD cpu=6.8% mem=+0.1% req_rate=0.00/min idle=True
2026-05-17 20:11:59,618 [INFO] LOAD cpu=3.4% mem=+0.1% req_rate=0.00/min idle=True
2026-05-17 20:12:13,762 [INFO] LOAD cpu=10.7% mem=+0.8% req_rate=4.24/min idle=False
2026-05-17 20:12:24,763 [INFO] LOAD cpu=2.7% mem=+1.7% req_rate=0.00/min idle=True
2026-05-17 20:12:35,765 [INFO] LOAD cpu=9.9% mem=+1.4% req_rate=0.00/min idle=True
2026-05-17 20:12:46,766 [INFO] LOAD cpu=3.5% mem=+1.0% req_rate=0.00/min idle=True
2026-05-17 20:12:57,767 [INFO] LOAD cpu=6.5% mem=+1.1% req_rate=0.00/min idle=True
2026-05-17 20:13:08,769 [INFO] LOAD cpu=7.5% mem=+0.9% req_rate=0.00/min idle=True
2026-05-17 20:13:22,837 [INFO] LOAD cpu=3.8% mem=+-1.9% req_rate=0.00/min idle=True
2026-05-17 20:13:33,839 [INFO] LOAD cpu=7.3% mem=+-1.8% req_rate=0.00/min idle=True
2026-05-17 20:13:44,840 [INFO] LOAD cpu=4.9% mem=+-1.9% req_rate=0.00/min idle=True
2026-05-17 20:13:55,841 [INFO] LOAD cpu=7.4% mem=+-2.2% req_rate=0.00/min idle=True
2026-05-17 20:14:06,842 [INFO] LOAD cpu=4.0% mem=+-3.1% req_rate=0.00/min idle=True
2026-05-17 20:14:17,844 [INFO] LOAD cpu=7.0% mem=+-2.8% req_rate=0.00/min idle=True
2026-05-17 20:14:31,772 [INFO] LOAD cpu=3.4% mem=+-3.1% req_rate=0.00/min idle=True
2026-05-17 20:14:42,774 [INFO] LOAD cpu=5.2% mem=+-3.1% req_rate=0.00/min idle=True
2026-05-17 20:14:53,775 [INFO] LOAD cpu=3.6% mem=+-3.3% req_rate=0.00/min idle=True
2026-05-17 20:15:04,777 [INFO] LOAD cpu=8.3% mem=+-3.2% req_rate=0.00/min idle=True
2026-05-17 20:15:15,778 [INFO] LOAD cpu=15.8% mem=+-2.3% req_rate=0.00/min idle=False
2026-05-17 20:15:26,779 [INFO] LOAD cpu=7.3% mem=+-2.6% req_rate=0.00/min idle=True
2026-05-17 20:15:40,952 [INFO] LOAD cpu=4.8% mem=+-2.6% req_rate=0.00/min idle=True
2026-05-17 20:15:51,953 [INFO] LOAD cpu=3.8% mem=+-2.9% req_rate=0.00/min idle=True
2026-05-17 20:16:02,955 [INFO] LOAD cpu=2.8% mem=+-2.9% req_rate=0.00/min idle=True
2026-05-17 20:16:13,956 [INFO] LOAD cpu=2.2% mem=+-2.7% req_rate=0.00/min idle=True
2026-05-17 20:16:24,958 [INFO] LOAD cpu=2.5% mem=+-2.7% req_rate=0.00/min idle=True
2026-05-17 20:16:35,959 [INFO] LOAD cpu=8.2% mem=+-2.8% req_rate=0.00/min idle=True
2026-05-17 20:16:50,924 [INFO] LOAD cpu=5.0% mem=+-2.7% req_rate=0.00/min idle=True
2026-05-17 20:17:01,925 [INFO] LOAD cpu=3.0% mem=+-2.9% req_rate=0.00/min idle=True
2026-05-17 20:17:12,927 [INFO] LOAD cpu=5.8% mem=+-2.6% req_rate=0.00/min idle=True
2026-05-17 20:17:23,928 [INFO] LOAD cpu=2.6% mem=+-2.6% req_rate=0.00/min idle=True
2026-05-17 20:17:34,930 [INFO] LOAD cpu=2.3% mem=+-2.6% req_rate=0.00/min idle=True
2026-05-17 20:17:45,931 [INFO] LOAD cpu=10.3% mem=+-2.6% req_rate=0.00/min idle=False
2026-05-17 20:18:00,813 [INFO] LOAD cpu=6.9% mem=+-2.5% req_rate=0.00/min idle=True
2026-05-17 20:18:11,814 [INFO] LOAD cpu=5.0% mem=+-2.4% req_rate=0.00/min idle=True
2026-05-17 20:18:22,816 [INFO] LOAD cpu=3.7% mem=+-2.4% req_rate=0.00/min idle=True
2026-05-17 20:18:33,817 [INFO] LOAD cpu=3.2% mem=+-2.7% req_rate=0.00/min idle=True
2026-05-17 20:18:44,818 [INFO] LOAD cpu=3.0% mem=+-3.1% req_rate=0.00/min idle=True
2026-05-17 20:18:55,820 [INFO] LOAD cpu=8.9% mem=+-3.0% req_rate=0.00/min idle=True
2026-05-17 20:19:10,403 [INFO] LOAD cpu=4.0% mem=+-3.0% req_rate=0.00/min idle=True
2026-05-17 20:19:21,404 [INFO] LOAD cpu=4.8% mem=+-2.7% req_rate=0.00/min idle=True
2026-05-17 20:19:32,406 [INFO] LOAD cpu=4.8% mem=+-2.8% req_rate=0.00/min idle=True
2026-05-17 20:19:43,407 [INFO] LOAD cpu=9.2% mem=+-2.6% req_rate=0.00/min idle=True
2026-05-17 20:19:54,408 [INFO] LOAD cpu=6.2% mem=+-2.9% req_rate=0.00/min idle=True
2026-05-17 20:20:05,410 [INFO] LOAD cpu=5.0% mem=+-2.7% req_rate=0.00/min idle=True
2026-05-17 20:20:20,633 [INFO] LOAD cpu=7.2% mem=+-2.1% req_rate=0.00/min idle=True
2026-05-17 20:20:31,635 [INFO] LOAD cpu=7.8% mem=+-2.9% req_rate=0.00/min idle=True
2026-05-17 20:20:42,636 [INFO] LOAD cpu=9.9% mem=+-2.5% req_rate=0.00/min idle=True
2026-05-17 20:20:53,637 [INFO] LOAD cpu=2.7% mem=+-2.6% req_rate=0.00/min idle=True
2026-05-17 20:21:04,639 [INFO] LOAD cpu=4.0% mem=+-2.2% req_rate=0.00/min idle=True
2026-05-17 20:21:15,640 [INFO] LOAD cpu=7.0% mem=+-2.0% req_rate=0.00/min idle=True
2026-05-17 20:21:29,940 [INFO] LOAD cpu=13.8% mem=+-1.6% req_rate=0.00/min idle=False
2026-05-17 20:21:40,941 [INFO] LOAD cpu=20.4% mem=+-1.4% req_rate=0.00/min idle=False
2026-05-17 20:21:51,943 [INFO] LOAD cpu=37.8% mem=+-2.3% req_rate=0.00/min idle=False
2026-05-17 20:22:02,944 [INFO] LOAD cpu=26.8% mem=+-2.3% req_rate=0.00/min idle=False
2026-05-17 20:22:13,946 [INFO] LOAD cpu=11.8% mem=+-1.8% req_rate=0.00/min idle=False
2026-05-17 20:22:24,947 [INFO] LOAD cpu=10.3% mem=+-1.0% req_rate=0.00/min idle=False
2026-05-17 20:22:39,955 [INFO] LOAD cpu=8.7% mem=+-1.7% req_rate=0.00/min idle=True
2026-05-17 20:22:50,957 [INFO] LOAD cpu=9.9% mem=+-2.2% req_rate=0.00/min idle=True
2026-05-17 20:23:01,959 [INFO] LOAD cpu=20.9% mem=+-2.1% req_rate=0.00/min idle=False
2026-05-17 20:23:12,960 [INFO] LOAD cpu=8.5% mem=+-1.8% req_rate=0.00/min idle=True
2026-05-17 20:23:23,961 [INFO] LOAD cpu=11.2% mem=+-0.7% req_rate=0.00/min idle=False
2026-05-17 20:23:34,962 [INFO] LOAD cpu=9.2% mem=+-0.7% req_rate=0.00/min idle=True
2026-05-17 20:23:48,965 [INFO] LOAD cpu=8.0% mem=+0.5% req_rate=0.00/min idle=True
2026-05-17 20:23:59,966 [INFO] LOAD cpu=11.4% mem=+0.4% req_rate=0.00/min idle=False
2026-05-17 20:24:10,988 [INFO] LOAD cpu=22.5% mem=+13.2% req_rate=0.00/min idle=False
2026-05-17 20:24:21,990 [INFO] LOAD cpu=22.8% mem=+24.1% req_rate=0.00/min idle=False
2026-05-17 20:24:32,992 [INFO] LOAD cpu=29.0% mem=+21.1% req_rate=0.00/min idle=False
2026-05-17 20:24:43,994 [INFO] LOAD cpu=34.6% mem=+20.7% req_rate=0.00/min idle=False
2026-05-17 20:24:58,176 [INFO] LOAD cpu=23.9% mem=+20.5% req_rate=0.00/min idle=False
2026-05-17 20:25:09,178 [INFO] LOAD cpu=18.6% mem=+21.0% req_rate=0.00/min idle=False
2026-05-17 20:25:20,203 [INFO] LOAD cpu=42.7% mem=+23.5% req_rate=0.00/min idle=False
2026-05-17 20:25:31,207 [INFO] LOAD cpu=42.7% mem=+22.7% req_rate=0.00/min idle=False
2026-05-17 20:25:42,209 [INFO] LOAD cpu=39.9% mem=+22.4% req_rate=0.00/min idle=False
2026-05-17 20:25:53,211 [INFO] LOAD cpu=43.9% mem=+22.7% req_rate=0.00/min idle=False
2026-05-17 20:26:07,919 [INFO] LOAD cpu=39.0% mem=+21.6% req_rate=0.00/min idle=False
2026-05-17 20:26:18,920 [INFO] LOAD cpu=47.6% mem=+22.2% req_rate=0.00/min idle=False
2026-05-17 20:26:29,922 [INFO] LOAD cpu=35.4% mem=+22.7% req_rate=0.00/min idle=False
2026-05-17 20:26:40,923 [INFO] LOAD cpu=46.0% mem=+22.4% req_rate=0.00/min idle=False
2026-05-17 20:26:51,925 [INFO] LOAD cpu=34.8% mem=+21.8% req_rate=0.00/min idle=False
2026-05-17 20:27:02,926 [INFO] LOAD cpu=32.8% mem=+21.5% req_rate=0.00/min idle=False
2026-05-17 20:27:17,978 [INFO] LOAD cpu=36.5% mem=+21.8% req_rate=0.00/min idle=False
2026-05-17 20:27:28,980 [INFO] LOAD cpu=32.8% mem=+21.9% req_rate=0.00/min idle=False
2026-05-17 20:27:39,982 [INFO] LOAD cpu=29.8% mem=+21.5% req_rate=0.00/min idle=False
2026-05-17 20:27:50,983 [INFO] LOAD cpu=33.6% mem=+21.7% req_rate=0.00/min idle=False
2026-05-17 20:28:01,986 [INFO] LOAD cpu=35.0% mem=+21.6% req_rate=0.00/min idle=False
2026-05-17 20:28:12,988 [INFO] LOAD cpu=32.1% mem=+21.8% req_rate=0.00/min idle=False
2026-05-17 20:28:28,896 [INFO] LOAD cpu=43.4% mem=+21.8% req_rate=0.00/min idle=False
2026-05-17 20:28:39,898 [INFO] LOAD cpu=37.7% mem=+22.2% req_rate=0.00/min idle=False
2026-05-17 20:28:50,899 [INFO] LOAD cpu=41.5% mem=+22.1% req_rate=0.00/min idle=False
2026-05-17 20:29:01,901 [INFO] LOAD cpu=32.2% mem=+21.8% req_rate=0.00/min idle=False
2026-05-17 20:29:12,902 [INFO] LOAD cpu=40.1% mem=+21.9% req_rate=0.00/min idle=False
2026-05-17 20:29:23,903 [INFO] LOAD cpu=32.7% mem=+22.2% req_rate=0.00/min idle=False
2026-05-17 20:29:38,104 [INFO] LOAD cpu=31.7% mem=+22.0% req_rate=0.00/min idle=False
2026-05-17 20:29:49,105 [INFO] LOAD cpu=36.3% mem=+22.1% req_rate=0.00/min idle=False
2026-05-17 20:30:00,107 [INFO] LOAD cpu=32.6% mem=+22.0% req_rate=0.00/min idle=False
2026-05-17 20:30:11,109 [INFO] LOAD cpu=42.9% mem=+22.0% req_rate=0.00/min idle=False
2026-05-17 20:30:22,110 [INFO] LOAD cpu=37.5% mem=+22.0% req_rate=0.00/min idle=False
2026-05-17 20:30:33,112 [INFO] LOAD cpu=50.0% mem=+22.4% req_rate=0.00/min idle=False
2026-05-17 20:30:47,449 [INFO] LOAD cpu=40.8% mem=+22.1% req_rate=0.00/min idle=False
2026-05-17 20:30:58,450 [INFO] LOAD cpu=37.3% mem=+22.0% req_rate=0.00/min idle=False
2026-05-17 20:31:09,452 [INFO] LOAD cpu=39.5% mem=+22.0% req_rate=0.00/min idle=False
2026-05-17 20:31:20,453 [INFO] LOAD cpu=43.8% mem=+22.2% req_rate=0.00/min idle=False
2026-05-17 20:31:31,455 [INFO] LOAD cpu=42.1% mem=+22.1% req_rate=0.00/min idle=False
2026-05-17 20:31:42,456 [INFO] LOAD cpu=45.9% mem=+22.2% req_rate=0.00/min idle=False
2026-05-17 20:31:58,196 [INFO] LOAD cpu=15.6% mem=+22.4% req_rate=0.00/min idle=False
2026-05-17 20:32:09,197 [INFO] LOAD cpu=14.2% mem=+22.3% req_rate=0.00/min idle=False
2026-05-17 20:32:20,199 [INFO] LOAD cpu=14.5% mem=+22.4% req_rate=0.00/min idle=False
2026-05-17 20:32:31,200 [INFO] LOAD cpu=37.4% mem=+22.3% req_rate=0.00/min idle=False
2026-05-17 20:32:42,202 [INFO] LOAD cpu=37.1% mem=+22.2% req_rate=0.00/min idle=False
2026-05-17 20:32:53,203 [INFO] LOAD cpu=38.0% mem=+22.3% req_rate=0.00/min idle=False
2026-05-17 20:33:07,411 [INFO] LOAD cpu=37.7% mem=+22.7% req_rate=0.00/min idle=False
2026-05-17 20:33:18,413 [INFO] LOAD cpu=39.3% mem=+22.5% req_rate=0.00/min idle=False
2026-05-17 20:33:29,414 [INFO] LOAD cpu=38.7% mem=+22.5% req_rate=0.00/min idle=False
2026-05-17 20:33:40,416 [INFO] LOAD cpu=32.2% mem=+22.3% req_rate=0.00/min idle=False
2026-05-17 20:33:51,418 [INFO] LOAD cpu=45.0% mem=+22.1% req_rate=0.00/min idle=False
2026-05-17 20:34:02,419 [INFO] LOAD cpu=38.4% mem=+22.4% req_rate=0.00/min idle=False
2026-05-17 20:34:17,787 [INFO] LOAD cpu=35.6% mem=+22.3% req_rate=0.00/min idle=False
2026-05-17 20:34:28,788 [INFO] LOAD cpu=39.1% mem=+22.0% req_rate=0.00/min idle=False
2026-05-17 20:34:39,790 [INFO] LOAD cpu=34.6% mem=+21.9% req_rate=0.00/min idle=False
2026-05-17 20:34:50,791 [INFO] LOAD cpu=35.3% mem=+21.9% req_rate=0.00/min idle=False
2026-05-17 20:35:01,793 [INFO] LOAD cpu=38.9% mem=+22.0% req_rate=0.00/min idle=False
2026-05-17 20:35:12,794 [INFO] LOAD cpu=31.5% mem=+22.1% req_rate=0.00/min idle=False
2026-05-17 20:35:26,834 [INFO] LOAD cpu=31.9% mem=+22.2% req_rate=0.00/min idle=False
2026-05-17 20:35:37,836 [INFO] LOAD cpu=31.4% mem=+22.2% req_rate=0.00/min idle=False
2026-05-17 20:35:48,838 [INFO] LOAD cpu=38.6% mem=+22.1% req_rate=0.00/min idle=False
2026-05-17 20:35:59,839 [INFO] LOAD cpu=36.0% mem=+22.0% req_rate=0.00/min idle=False
2026-05-17 20:36:10,840 [INFO] LOAD cpu=11.3% mem=+22.2% req_rate=0.00/min idle=False
2026-05-17 20:36:21,842 [INFO] LOAD cpu=14.8% mem=+22.4% req_rate=0.00/min idle=False
2026-05-17 20:36:35,815 [INFO] LOAD cpu=10.1% mem=+22.3% req_rate=0.00/min idle=False
2026-05-17 20:36:46,817 [INFO] LOAD cpu=11.8% mem=+22.3% req_rate=0.00/min idle=False
2026-05-17 20:36:57,818 [INFO] LOAD cpu=9.8% mem=+22.3% req_rate=0.00/min idle=False
2026-05-17 20:37:08,820 [INFO] LOAD cpu=30.9% mem=+22.6% req_rate=0.00/min idle=False
2026-05-17 20:37:19,821 [INFO] LOAD cpu=27.0% mem=+22.3% req_rate=0.00/min idle=False
2026-05-17 20:37:30,822 [INFO] LOAD cpu=31.5% mem=+22.4% req_rate=0.00/min idle=False
2026-05-17 20:37:45,831 [INFO] LOAD cpu=27.7% mem=+22.4% req_rate=0.00/min idle=False
2026-05-17 20:37:56,833 [INFO] LOAD cpu=28.3% mem=+22.4% req_rate=0.00/min idle=False
2026-05-17 20:38:07,834 [INFO] LOAD cpu=32.2% mem=+22.2% req_rate=0.00/min idle=False
2026-05-17 20:38:18,835 [INFO] LOAD cpu=32.4% mem=+22.4% req_rate=0.00/min idle=False
2026-05-17 20:38:29,837 [INFO] LOAD cpu=28.5% mem=+22.1% req_rate=0.00/min idle=False
2026-05-17 20:38:40,838 [INFO] LOAD cpu=35.0% mem=+22.3% req_rate=0.00/min idle=False
2026-05-17 20:38:55,967 [INFO] LOAD cpu=34.5% mem=+22.4% req_rate=0.00/min idle=False
2026-05-17 20:39:06,968 [INFO] LOAD cpu=37.6% mem=+22.5% req_rate=0.00/min idle=False
2026-05-17 20:39:17,970 [INFO] LOAD cpu=36.7% mem=+22.4% req_rate=0.00/min idle=False
2026-05-17 20:39:28,971 [INFO] LOAD cpu=32.9% mem=+22.4% req_rate=0.00/min idle=False
2026-05-17 20:39:39,973 [INFO] LOAD cpu=29.5% mem=+22.3% req_rate=0.00/min idle=False
2026-05-17 20:39:50,974 [INFO] LOAD cpu=40.7% mem=+22.2% req_rate=0.00/min idle=False
2026-05-17 20:40:06,099 [INFO] LOAD cpu=36.0% mem=+22.0% req_rate=0.00/min idle=False
2026-05-17 20:40:17,101 [INFO] LOAD cpu=36.2% mem=+22.3% req_rate=0.00/min idle=False
2026-05-17 20:40:28,102 [INFO] LOAD cpu=40.0% mem=+22.3% req_rate=0.00/min idle=False
2026-05-17 20:40:39,104 [INFO] LOAD cpu=32.5% mem=+22.2% req_rate=0.00/min idle=False
2026-05-17 20:40:50,105 [INFO] LOAD cpu=29.8% mem=+22.1% req_rate=0.00/min idle=False
2026-05-17 20:41:01,107 [INFO] LOAD cpu=30.9% mem=+22.2% req_rate=0.00/min idle=False
2026-05-17 20:41:14,933 [INFO] LOAD cpu=34.0% mem=+22.3% req_rate=0.00/min idle=False
2026-05-17 20:41:25,935 [INFO] LOAD cpu=27.8% mem=+22.3% req_rate=0.00/min idle=False
2026-05-17 20:41:36,936 [INFO] LOAD cpu=34.4% mem=+22.2% req_rate=0.00/min idle=False
2026-05-17 20:41:47,938 [INFO] LOAD cpu=34.2% mem=+22.4% req_rate=0.00/min idle=False
2026-05-17 20:41:58,940 [INFO] LOAD cpu=31.0% mem=+22.2% req_rate=0.00/min idle=False
2026-05-17 20:42:09,941 [INFO] LOAD cpu=38.6% mem=+22.2% req_rate=0.00/min idle=False
2026-05-17 20:42:24,272 [INFO] LOAD cpu=34.3% mem=+22.4% req_rate=0.00/min idle=False
2026-05-17 20:42:35,274 [INFO] LOAD cpu=30.1% mem=+22.4% req_rate=0.00/min idle=False
2026-05-17 20:42:46,275 [INFO] LOAD cpu=39.2% mem=+22.3% req_rate=0.00/min idle=False
2026-05-17 20:42:57,277 [INFO] LOAD cpu=39.4% mem=+22.4% req_rate=0.00/min idle=False
2026-05-17 20:43:08,278 [INFO] LOAD cpu=32.8% mem=+22.4% req_rate=0.00/min idle=False
2026-05-17 20:43:19,280 [INFO] LOAD cpu=28.6% mem=+22.3% req_rate=0.00/min idle=False
2026-05-17 20:43:34,146 [INFO] LOAD cpu=32.1% mem=+22.5% req_rate=0.00/min idle=False
2026-05-17 20:43:45,148 [INFO] LOAD cpu=32.9% mem=+22.4% req_rate=0.00/min idle=False
2026-05-17 20:43:56,150 [INFO] LOAD cpu=37.3% mem=+22.5% req_rate=0.00/min idle=False
2026-05-17 20:44:07,151 [INFO] LOAD cpu=28.3% mem=+22.3% req_rate=0.00/min idle=False
2026-05-17 20:44:18,153 [INFO] LOAD cpu=32.1% mem=+22.4% req_rate=0.00/min idle=False
2026-05-17 20:44:29,154 [INFO] LOAD cpu=29.2% mem=+22.5% req_rate=0.00/min idle=False
2026-05-17 20:44:43,915 [INFO] LOAD cpu=29.8% mem=+22.5% req_rate=0.00/min idle=False
2026-05-17 20:44:54,917 [INFO] LOAD cpu=35.6% mem=+22.5% req_rate=0.00/min idle=False
2026-05-17 20:45:05,918 [INFO] LOAD cpu=31.2% mem=+22.5% req_rate=0.00/min idle=False
2026-05-17 20:45:16,920 [INFO] LOAD cpu=35.3% mem=+22.5% req_rate=0.00/min idle=False
2026-05-17 20:45:27,921 [INFO] LOAD cpu=30.0% mem=+22.4% req_rate=0.00/min idle=False
2026-05-17 20:45:38,922 [INFO] LOAD cpu=33.2% mem=+22.5% req_rate=0.00/min idle=False
2026-05-17 20:45:54,290 [INFO] LOAD cpu=24.0% mem=+22.5% req_rate=0.00/min idle=False
2026-05-17 20:46:05,291 [INFO] LOAD cpu=18.3% mem=+23.8% req_rate=0.00/min idle=False
2026-05-17 20:46:16,292 [INFO] LOAD cpu=33.8% mem=+23.0% req_rate=0.00/min idle=False
2026-05-17 20:46:27,294 [INFO] LOAD cpu=26.5% mem=+22.4% req_rate=0.00/min idle=False
2026-05-17 20:46:38,295 [INFO] LOAD cpu=18.3% mem=+22.3% req_rate=0.00/min idle=False
2026-05-17 20:46:49,297 [INFO] LOAD cpu=15.8% mem=+22.7% req_rate=0.00/min idle=False
2026-05-17 20:47:03,569 [INFO] LOAD cpu=17.6% mem=+22.1% req_rate=0.00/min idle=False
2026-05-17 20:47:14,570 [INFO] LOAD cpu=18.7% mem=+22.4% req_rate=0.00/min idle=False
2026-05-17 20:47:25,573 [INFO] LOAD cpu=56.9% mem=+25.7% req_rate=0.00/min idle=False
2026-05-17 20:47:36,585 [INFO] LOAD cpu=19.3% mem=+25.0% req_rate=0.00/min idle=False
2026-05-17 20:47:47,586 [INFO] LOAD cpu=35.4% mem=+24.2% req_rate=0.00/min idle=False
2026-05-17 20:47:58,588 [INFO] LOAD cpu=43.4% mem=+24.3% req_rate=0.00/min idle=False
2026-05-17 20:48:13,027 [INFO] LOAD cpu=33.8% mem=+24.4% req_rate=0.00/min idle=False
2026-05-17 20:48:24,029 [INFO] LOAD cpu=38.6% mem=+23.8% req_rate=0.00/min idle=False
2026-05-17 20:48:35,030 [INFO] LOAD cpu=37.3% mem=+23.8% req_rate=0.00/min idle=False
2026-05-17 20:48:46,032 [INFO] LOAD cpu=32.2% mem=+23.9% req_rate=0.00/min idle=False
2026-05-17 20:48:57,033 [INFO] LOAD cpu=34.1% mem=+23.7% req_rate=0.00/min idle=False
2026-05-17 20:49:08,035 [INFO] LOAD cpu=44.7% mem=+23.7% req_rate=0.00/min idle=False
2026-05-17 20:49:22,539 [INFO] LOAD cpu=39.0% mem=+23.7% req_rate=0.00/min idle=False
2026-05-17 20:49:33,541 [INFO] LOAD cpu=33.3% mem=+23.8% req_rate=0.00/min idle=False
2026-05-17 20:49:44,543 [INFO] LOAD cpu=37.5% mem=+23.8% req_rate=0.00/min idle=False
2026-05-17 20:49:55,544 [INFO] LOAD cpu=34.7% mem=+23.8% req_rate=0.00/min idle=False
2026-05-17 20:50:06,546 [INFO] LOAD cpu=35.6% mem=+23.9% req_rate=0.00/min idle=False
2026-05-17 20:50:17,547 [INFO] LOAD cpu=34.9% mem=+24.1% req_rate=0.00/min idle=False
2026-05-17 20:50:32,826 [INFO] LOAD cpu=32.4% mem=+24.0% req_rate=0.00/min idle=False
2026-05-17 20:50:43,827 [INFO] LOAD cpu=32.2% mem=+23.9% req_rate=0.00/min idle=False
2026-05-17 20:50:54,829 [INFO] LOAD cpu=38.2% mem=+23.8% req_rate=0.00/min idle=False
2026-05-17 20:51:05,830 [INFO] LOAD cpu=34.6% mem=+23.9% req_rate=0.00/min idle=False
2026-05-17 20:51:16,832 [INFO] LOAD cpu=38.7% mem=+24.0% req_rate=0.00/min idle=False
2026-05-17 20:51:27,833 [INFO] LOAD cpu=36.9% mem=+24.0% req_rate=0.00/min idle=False
2026-05-17 20:51:43,066 [INFO] LOAD cpu=35.2% mem=+24.0% req_rate=0.00/min idle=False
2026-05-17 20:51:54,067 [INFO] LOAD cpu=38.3% mem=+24.0% req_rate=0.00/min idle=False
2026-05-17 20:52:05,069 [INFO] LOAD cpu=34.5% mem=+24.0% req_rate=0.00/min idle=False
2026-05-17 20:52:16,070 [INFO] LOAD cpu=39.3% mem=+24.0% req_rate=0.00/min idle=False
2026-05-17 20:52:27,072 [INFO] LOAD cpu=44.6% mem=+24.0% req_rate=0.00/min idle=False
2026-05-17 20:52:38,073 [INFO] LOAD cpu=34.1% mem=+23.9% req_rate=0.00/min idle=False
2026-05-17 20:52:52,237 [INFO] LOAD cpu=33.0% mem=+23.9% req_rate=0.00/min idle=False
2026-05-17 20:53:03,238 [INFO] LOAD cpu=33.5% mem=+23.9% req_rate=0.00/min idle=False
2026-05-17 20:53:14,240 [INFO] LOAD cpu=27.1% mem=+24.0% req_rate=0.00/min idle=False
2026-05-17 20:53:25,241 [INFO] LOAD cpu=25.1% mem=+23.9% req_rate=0.00/min idle=False
2026-05-17 20:53:36,242 [INFO] LOAD cpu=36.0% mem=+23.9% req_rate=0.00/min idle=False
2026-05-17 20:53:47,244 [INFO] LOAD cpu=28.8% mem=+24.0% req_rate=0.00/min idle=False
2026-05-17 20:54:02,671 [INFO] LOAD cpu=32.7% mem=+24.0% req_rate=0.00/min idle=False
2026-05-17 20:54:13,673 [INFO] LOAD cpu=33.9% mem=+24.2% req_rate=0.00/min idle=False
2026-05-17 20:54:24,674 [INFO] LOAD cpu=37.1% mem=+24.1% req_rate=0.00/min idle=False
2026-05-17 20:54:35,676 [INFO] LOAD cpu=39.6% mem=+24.0% req_rate=0.00/min idle=False
2026-05-17 20:54:46,677 [INFO] LOAD cpu=31.7% mem=+24.0% req_rate=0.00/min idle=False
2026-05-17 20:54:57,679 [INFO] LOAD cpu=32.8% mem=+23.9% req_rate=0.00/min idle=False
2026-05-17 20:55:12,688 [INFO] LOAD cpu=31.2% mem=+23.9% req_rate=0.00/min idle=False
2026-05-17 20:55:23,689 [INFO] LOAD cpu=27.6% mem=+23.9% req_rate=0.00/min idle=False
2026-05-17 20:55:34,691 [INFO] LOAD cpu=30.8% mem=+24.1% req_rate=0.00/min idle=False
2026-05-17 20:55:45,692 [INFO] LOAD cpu=34.5% mem=+23.9% req_rate=0.00/min idle=False
2026-05-17 20:55:56,694 [INFO] LOAD cpu=33.7% mem=+23.9% req_rate=0.00/min idle=False
2026-05-17 20:56:07,695 [INFO] LOAD cpu=32.1% mem=+24.0% req_rate=0.00/min idle=False
2026-05-17 20:56:21,905 [INFO] LOAD cpu=33.9% mem=+24.0% req_rate=0.00/min idle=False
2026-05-17 20:56:32,907 [INFO] LOAD cpu=27.8% mem=+24.1% req_rate=0.00/min idle=False
2026-05-17 20:56:43,908 [INFO] LOAD cpu=31.4% mem=+24.0% req_rate=0.00/min idle=False
2026-05-17 20:56:54,909 [INFO] LOAD cpu=29.7% mem=+24.1% req_rate=0.00/min idle=False
2026-05-17 20:57:05,911 [INFO] LOAD cpu=30.9% mem=+24.1% req_rate=0.00/min idle=False
2026-05-17 20:57:16,912 [INFO] LOAD cpu=36.3% mem=+24.2% req_rate=0.00/min idle=False
2026-05-17 20:57:30,876 [INFO] LOAD cpu=36.2% mem=+24.3% req_rate=0.00/min idle=False
2026-05-17 20:57:41,877 [INFO] LOAD cpu=34.7% mem=+24.4% req_rate=0.00/min idle=False
2026-05-17 20:57:52,878 [INFO] LOAD cpu=38.6% mem=+24.1% req_rate=0.00/min idle=False
2026-05-17 20:58:03,880 [INFO] LOAD cpu=23.7% mem=+24.1% req_rate=0.00/min idle=False
2026-05-17 20:58:14,881 [INFO] LOAD cpu=30.7% mem=+24.2% req_rate=0.00/min idle=False
2026-05-17 20:58:25,883 [INFO] LOAD cpu=39.6% mem=+24.3% req_rate=0.00/min idle=False
2026-05-17 20:58:40,440 [INFO] LOAD cpu=38.3% mem=+24.3% req_rate=0.00/min idle=False
2026-05-17 20:58:51,442 [INFO] LOAD cpu=35.4% mem=+24.6% req_rate=0.00/min idle=False
2026-05-17 20:59:02,443 [INFO] LOAD cpu=41.0% mem=+24.6% req_rate=0.00/min idle=False
2026-05-17 20:59:13,445 [INFO] LOAD cpu=31.4% mem=+24.6% req_rate=0.00/min idle=False
2026-05-17 20:59:24,446 [INFO] LOAD cpu=34.6% mem=+24.5% req_rate=0.00/min idle=False
2026-05-17 20:59:35,448 [INFO] LOAD cpu=24.0% mem=+24.4% req_rate=0.00/min idle=False
2026-05-17 20:59:49,812 [INFO] LOAD cpu=28.5% mem=+24.2% req_rate=0.00/min idle=False
2026-05-17 21:00:00,813 [INFO] LOAD cpu=29.3% mem=+24.4% req_rate=0.00/min idle=False
2026-05-17 21:00:11,815 [INFO] LOAD cpu=36.1% mem=+24.5% req_rate=0.00/min idle=False
2026-05-17 21:00:22,817 [INFO] LOAD cpu=34.6% mem=+24.5% req_rate=0.00/min idle=False
2026-05-17 21:00:33,818 [INFO] LOAD cpu=35.2% mem=+24.3% req_rate=0.00/min idle=False
2026-05-17 21:00:44,820 [INFO] LOAD cpu=30.5% mem=+24.4% req_rate=0.00/min idle=False
2026-05-17 21:00:59,139 [INFO] LOAD cpu=32.3% mem=+24.5% req_rate=0.00/min idle=False
2026-05-17 21:01:10,141 [INFO] LOAD cpu=33.1% mem=+23.8% req_rate=0.00/min idle=False
2026-05-17 21:01:21,142 [INFO] LOAD cpu=28.7% mem=+24.0% req_rate=0.00/min idle=False
2026-05-17 21:01:32,144 [INFO] LOAD cpu=31.7% mem=+24.1% req_rate=0.00/min idle=False
2026-05-17 21:01:43,146 [INFO] LOAD cpu=29.6% mem=+24.0% req_rate=0.00/min idle=False
2026-05-17 21:01:54,147 [INFO] LOAD cpu=32.8% mem=+24.2% req_rate=0.00/min idle=False
2026-05-17 21:02:08,452 [INFO] LOAD cpu=34.7% mem=+24.2% req_rate=0.00/min idle=False
2026-05-17 21:02:19,454 [INFO] LOAD cpu=35.9% mem=+24.2% req_rate=0.00/min idle=False
2026-05-17 21:02:30,455 [INFO] LOAD cpu=35.7% mem=+24.2% req_rate=0.00/min idle=False
2026-05-17 21:02:41,457 [INFO] LOAD cpu=31.9% mem=+24.2% req_rate=0.00/min idle=False
2026-05-17 21:02:52,458 [INFO] LOAD cpu=35.7% mem=+24.1% req_rate=0.00/min idle=False
2026-05-17 21:03:03,460 [INFO] LOAD cpu=26.3% mem=+24.2% req_rate=0.00/min idle=False
2026-05-17 21:03:17,693 [INFO] LOAD cpu=30.9% mem=+24.2% req_rate=0.00/min idle=False
2026-05-17 21:03:28,695 [INFO] LOAD cpu=33.1% mem=+24.2% req_rate=0.00/min idle=False
2026-05-17 21:03:39,696 [INFO] LOAD cpu=32.2% mem=+24.1% req_rate=0.00/min idle=False
2026-05-17 21:03:50,698 [INFO] LOAD cpu=31.9% mem=+24.0% req_rate=0.00/min idle=False
2026-05-17 21:04:01,700 [INFO] LOAD cpu=36.6% mem=+24.1% req_rate=0.00/min idle=False
2026-05-17 21:04:12,701 [INFO] LOAD cpu=37.5% mem=+24.0% req_rate=0.00/min idle=False
2026-05-17 21:04:26,422 [INFO] LOAD cpu=12.7% mem=+23.8% req_rate=0.00/min idle=False
2026-05-17 21:04:37,424 [INFO] LOAD cpu=14.1% mem=+24.3% req_rate=0.00/min idle=False
2026-05-17 21:04:48,425 [INFO] LOAD cpu=14.6% mem=+24.5% req_rate=0.00/min idle=False
2026-05-17 21:04:59,427 [INFO] LOAD cpu=10.8% mem=+24.4% req_rate=0.00/min idle=False
2026-05-17 21:05:10,428 [INFO] LOAD cpu=14.4% mem=+24.4% req_rate=0.00/min idle=False
2026-05-17 21:05:21,430 [INFO] LOAD cpu=35.4% mem=+24.7% req_rate=0.00/min idle=False
2026-05-17 21:05:36,097 [INFO] LOAD cpu=37.7% mem=+24.5% req_rate=0.00/min idle=False
2026-05-17 21:05:47,098 [INFO] LOAD cpu=40.0% mem=+24.3% req_rate=0.00/min idle=False
2026-05-17 21:05:58,100 [INFO] LOAD cpu=45.6% mem=+24.4% req_rate=0.00/min idle=False
2026-05-17 21:06:09,101 [INFO] LOAD cpu=39.6% mem=+24.4% req_rate=0.00/min idle=False
2026-05-17 21:06:20,103 [INFO] LOAD cpu=38.9% mem=+24.5% req_rate=0.00/min idle=False
2026-05-17 21:06:31,105 [INFO] LOAD cpu=28.3% mem=+24.5% req_rate=0.00/min idle=False
2026-05-17 21:06:45,096 [INFO] LOAD cpu=29.8% mem=+24.4% req_rate=0.00/min idle=False
2026-05-17 21:06:56,097 [INFO] LOAD cpu=33.8% mem=+24.4% req_rate=0.00/min idle=False
2026-05-17 21:07:07,099 [INFO] LOAD cpu=40.5% mem=+24.3% req_rate=0.00/min idle=False
2026-05-17 21:07:18,100 [INFO] LOAD cpu=32.0% mem=+24.5% req_rate=0.00/min idle=False
2026-05-17 21:07:29,102 [INFO] LOAD cpu=27.0% mem=+24.6% req_rate=0.00/min idle=False
2026-05-17 21:07:40,103 [INFO] LOAD cpu=27.0% mem=+24.4% req_rate=0.00/min idle=False
2026-05-17 21:07:55,222 [INFO] LOAD cpu=33.4% mem=+24.4% req_rate=0.00/min idle=False
2026-05-17 21:08:06,224 [INFO] LOAD cpu=35.4% mem=+24.4% req_rate=0.00/min idle=False
2026-05-17 21:08:17,225 [INFO] LOAD cpu=36.5% mem=+24.7% req_rate=0.00/min idle=False
2026-05-17 21:08:28,227 [INFO] LOAD cpu=37.9% mem=+24.5% req_rate=0.00/min idle=False
2026-05-17 21:08:39,229 [INFO] LOAD cpu=23.7% mem=+24.5% req_rate=0.00/min idle=False
2026-05-17 21:08:50,231 [INFO] LOAD cpu=29.0% mem=+24.6% req_rate=0.00/min idle=False
2026-05-17 21:09:05,085 [INFO] LOAD cpu=32.9% mem=+24.7% req_rate=0.00/min idle=False
2026-05-17 21:09:16,087 [INFO] LOAD cpu=38.3% mem=+24.7% req_rate=0.00/min idle=False
2026-05-17 21:09:27,088 [INFO] LOAD cpu=41.1% mem=+24.8% req_rate=0.00/min idle=False
2026-05-17 21:09:38,090 [INFO] LOAD cpu=30.8% mem=+24.7% req_rate=0.00/min idle=False
2026-05-17 21:09:49,091 [INFO] LOAD cpu=32.3% mem=+24.7% req_rate=0.00/min idle=False
2026-05-17 21:10:00,093 [INFO] LOAD cpu=34.4% mem=+24.9% req_rate=0.00/min idle=False
2026-05-17 21:10:14,257 [INFO] LOAD cpu=31.9% mem=+24.8% req_rate=0.00/min idle=False
2026-05-17 21:10:25,259 [INFO] LOAD cpu=29.5% mem=+24.5% req_rate=0.00/min idle=False
2026-05-17 21:10:36,260 [INFO] LOAD cpu=41.2% mem=+24.5% req_rate=0.00/min idle=False
2026-05-17 21:10:47,262 [INFO] LOAD cpu=51.8% mem=+24.6% req_rate=0.00/min idle=False
2026-05-17 21:10:58,264 [INFO] LOAD cpu=33.5% mem=+24.6% req_rate=0.00/min idle=False
2026-05-17 21:11:09,265 [INFO] LOAD cpu=40.8% mem=+24.7% req_rate=0.00/min idle=False
2026-05-17 21:11:23,389 [INFO] LOAD cpu=36.0% mem=+24.7% req_rate=0.00/min idle=False
2026-05-17 21:11:34,390 [INFO] LOAD cpu=22.7% mem=+24.6% req_rate=0.00/min idle=False
2026-05-17 21:11:45,392 [INFO] LOAD cpu=30.1% mem=+24.5% req_rate=0.00/min idle=False
2026-05-17 21:11:56,393 [INFO] LOAD cpu=25.4% mem=+24.6% req_rate=0.00/min idle=False
2026-05-17 21:12:07,395 [INFO] LOAD cpu=37.2% mem=+24.4% req_rate=0.00/min idle=False
2026-05-17 21:12:18,396 [INFO] LOAD cpu=30.4% mem=+24.5% req_rate=0.00/min idle=False
2026-05-17 21:12:32,478 [INFO] LOAD cpu=39.1% mem=+24.8% req_rate=0.00/min idle=False
2026-05-17 21:12:43,479 [INFO] LOAD cpu=36.8% mem=+25.0% req_rate=0.00/min idle=False
2026-05-17 21:12:54,481 [INFO] LOAD cpu=29.6% mem=+24.9% req_rate=0.00/min idle=False
2026-05-17 21:13:05,483 [INFO] LOAD cpu=34.7% mem=+24.8% req_rate=0.00/min idle=False
2026-05-17 21:13:16,484 [INFO] LOAD cpu=36.4% mem=+24.9% req_rate=0.00/min idle=False
2026-05-17 21:13:27,486 [INFO] LOAD cpu=25.1% mem=+24.8% req_rate=0.00/min idle=False
2026-05-17 21:13:41,294 [INFO] LOAD cpu=25.5% mem=+24.9% req_rate=0.00/min idle=False
2026-05-17 21:13:52,296 [INFO] LOAD cpu=30.6% mem=+24.7% req_rate=0.00/min idle=False
2026-05-17 21:14:03,297 [INFO] LOAD cpu=33.6% mem=+25.0% req_rate=0.00/min idle=False
2026-05-17 21:14:14,298 [INFO] LOAD cpu=30.1% mem=+25.1% req_rate=0.00/min idle=False
2026-05-17 21:14:25,300 [INFO] LOAD cpu=38.4% mem=+25.0% req_rate=0.00/min idle=False
2026-05-17 21:14:36,301 [INFO] LOAD cpu=35.1% mem=+24.8% req_rate=0.00/min idle=False
2026-05-17 21:14:50,736 [INFO] LOAD cpu=33.8% mem=+24.8% req_rate=0.00/min idle=False
2026-05-17 21:15:01,737 [INFO] LOAD cpu=32.4% mem=+24.5% req_rate=0.00/min idle=False
2026-05-17 21:15:12,739 [INFO] LOAD cpu=34.0% mem=+24.5% req_rate=0.00/min idle=False
2026-05-17 21:15:23,740 [INFO] LOAD cpu=36.3% mem=+24.6% req_rate=0.00/min idle=False
2026-05-17 21:15:34,741 [INFO] LOAD cpu=25.1% mem=+24.7% req_rate=0.00/min idle=False
2026-05-17 21:15:45,743 [INFO] LOAD cpu=33.2% mem=+24.7% req_rate=0.00/min idle=False
2026-05-17 21:16:00,461 [INFO] LOAD cpu=31.2% mem=+24.6% req_rate=0.00/min idle=False
2026-05-17 21:16:11,462 [INFO] LOAD cpu=37.5% mem=+24.7% req_rate=0.00/min idle=False
2026-05-17 21:16:22,464 [INFO] LOAD cpu=36.4% mem=+24.8% req_rate=0.00/min idle=False
2026-05-17 21:16:33,466 [INFO] LOAD cpu=34.8% mem=+24.7% req_rate=0.00/min idle=False
2026-05-17 21:16:44,467 [INFO] LOAD cpu=27.3% mem=+24.9% req_rate=0.00/min idle=False
2026-05-17 21:16:55,469 [INFO] LOAD cpu=28.9% mem=+24.8% req_rate=0.00/min idle=False
2026-05-17 21:17:09,624 [INFO] LOAD cpu=35.0% mem=+24.7% req_rate=0.00/min idle=False
2026-05-17 21:17:20,626 [INFO] LOAD cpu=33.2% mem=+24.9% req_rate=0.00/min idle=False
2026-05-17 21:17:31,627 [INFO] LOAD cpu=35.2% mem=+24.8% req_rate=0.00/min idle=False
2026-05-17 21:17:42,629 [INFO] LOAD cpu=37.7% mem=+24.8% req_rate=0.00/min idle=False
2026-05-17 21:17:53,630 [INFO] LOAD cpu=29.4% mem=+24.7% req_rate=0.00/min idle=False
2026-05-17 21:18:04,632 [INFO] LOAD cpu=30.0% mem=+24.7% req_rate=0.00/min idle=False
2026-05-17 21:18:20,031 [INFO] LOAD cpu=31.2% mem=+24.8% req_rate=0.00/min idle=False
2026-05-17 21:18:31,033 [INFO] LOAD cpu=25.5% mem=+24.8% req_rate=0.00/min idle=False
2026-05-17 21:18:42,034 [INFO] LOAD cpu=31.4% mem=+25.0% req_rate=0.00/min idle=False
2026-05-17 21:18:53,036 [INFO] LOAD cpu=43.0% mem=+24.8% req_rate=0.00/min idle=False
2026-05-17 21:19:04,038 [INFO] LOAD cpu=32.9% mem=+24.7% req_rate=0.00/min idle=False
2026-05-17 21:19:15,039 [INFO] LOAD cpu=35.9% mem=+24.8% req_rate=0.00/min idle=False
2026-05-17 21:19:29,130 [INFO] LOAD cpu=29.8% mem=+24.9% req_rate=0.00/min idle=False
2026-05-17 21:19:40,132 [INFO] LOAD cpu=37.0% mem=+24.8% req_rate=0.00/min idle=False
2026-05-17 21:19:51,133 [INFO] LOAD cpu=30.1% mem=+24.8% req_rate=0.00/min idle=False
2026-05-17 21:20:02,135 [INFO] LOAD cpu=39.8% mem=+24.9% req_rate=0.00/min idle=False
2026-05-17 21:20:13,136 [INFO] LOAD cpu=46.7% mem=+25.2% req_rate=0.00/min idle=False
2026-05-17 21:20:24,138 [INFO] LOAD cpu=44.0% mem=+25.2% req_rate=0.00/min idle=False
2026-05-17 21:20:39,078 [INFO] LOAD cpu=43.1% mem=+25.1% req_rate=0.00/min idle=False
2026-05-17 21:20:50,080 [INFO] LOAD cpu=34.7% mem=+25.1% req_rate=0.00/min idle=False
2026-05-17 21:21:01,081 [INFO] LOAD cpu=30.9% mem=+24.9% req_rate=0.00/min idle=False
2026-05-17 21:21:12,083 [INFO] LOAD cpu=39.5% mem=+25.0% req_rate=0.00/min idle=False
2026-05-17 21:21:23,085 [INFO] LOAD cpu=32.0% mem=+25.1% req_rate=0.00/min idle=False
2026-05-17 21:21:34,086 [INFO] LOAD cpu=33.3% mem=+25.0% req_rate=0.00/min idle=False
2026-05-17 21:21:48,817 [INFO] LOAD cpu=31.5% mem=+25.1% req_rate=0.00/min idle=False
2026-05-17 21:21:59,819 [INFO] LOAD cpu=35.5% mem=+25.1% req_rate=0.00/min idle=False
2026-05-17 21:22:10,820 [INFO] LOAD cpu=23.9% mem=+25.0% req_rate=0.00/min idle=False
2026-05-17 21:22:21,822 [INFO] LOAD cpu=25.7% mem=+25.2% req_rate=0.00/min idle=False
2026-05-17 21:22:32,824 [INFO] LOAD cpu=38.4% mem=+25.3% req_rate=0.00/min idle=False
2026-05-17 21:22:43,825 [INFO] LOAD cpu=29.2% mem=+25.1% req_rate=0.00/min idle=False
2026-05-17 21:22:58,196 [INFO] LOAD cpu=24.7% mem=+25.1% req_rate=0.00/min idle=False
2026-05-17 21:23:09,197 [INFO] LOAD cpu=30.7% mem=+25.2% req_rate=0.00/min idle=False
2026-05-17 21:23:20,199 [INFO] LOAD cpu=13.6% mem=+26.1% req_rate=0.00/min idle=False
2026-05-17 21:23:31,200 [INFO] LOAD cpu=23.7% mem=+25.2% req_rate=0.00/min idle=False
2026-05-17 21:23:42,201 [INFO] LOAD cpu=16.6% mem=+23.5% req_rate=0.00/min idle=False
2026-05-17 21:23:53,203 [INFO] LOAD cpu=31.8% mem=+27.5% req_rate=5.45/min idle=False
2026-05-17 21:24:08,728 [INFO] LOAD cpu=19.6% mem=+26.1% req_rate=15.46/min idle=False
2026-05-17 21:24:19,729 [INFO] LOAD cpu=11.7% mem=+24.0% req_rate=0.00/min idle=False
2026-05-17 21:24:30,731 [INFO] LOAD cpu=16.1% mem=+23.7% req_rate=0.00/min idle=False
2026-05-17 21:24:41,732 [INFO] LOAD cpu=24.6% mem=+23.5% req_rate=0.00/min idle=False
2026-05-17 21:24:52,733 [INFO] LOAD cpu=25.7% mem=+23.0% req_rate=0.00/min idle=False
2026-05-17 21:25:03,735 [INFO] LOAD cpu=17.7% mem=+22.9% req_rate=0.00/min idle=False
2026-05-17 21:25:17,974 [INFO] LOAD cpu=20.1% mem=+22.9% req_rate=0.00/min idle=False
2026-05-17 21:25:28,975 [INFO] LOAD cpu=17.6% mem=+22.5% req_rate=0.00/min idle=False
2026-05-17 21:25:39,977 [INFO] LOAD cpu=17.6% mem=+22.5% req_rate=0.00/min idle=False
2026-05-17 21:25:50,978 [INFO] LOAD cpu=17.3% mem=+22.6% req_rate=0.00/min idle=False
2026-05-17 21:26:01,980 [INFO] LOAD cpu=17.4% mem=+22.5% req_rate=0.00/min idle=False
2026-05-17 21:26:12,981 [INFO] LOAD cpu=19.9% mem=+22.7% req_rate=0.00/min idle=False
2026-05-17 21:26:27,003 [INFO] LOAD cpu=17.8% mem=+22.7% req_rate=0.00/min idle=False
2026-05-17 21:26:38,004 [INFO] LOAD cpu=22.7% mem=+22.8% req_rate=0.00/min idle=False
2026-05-17 21:26:49,006 [INFO] LOAD cpu=17.5% mem=+22.8% req_rate=0.00/min idle=False
2026-05-17 21:27:00,007 [INFO] LOAD cpu=18.2% mem=+22.8% req_rate=0.00/min idle=False
2026-05-17 21:27:11,009 [INFO] LOAD cpu=23.2% mem=+22.9% req_rate=0.00/min idle=False
2026-05-17 21:27:22,010 [INFO] LOAD cpu=18.9% mem=+23.0% req_rate=0.00/min idle=False
2026-05-17 21:27:36,030 [INFO] LOAD cpu=26.1% mem=+22.9% req_rate=0.00/min idle=False
2026-05-17 21:27:47,032 [INFO] LOAD cpu=20.4% mem=+23.1% req_rate=0.00/min idle=False
2026-05-17 21:27:58,033 [INFO] LOAD cpu=23.3% mem=+25.6% req_rate=0.00/min idle=False
2026-05-17 21:28:09,035 [INFO] LOAD cpu=14.5% mem=+25.0% req_rate=0.00/min idle=False
2026-05-17 21:28:20,036 [INFO] LOAD cpu=17.1% mem=+25.2% req_rate=0.00/min idle=False
2026-05-17 21:28:31,037 [INFO] LOAD cpu=17.6% mem=+24.2% req_rate=0.00/min idle=False
2026-05-17 21:28:46,028 [INFO] LOAD cpu=22.2% mem=+26.7% req_rate=0.00/min idle=False
2026-05-17 21:28:57,030 [INFO] LOAD cpu=7.3% mem=+28.7% req_rate=0.00/min idle=False
2026-05-17 21:29:08,031 [INFO] LOAD cpu=17.0% mem=+28.7% req_rate=0.00/min idle=False
2026-05-17 21:29:19,032 [INFO] LOAD cpu=8.1% mem=+28.4% req_rate=0.00/min idle=False
2026-05-17 21:29:30,034 [INFO] LOAD cpu=9.0% mem=+28.3% req_rate=0.00/min idle=False
2026-05-17 21:29:41,035 [INFO] LOAD cpu=18.3% mem=+30.0% req_rate=0.00/min idle=False
2026-05-17 21:29:55,413 [INFO] LOAD cpu=10.9% mem=+29.3% req_rate=0.00/min idle=False
2026-05-17 21:30:06,414 [INFO] LOAD cpu=21.6% mem=+28.3% req_rate=0.00/min idle=False
2026-05-17 21:30:17,415 [INFO] LOAD cpu=30.7% mem=+28.3% req_rate=0.00/min idle=False
2026-05-17 21:30:28,417 [INFO] LOAD cpu=12.2% mem=+28.0% req_rate=0.00/min idle=False
2026-05-17 21:30:39,418 [INFO] LOAD cpu=9.5% mem=+27.4% req_rate=0.00/min idle=False
2026-05-17 21:30:50,420 [INFO] LOAD cpu=20.8% mem=+27.6% req_rate=0.00/min idle=False
2026-05-17 21:31:04,251 [INFO] LOAD cpu=31.6% mem=+26.7% req_rate=0.00/min idle=False
2026-05-17 21:31:15,253 [INFO] LOAD cpu=34.5% mem=+26.6% req_rate=0.00/min idle=False
2026-05-17 21:31:26,254 [INFO] LOAD cpu=26.3% mem=+26.4% req_rate=0.00/min idle=False
2026-05-17 21:31:37,256 [INFO] LOAD cpu=19.5% mem=+27.0% req_rate=0.00/min idle=False
2026-05-17 21:31:48,257 [INFO] LOAD cpu=15.3% mem=+28.5% req_rate=0.00/min idle=False
2026-05-17 21:31:59,259 [INFO] LOAD cpu=11.1% mem=+27.9% req_rate=0.00/min idle=False
2026-05-17 21:32:13,765 [INFO] LOAD cpu=35.9% mem=+27.6% req_rate=0.00/min idle=False
2026-05-17 21:32:24,767 [INFO] LOAD cpu=38.1% mem=+27.2% req_rate=0.00/min idle=False
2026-05-17 21:32:35,770 [INFO] LOAD cpu=37.8% mem=+27.2% req_rate=0.00/min idle=False
2026-05-17 21:32:46,772 [INFO] LOAD cpu=18.9% mem=+26.9% req_rate=0.00/min idle=False
2026-05-17 21:32:57,773 [INFO] LOAD cpu=14.6% mem=+27.0% req_rate=0.00/min idle=False
2026-05-17 21:33:08,774 [INFO] LOAD cpu=21.5% mem=+27.0% req_rate=0.00/min idle=False
2026-05-17 21:33:24,637 [INFO] LOAD cpu=33.9% mem=+26.7% req_rate=0.00/min idle=False
2026-05-17 21:33:35,638 [INFO] LOAD cpu=36.1% mem=+26.7% req_rate=0.00/min idle=False
2026-05-17 21:33:46,639 [INFO] LOAD cpu=44.1% mem=+26.4% req_rate=0.00/min idle=False
2026-05-17 21:33:57,641 [INFO] LOAD cpu=34.4% mem=+26.6% req_rate=0.00/min idle=False
2026-05-17 21:34:08,642 [INFO] LOAD cpu=32.1% mem=+26.5% req_rate=0.00/min idle=False
2026-05-17 21:34:19,644 [INFO] LOAD cpu=28.6% mem=+26.5% req_rate=0.00/min idle=False
2026-05-17 21:34:34,199 [INFO] LOAD cpu=39.2% mem=+26.7% req_rate=0.00/min idle=False
2026-05-17 21:34:45,200 [INFO] LOAD cpu=31.0% mem=+26.6% req_rate=0.00/min idle=False
2026-05-17 21:34:56,202 [INFO] LOAD cpu=39.0% mem=+26.4% req_rate=0.00/min idle=False
2026-05-17 21:35:07,203 [INFO] LOAD cpu=15.8% mem=+26.5% req_rate=0.00/min idle=False
2026-05-17 21:35:18,204 [INFO] LOAD cpu=14.5% mem=+26.8% req_rate=0.00/min idle=False
2026-05-17 21:35:29,206 [INFO] LOAD cpu=8.7% mem=+26.8% req_rate=0.00/min idle=False
2026-05-17 21:35:44,111 [INFO] LOAD cpu=13.7% mem=+26.5% req_rate=0.00/min idle=False
2026-05-17 21:35:55,113 [INFO] LOAD cpu=9.7% mem=+26.5% req_rate=0.00/min idle=False
2026-05-17 21:36:06,114 [INFO] LOAD cpu=22.5% mem=+26.4% req_rate=0.00/min idle=False
2026-05-17 21:36:17,116 [INFO] LOAD cpu=16.7% mem=+26.9% req_rate=0.00/min idle=False
2026-05-17 21:36:28,117 [INFO] LOAD cpu=12.2% mem=+26.7% req_rate=0.00/min idle=False
2026-05-17 21:36:39,118 [INFO] LOAD cpu=9.9% mem=+26.7% req_rate=0.00/min idle=False
2026-05-17 21:36:53,810 [INFO] LOAD cpu=31.4% mem=+26.7% req_rate=0.00/min idle=False
2026-05-17 21:37:04,812 [INFO] LOAD cpu=34.0% mem=+26.5% req_rate=0.00/min idle=False
2026-05-17 21:37:15,813 [INFO] LOAD cpu=34.2% mem=+26.5% req_rate=0.00/min idle=False
2026-05-17 21:37:26,815 [INFO] LOAD cpu=36.8% mem=+26.3% req_rate=0.00/min idle=False
2026-05-17 21:37:37,816 [INFO] LOAD cpu=40.2% mem=+26.6% req_rate=0.00/min idle=False
2026-05-17 21:37:48,818 [INFO] LOAD cpu=31.0% mem=+26.7% req_rate=0.00/min idle=False
2026-05-17 21:38:03,096 [INFO] LOAD cpu=12.1% mem=+26.9% req_rate=0.00/min idle=False
2026-05-17 21:38:14,097 [INFO] LOAD cpu=32.2% mem=+26.6% req_rate=0.00/min idle=False
2026-05-17 21:38:25,098 [INFO] LOAD cpu=30.7% mem=+26.4% req_rate=0.00/min idle=False
2026-05-17 21:38:36,100 [INFO] LOAD cpu=31.9% mem=+26.5% req_rate=0.00/min idle=False
2026-05-17 21:38:47,102 [INFO] LOAD cpu=34.9% mem=+26.3% req_rate=0.00/min idle=False
2026-05-17 21:38:58,103 [INFO] LOAD cpu=36.7% mem=+26.4% req_rate=0.00/min idle=False
2026-05-17 21:39:12,336 [INFO] LOAD cpu=41.5% mem=+26.6% req_rate=0.00/min idle=False
2026-05-17 21:39:23,338 [INFO] LOAD cpu=35.3% mem=+26.6% req_rate=0.00/min idle=False
2026-05-17 21:39:34,339 [INFO] LOAD cpu=31.8% mem=+26.4% req_rate=0.00/min idle=False
2026-05-17 21:39:45,341 [INFO] LOAD cpu=33.0% mem=+26.3% req_rate=0.00/min idle=False
2026-05-17 21:39:56,342 [INFO] LOAD cpu=33.4% mem=+26.4% req_rate=0.00/min idle=False
2026-05-17 21:40:07,344 [INFO] LOAD cpu=20.5% mem=+26.9% req_rate=0.00/min idle=False
2026-05-17 21:40:22,783 [INFO] LOAD cpu=33.2% mem=+26.8% req_rate=0.00/min idle=False
2026-05-17 21:40:33,785 [INFO] LOAD cpu=33.1% mem=+26.9% req_rate=0.00/min idle=False
2026-05-17 21:40:44,786 [INFO] LOAD cpu=30.5% mem=+26.7% req_rate=0.00/min idle=False
2026-05-17 21:40:55,788 [INFO] LOAD cpu=36.5% mem=+26.8% req_rate=0.00/min idle=False
2026-05-17 21:41:06,790 [INFO] LOAD cpu=39.9% mem=+27.0% req_rate=0.00/min idle=False
2026-05-17 21:41:17,791 [INFO] LOAD cpu=33.8% mem=+27.0% req_rate=0.00/min idle=False
2026-05-17 21:41:32,524 [INFO] LOAD cpu=32.5% mem=+26.8% req_rate=0.00/min idle=False
2026-05-17 21:41:43,526 [INFO] LOAD cpu=32.0% mem=+26.7% req_rate=0.00/min idle=False
2026-05-17 21:41:54,527 [INFO] LOAD cpu=33.9% mem=+26.6% req_rate=0.00/min idle=False
2026-05-17 21:42:05,529 [INFO] LOAD cpu=29.4% mem=+26.4% req_rate=0.00/min idle=False
2026-05-17 21:42:16,530 [INFO] LOAD cpu=33.8% mem=+26.6% req_rate=0.00/min idle=False
2026-05-17 21:42:27,532 [INFO] LOAD cpu=31.8% mem=+26.5% req_rate=0.00/min idle=False
2026-05-17 21:42:41,920 [INFO] LOAD cpu=36.1% mem=+26.5% req_rate=0.00/min idle=False
2026-05-17 21:42:52,921 [INFO] LOAD cpu=41.0% mem=+26.5% req_rate=0.00/min idle=False
2026-05-17 21:43:03,923 [INFO] LOAD cpu=28.5% mem=+26.6% req_rate=0.00/min idle=False
2026-05-17 21:43:14,924 [INFO] LOAD cpu=32.2% mem=+26.8% req_rate=0.00/min idle=False
2026-05-17 21:43:25,926 [INFO] LOAD cpu=30.8% mem=+26.6% req_rate=0.00/min idle=False
2026-05-17 21:43:36,928 [INFO] LOAD cpu=33.9% mem=+26.8% req_rate=0.00/min idle=False
2026-05-17 21:43:51,362 [INFO] LOAD cpu=38.2% mem=+26.8% req_rate=0.00/min idle=False
2026-05-17 21:44:02,363 [INFO] LOAD cpu=33.4% mem=+26.7% req_rate=0.00/min idle=False
2026-05-17 21:44:13,365 [INFO] LOAD cpu=35.7% mem=+26.9% req_rate=0.00/min idle=False
2026-05-17 21:44:24,367 [INFO] LOAD cpu=31.7% mem=+26.6% req_rate=0.00/min idle=False
2026-05-17 21:44:35,368 [INFO] LOAD cpu=28.5% mem=+26.5% req_rate=0.00/min idle=False
2026-05-17 21:44:46,370 [INFO] LOAD cpu=32.6% mem=+26.6% req_rate=0.00/min idle=False
2026-05-17 21:45:00,745 [INFO] LOAD cpu=34.3% mem=+26.5% req_rate=0.00/min idle=False
2026-05-17 21:45:11,746 [INFO] LOAD cpu=33.7% mem=+26.7% req_rate=0.00/min idle=False
2026-05-17 21:45:22,748 [INFO] LOAD cpu=34.5% mem=+26.7% req_rate=0.00/min idle=False
2026-05-17 21:45:33,749 [INFO] LOAD cpu=35.5% mem=+26.6% req_rate=0.00/min idle=False
2026-05-17 21:45:44,751 [INFO] LOAD cpu=29.9% mem=+26.6% req_rate=0.00/min idle=False
2026-05-17 21:45:55,753 [INFO] LOAD cpu=31.8% mem=+26.6% req_rate=0.00/min idle=False
2026-05-17 21:46:10,198 [INFO] LOAD cpu=27.8% mem=+26.5% req_rate=0.00/min idle=False
2026-05-17 21:46:21,201 [INFO] LOAD cpu=26.9% mem=+26.7% req_rate=0.00/min idle=False
2026-05-17 21:46:32,202 [INFO] LOAD cpu=31.1% mem=+26.6% req_rate=0.00/min idle=False
2026-05-17 21:46:43,203 [INFO] LOAD cpu=38.6% mem=+26.4% req_rate=0.00/min idle=False
2026-05-17 21:46:54,205 [INFO] LOAD cpu=30.8% mem=+26.4% req_rate=0.00/min idle=False
2026-05-17 21:47:05,206 [INFO] LOAD cpu=37.1% mem=+26.4% req_rate=0.00/min idle=False
2026-05-17 21:47:19,298 [INFO] LOAD cpu=36.2% mem=+26.4% req_rate=0.00/min idle=False
2026-05-17 21:47:30,299 [INFO] LOAD cpu=36.5% mem=+26.9% req_rate=0.00/min idle=False
2026-05-17 21:47:41,301 [INFO] LOAD cpu=32.0% mem=+26.8% req_rate=0.00/min idle=False
2026-05-17 21:47:52,303 [INFO] LOAD cpu=33.7% mem=+26.7% req_rate=0.00/min idle=False
2026-05-17 21:48:03,304 [INFO] LOAD cpu=37.1% mem=+26.7% req_rate=0.00/min idle=False
2026-05-17 21:48:14,306 [INFO] LOAD cpu=31.0% mem=+27.1% req_rate=0.00/min idle=False
2026-05-17 21:48:29,435 [INFO] LOAD cpu=32.3% mem=+26.8% req_rate=0.00/min idle=False
2026-05-17 21:48:40,436 [INFO] LOAD cpu=31.2% mem=+26.8% req_rate=0.00/min idle=False
2026-05-17 21:48:51,438 [INFO] LOAD cpu=30.7% mem=+27.0% req_rate=0.00/min idle=False
2026-05-17 21:49:02,439 [INFO] LOAD cpu=29.7% mem=+26.9% req_rate=0.00/min idle=False
2026-05-17 21:49:13,441 [INFO] LOAD cpu=28.1% mem=+26.9% req_rate=0.00/min idle=False
2026-05-17 21:49:24,443 [INFO] LOAD cpu=29.7% mem=+26.9% req_rate=0.00/min idle=False
2026-05-17 21:49:38,726 [INFO] LOAD cpu=30.1% mem=+26.9% req_rate=0.00/min idle=False
2026-05-17 21:49:49,728 [INFO] LOAD cpu=39.1% mem=+26.8% req_rate=0.00/min idle=False
2026-05-17 21:50:00,729 [INFO] LOAD cpu=35.5% mem=+26.8% req_rate=0.00/min idle=False
2026-05-17 21:50:11,731 [INFO] LOAD cpu=36.7% mem=+27.0% req_rate=0.00/min idle=False
2026-05-17 21:50:22,732 [INFO] LOAD cpu=32.2% mem=+26.7% req_rate=0.00/min idle=False
2026-05-17 21:50:33,734 [INFO] LOAD cpu=33.2% mem=+27.5% req_rate=0.00/min idle=False
2026-05-17 21:50:48,412 [INFO] LOAD cpu=35.2% mem=+27.3% req_rate=0.00/min idle=False
2026-05-17 21:50:59,414 [INFO] LOAD cpu=35.3% mem=+27.3% req_rate=0.00/min idle=False
2026-05-17 21:51:10,415 [INFO] LOAD cpu=26.9% mem=+27.0% req_rate=0.00/min idle=False
2026-05-17 21:51:21,417 [INFO] LOAD cpu=28.3% mem=+27.1% req_rate=0.00/min idle=False
2026-05-17 21:51:32,418 [INFO] LOAD cpu=30.1% mem=+26.9% req_rate=0.00/min idle=False
2026-05-17 21:51:43,419 [INFO] LOAD cpu=21.2% mem=+22.9% req_rate=0.00/min idle=False
2026-05-17 21:51:57,462 [INFO] LOAD cpu=2.8% mem=+6.0% req_rate=0.00/min idle=False
2026-05-17 21:52:08,464 [INFO] LOAD cpu=15.7% mem=+6.7% req_rate=0.00/min idle=False
2026-05-17 21:52:19,465 [INFO] LOAD cpu=10.2% mem=+5.6% req_rate=0.00/min idle=False
2026-05-17 21:52:30,466 [INFO] LOAD cpu=6.6% mem=+5.3% req_rate=0.00/min idle=False
2026-05-17 21:52:41,468 [INFO] LOAD cpu=9.0% mem=+5.1% req_rate=0.00/min idle=False
2026-05-17 21:52:52,469 [INFO] LOAD cpu=7.9% mem=+5.3% req_rate=0.00/min idle=False
2026-05-17 21:53:06,331 [INFO] LOAD cpu=2.6% mem=+4.6% req_rate=0.00/min idle=True
2026-05-17 21:53:17,332 [INFO] LOAD cpu=1.8% mem=+4.5% req_rate=0.00/min idle=True
2026-05-17 21:53:28,333 [INFO] LOAD cpu=2.8% mem=+3.9% req_rate=0.00/min idle=True
2026-05-17 21:53:39,335 [INFO] LOAD cpu=3.5% mem=+3.9% req_rate=0.00/min idle=True
2026-05-17 21:53:50,336 [INFO] LOAD cpu=2.3% mem=+3.9% req_rate=0.00/min idle=True
2026-05-17 21:54:01,337 [INFO] LOAD cpu=1.5% mem=+3.9% req_rate=0.00/min idle=True
2026-05-17 21:54:15,168 [INFO] LOAD cpu=1.3% mem=+4.0% req_rate=0.00/min idle=True
2026-05-17 21:54:26,169 [INFO] LOAD cpu=2.0% mem=+4.0% req_rate=0.00/min idle=True
2026-05-17 21:54:37,170 [INFO] LOAD cpu=1.6% mem=+4.0% req_rate=0.00/min idle=True
2026-05-17 21:54:48,172 [INFO] LOAD cpu=2.8% mem=+4.0% req_rate=0.00/min idle=True
2026-05-17 21:54:59,173 [INFO] LOAD cpu=6.3% mem=+4.1% req_rate=0.00/min idle=True
2026-05-17 21:55:10,174 [INFO] LOAD cpu=1.3% mem=+4.0% req_rate=0.00/min idle=True
2026-05-17 21:55:23,721 [INFO] LOAD cpu=2.9% mem=+4.2% req_rate=0.00/min idle=True
2026-05-17 21:55:34,722 [INFO] LOAD cpu=1.9% mem=+4.1% req_rate=0.00/min idle=True
2026-05-17 21:55:45,723 [INFO] LOAD cpu=1.6% mem=+4.1% req_rate=0.00/min idle=True
2026-05-17 21:55:56,725 [INFO] LOAD cpu=2.0% mem=+4.1% req_rate=0.00/min idle=True
2026-05-17 21:56:07,726 [INFO] LOAD cpu=1.8% mem=+4.1% req_rate=0.00/min idle=True
2026-05-17 21:56:18,727 [INFO] LOAD cpu=7.0% mem=+4.1% req_rate=0.00/min idle=True
2026-05-17 21:56:32,507 [INFO] LOAD cpu=1.7% mem=+4.1% req_rate=0.00/min idle=True
2026-05-17 21:56:43,508 [INFO] LOAD cpu=3.2% mem=+4.1% req_rate=0.00/min idle=True
2026-05-17 21:56:54,509 [INFO] LOAD cpu=1.2% mem=+4.0% req_rate=0.00/min idle=True
2026-05-17 21:57:05,511 [INFO] LOAD cpu=1.3% mem=+4.1% req_rate=0.00/min idle=True
2026-05-17 21:57:16,512 [INFO] LOAD cpu=1.8% mem=+4.0% req_rate=0.00/min idle=True
2026-05-17 21:57:27,513 [INFO] LOAD cpu=1.9% mem=+4.0% req_rate=0.00/min idle=True
2026-05-17 21:57:41,373 [INFO] LOAD cpu=1.5% mem=+4.1% req_rate=0.00/min idle=True
2026-05-17 21:57:52,374 [INFO] LOAD cpu=1.6% mem=+3.9% req_rate=0.00/min idle=True
2026-05-17 21:58:03,376 [INFO] LOAD cpu=3.2% mem=+4.1% req_rate=0.00/min idle=True
2026-05-17 21:58:14,377 [INFO] LOAD cpu=1.6% mem=+4.0% req_rate=0.00/min idle=True
2026-05-17 21:58:25,378 [INFO] LOAD cpu=1.3% mem=+4.0% req_rate=0.00/min idle=True
2026-05-17 21:58:36,380 [INFO] LOAD cpu=5.3% mem=+4.1% req_rate=0.00/min idle=True
2026-05-17 21:58:50,258 [INFO] LOAD cpu=1.5% mem=+3.3% req_rate=0.00/min idle=True
2026-05-17 21:59:01,259 [INFO] LOAD cpu=1.6% mem=+3.1% req_rate=0.00/min idle=True
2026-05-17 21:59:12,261 [INFO] LOAD cpu=2.0% mem=+3.1% req_rate=0.00/min idle=True
2026-05-17 21:59:23,262 [INFO] LOAD cpu=2.4% mem=+3.0% req_rate=0.00/min idle=True
2026-05-17 21:59:34,264 [INFO] LOAD cpu=1.9% mem=+3.0% req_rate=0.00/min idle=True
2026-05-17 21:59:45,265 [INFO] LOAD cpu=1.7% mem=+3.1% req_rate=0.00/min idle=True
2026-05-17 21:59:59,287 [INFO] LOAD cpu=2.2% mem=+3.1% req_rate=0.00/min idle=True
2026-05-17 22:00:10,288 [INFO] LOAD cpu=1.5% mem=+3.0% req_rate=0.00/min idle=True
2026-05-17 22:00:21,289 [INFO] LOAD cpu=1.9% mem=+3.2% req_rate=0.00/min idle=True
2026-05-17 22:00:32,291 [INFO] LOAD cpu=2.0% mem=+3.0% req_rate=0.00/min idle=True
2026-05-17 22:00:43,292 [INFO] LOAD cpu=2.6% mem=+3.0% req_rate=0.00/min idle=True
2026-05-17 22:00:54,293 [INFO] LOAD cpu=2.3% mem=+2.9% req_rate=0.00/min idle=True
2026-05-17 22:01:08,460 [INFO] LOAD cpu=3.1% mem=+2.9% req_rate=0.00/min idle=True
2026-05-17 22:01:19,462 [INFO] LOAD cpu=1.9% mem=+3.0% req_rate=0.00/min idle=True
2026-05-17 22:01:30,463 [INFO] LOAD cpu=1.6% mem=+3.0% req_rate=0.00/min idle=True
2026-05-17 22:01:41,464 [INFO] LOAD cpu=1.8% mem=+2.9% req_rate=0.00/min idle=True
2026-05-17 22:01:52,466 [INFO] LOAD cpu=1.6% mem=+2.8% req_rate=0.00/min idle=True
2026-05-17 22:02:03,467 [INFO] LOAD cpu=2.4% mem=+2.9% req_rate=0.00/min idle=True
2026-05-17 22:02:18,596 [INFO] LOAD cpu=2.9% mem=+2.9% req_rate=0.00/min idle=True
2026-05-17 22:02:29,597 [INFO] LOAD cpu=2.0% mem=+3.1% req_rate=0.00/min idle=True
2026-05-17 22:02:40,598 [INFO] LOAD cpu=1.3% mem=+3.1% req_rate=0.00/min idle=True
2026-05-17 22:02:51,600 [INFO] LOAD cpu=1.6% mem=+3.1% req_rate=0.00/min idle=True
2026-05-17 22:03:02,601 [INFO] LOAD cpu=1.9% mem=+3.1% req_rate=0.00/min idle=True
2026-05-17 22:03:13,602 [INFO] LOAD cpu=3.8% mem=+3.3% req_rate=0.00/min idle=True
2026-05-17 22:03:28,183 [INFO] LOAD cpu=5.8% mem=+3.4% req_rate=0.00/min idle=True
2026-05-17 22:03:39,185 [INFO] LOAD cpu=3.6% mem=+3.3% req_rate=0.00/min idle=True
2026-05-17 22:03:50,186 [INFO] LOAD cpu=1.6% mem=+3.2% req_rate=0.00/min idle=True
2026-05-17 22:04:01,187 [INFO] LOAD cpu=1.8% mem=+3.2% req_rate=0.00/min idle=True
2026-05-17 22:04:12,189 [INFO] LOAD cpu=1.6% mem=+3.3% req_rate=0.00/min idle=True
2026-05-17 22:04:23,190 [INFO] LOAD cpu=3.0% mem=+3.2% req_rate=0.00/min idle=True
2026-05-17 22:04:37,951 [INFO] LOAD cpu=1.5% mem=+3.2% req_rate=0.00/min idle=True
2026-05-17 22:04:48,952 [INFO] LOAD cpu=3.0% mem=+3.1% req_rate=0.00/min idle=True
2026-05-17 22:04:59,953 [INFO] LOAD cpu=2.3% mem=+3.1% req_rate=0.00/min idle=True
2026-05-17 22:05:10,955 [INFO] LOAD cpu=6.9% mem=+3.2% req_rate=0.00/min idle=True
2026-05-17 22:05:21,956 [INFO] LOAD cpu=1.5% mem=+3.3% req_rate=0.00/min idle=True
2026-05-17 22:05:32,958 [INFO] LOAD cpu=12.2% mem=+3.0% req_rate=0.00/min idle=False
2026-05-17 22:05:47,057 [INFO] LOAD cpu=1.6% mem=+3.1% req_rate=0.00/min idle=True
2026-05-17 22:05:58,058 [INFO] LOAD cpu=1.6% mem=+3.1% req_rate=0.00/min idle=True
2026-05-17 22:06:09,060 [INFO] LOAD cpu=3.2% mem=+3.1% req_rate=0.00/min idle=True
2026-05-17 22:06:20,061 [INFO] LOAD cpu=1.8% mem=+3.1% req_rate=0.00/min idle=True
2026-05-17 22:06:31,063 [INFO] LOAD cpu=1.9% mem=+3.0% req_rate=0.00/min idle=True
2026-05-17 22:06:42,064 [INFO] LOAD cpu=1.8% mem=+3.1% req_rate=0.00/min idle=True
2026-05-17 22:06:57,695 [INFO] LOAD cpu=5.0% mem=+3.0% req_rate=0.00/min idle=True
2026-05-17 22:07:08,696 [INFO] LOAD cpu=3.0% mem=+3.1% req_rate=0.00/min idle=True
2026-05-17 22:07:19,697 [INFO] LOAD cpu=1.7% mem=+3.2% req_rate=0.00/min idle=True
2026-05-17 22:07:30,698 [INFO] LOAD cpu=2.1% mem=+3.1% req_rate=0.00/min idle=True
2026-05-17 22:07:41,700 [INFO] LOAD cpu=2.1% mem=+3.2% req_rate=0.00/min idle=True
2026-05-17 22:07:52,701 [INFO] LOAD cpu=1.6% mem=+3.0% req_rate=0.00/min idle=True
2026-05-17 22:08:07,540 [INFO] LOAD cpu=1.9% mem=+3.0% req_rate=0.00/min idle=True
2026-05-17 22:08:18,541 [INFO] LOAD cpu=2.8% mem=+3.2% req_rate=0.00/min idle=True
2026-05-17 22:08:29,542 [INFO] LOAD cpu=2.8% mem=+3.2% req_rate=0.00/min idle=True
2026-05-17 22:08:40,544 [INFO] LOAD cpu=1.5% mem=+3.1% req_rate=0.00/min idle=True
2026-05-17 22:08:51,545 [INFO] LOAD cpu=1.4% mem=+3.1% req_rate=0.00/min idle=True
2026-05-17 22:09:02,546 [INFO] LOAD cpu=1.9% mem=+3.0% req_rate=0.00/min idle=True
2026-05-17 22:09:17,618 [INFO] LOAD cpu=4.3% mem=+3.1% req_rate=0.00/min idle=True
2026-05-17 22:09:28,620 [INFO] LOAD cpu=2.7% mem=+3.2% req_rate=0.00/min idle=True
2026-05-17 22:09:39,621 [INFO] LOAD cpu=2.3% mem=+3.2% req_rate=0.00/min idle=True
2026-05-17 22:09:50,622 [INFO] LOAD cpu=1.8% mem=+3.1% req_rate=0.00/min idle=True
2026-05-17 22:10:01,624 [INFO] LOAD cpu=1.6% mem=+3.1% req_rate=0.00/min idle=True
2026-05-17 22:10:12,625 [INFO] LOAD cpu=1.8% mem=+3.1% req_rate=0.00/min idle=True
2026-05-17 22:10:27,673 [INFO] LOAD cpu=1.9% mem=+3.1% req_rate=0.00/min idle=True
2026-05-17 22:10:38,675 [INFO] LOAD cpu=3.2% mem=+3.1% req_rate=0.00/min idle=True
2026-05-17 22:10:49,676 [INFO] LOAD cpu=1.5% mem=+3.1% req_rate=0.00/min idle=True
2026-05-17 22:11:00,678 [INFO] LOAD cpu=1.5% mem=+3.2% req_rate=0.00/min idle=True
2026-05-17 22:11:11,679 [INFO] LOAD cpu=3.2% mem=+3.2% req_rate=0.00/min idle=True
2026-05-17 22:11:22,680 [INFO] LOAD cpu=1.5% mem=+3.2% req_rate=0.00/min idle=True
2026-05-17 22:11:36,975 [INFO] LOAD cpu=1.7% mem=+3.1% req_rate=0.00/min idle=True
2026-05-17 22:11:47,976 [INFO] LOAD cpu=2.1% mem=+3.2% req_rate=0.00/min idle=True
2026-05-17 22:11:58,977 [INFO] LOAD cpu=2.7% mem=+3.2% req_rate=0.00/min idle=True
2026-05-17 22:12:09,979 [INFO] LOAD cpu=1.5% mem=+3.1% req_rate=0.00/min idle=True
2026-05-17 22:12:20,980 [INFO] LOAD cpu=1.8% mem=+3.3% req_rate=0.00/min idle=True
2026-05-17 22:12:31,982 [INFO] LOAD cpu=2.3% mem=+3.2% req_rate=0.00/min idle=True
2026-05-17 22:12:46,840 [INFO] LOAD cpu=1.8% mem=+3.2% req_rate=0.00/min idle=True
2026-05-17 22:12:57,841 [INFO] LOAD cpu=2.0% mem=+3.2% req_rate=0.00/min idle=True
2026-05-17 22:13:08,842 [INFO] LOAD cpu=3.3% mem=+3.2% req_rate=0.00/min idle=True
2026-05-17 22:13:19,844 [INFO] LOAD cpu=1.4% mem=+3.2% req_rate=0.00/min idle=True
2026-05-17 22:13:30,845 [INFO] LOAD cpu=1.5% mem=+3.3% req_rate=0.00/min idle=True
2026-05-17 22:13:41,847 [INFO] LOAD cpu=2.1% mem=+3.3% req_rate=0.00/min idle=True
2026-05-17 22:13:56,740 [INFO] LOAD cpu=1.8% mem=+3.3% req_rate=0.00/min idle=True
2026-05-17 22:14:07,742 [INFO] LOAD cpu=2.0% mem=+3.2% req_rate=0.00/min idle=True
2026-05-17 22:14:18,743 [INFO] LOAD cpu=2.5% mem=+3.2% req_rate=0.00/min idle=True
2026-05-17 22:14:29,744 [INFO] LOAD cpu=2.3% mem=+3.3% req_rate=0.00/min idle=True
2026-05-17 22:14:40,746 [INFO] LOAD cpu=1.5% mem=+3.3% req_rate=0.00/min idle=True
2026-05-17 22:14:51,747 [INFO] LOAD cpu=1.8% mem=+3.2% req_rate=0.00/min idle=True
2026-05-17 22:15:06,608 [INFO] LOAD cpu=1.4% mem=+3.3% req_rate=0.00/min idle=True
2026-05-17 22:15:17,610 [INFO] LOAD cpu=10.7% mem=+3.4% req_rate=0.00/min idle=False
2026-05-17 22:15:28,611 [INFO] LOAD cpu=1.3% mem=+3.8% req_rate=0.00/min idle=True
2026-05-17 22:15:39,612 [INFO] LOAD cpu=2.9% mem=+3.3% req_rate=0.00/min idle=True
2026-05-17 22:15:50,614 [INFO] LOAD cpu=1.9% mem=+3.0% req_rate=0.00/min idle=True
2026-05-17 22:16:01,615 [INFO] LOAD cpu=2.1% mem=+3.1% req_rate=0.00/min idle=True
2026-05-17 22:16:15,388 [INFO] LOAD cpu=2.3% mem=+3.0% req_rate=0.00/min idle=True
2026-05-17 22:16:26,389 [INFO] LOAD cpu=1.6% mem=+3.0% req_rate=0.00/min idle=True
2026-05-17 22:16:37,391 [INFO] LOAD cpu=2.7% mem=+3.2% req_rate=0.00/min idle=True
2026-05-17 22:16:48,392 [INFO] LOAD cpu=1.6% mem=+3.0% req_rate=0.00/min idle=True
2026-05-17 22:16:59,393 [INFO] LOAD cpu=3.2% mem=+3.0% req_rate=0.00/min idle=True
2026-05-17 22:17:10,395 [INFO] LOAD cpu=2.3% mem=+2.9% req_rate=0.00/min idle=True
2026-05-17 22:17:25,396 [INFO] LOAD cpu=2.2% mem=+3.0% req_rate=0.00/min idle=True
2026-05-17 22:17:36,397 [INFO] LOAD cpu=1.5% mem=+3.2% req_rate=0.00/min idle=True
2026-05-17 22:17:47,398 [INFO] LOAD cpu=2.0% mem=+3.2% req_rate=0.00/min idle=True
2026-05-17 22:17:58,400 [INFO] LOAD cpu=4.9% mem=+3.1% req_rate=0.00/min idle=True
2026-05-17 22:18:09,401 [INFO] LOAD cpu=2.4% mem=+3.0% req_rate=0.00/min idle=True
2026-05-17 22:18:20,403 [INFO] LOAD cpu=1.8% mem=+3.0% req_rate=0.00/min idle=True
2026-05-17 22:18:34,532 [INFO] LOAD cpu=3.3% mem=+3.0% req_rate=0.00/min idle=True
2026-05-17 22:18:45,533 [INFO] LOAD cpu=1.6% mem=+3.1% req_rate=0.00/min idle=True
2026-05-17 22:18:56,535 [INFO] LOAD cpu=1.4% mem=+3.1% req_rate=0.00/min idle=True
2026-05-17 22:19:07,536 [INFO] LOAD cpu=1.9% mem=+3.1% req_rate=0.00/min idle=True
2026-05-17 22:19:18,537 [INFO] LOAD cpu=2.1% mem=+3.1% req_rate=0.00/min idle=True
2026-05-17 22:19:29,539 [INFO] LOAD cpu=2.7% mem=+3.2% req_rate=0.00/min idle=True
2026-05-17 22:19:44,241 [INFO] LOAD cpu=3.2% mem=+3.1% req_rate=0.00/min idle=True
2026-05-17 22:19:55,243 [INFO] LOAD cpu=1.7% mem=+3.1% req_rate=0.00/min idle=True
2026-05-17 22:20:06,244 [INFO] LOAD cpu=2.6% mem=+3.1% req_rate=0.00/min idle=True
2026-05-17 22:20:17,245 [INFO] LOAD cpu=2.4% mem=+3.4% req_rate=0.00/min idle=True
2026-05-17 22:20:28,247 [INFO] LOAD cpu=1.6% mem=+3.3% req_rate=0.00/min idle=True
2026-05-17 22:20:39,248 [INFO] LOAD cpu=3.0% mem=+3.2% req_rate=0.00/min idle=True
2026-05-17 22:20:54,292 [INFO] LOAD cpu=3.4% mem=+3.2% req_rate=0.00/min idle=True
2026-05-17 22:21:05,293 [INFO] LOAD cpu=1.5% mem=+3.2% req_rate=0.00/min idle=True
2026-05-17 22:21:16,295 [INFO] LOAD cpu=1.4% mem=+3.4% req_rate=0.00/min idle=True
2026-05-17 22:21:27,296 [INFO] LOAD cpu=4.6% mem=+3.3% req_rate=0.00/min idle=True
2026-05-17 22:21:38,298 [INFO] LOAD cpu=1.8% mem=+3.2% req_rate=0.00/min idle=True
2026-05-17 22:21:49,299 [INFO] LOAD cpu=3.5% mem=+3.4% req_rate=0.00/min idle=True
2026-05-17 22:22:02,938 [INFO] LOAD cpu=1.7% mem=+3.3% req_rate=0.00/min idle=True
2026-05-17 22:22:13,940 [INFO] LOAD cpu=2.3% mem=+3.4% req_rate=0.00/min idle=True
2026-05-17 22:22:24,941 [INFO] LOAD cpu=2.8% mem=+3.4% req_rate=0.00/min idle=True
2026-05-17 22:22:35,942 [INFO] LOAD cpu=1.5% mem=+3.2% req_rate=0.00/min idle=True
2026-05-17 22:22:46,944 [INFO] LOAD cpu=2.0% mem=+3.2% req_rate=0.00/min idle=True
2026-05-17 22:22:57,945 [INFO] LOAD cpu=2.0% mem=+3.2% req_rate=0.00/min idle=True
2026-05-17 22:23:12,535 [INFO] LOAD cpu=1.8% mem=+3.3% req_rate=0.00/min idle=True
2026-05-17 22:23:23,537 [INFO] LOAD cpu=1.5% mem=+3.4% req_rate=0.00/min idle=True
2026-05-17 22:23:34,538 [INFO] LOAD cpu=3.6% mem=+3.4% req_rate=0.00/min idle=True
2026-05-17 22:23:45,540 [INFO] LOAD cpu=1.6% mem=+3.3% req_rate=0.00/min idle=True
2026-05-17 22:23:56,541 [INFO] LOAD cpu=1.4% mem=+3.3% req_rate=0.00/min idle=True
2026-05-17 22:24:07,542 [INFO] LOAD cpu=2.3% mem=+3.3% req_rate=0.00/min idle=True
2026-05-17 22:24:22,460 [INFO] LOAD cpu=2.4% mem=+3.3% req_rate=0.00/min idle=True
2026-05-17 22:24:33,461 [INFO] LOAD cpu=1.6% mem=+3.3% req_rate=0.00/min idle=True
2026-05-17 22:24:44,462 [INFO] LOAD cpu=2.8% mem=+3.1% req_rate=0.00/min idle=True
2026-05-17 22:24:55,464 [INFO] LOAD cpu=6.3% mem=+3.3% req_rate=0.00/min idle=True
2026-05-17 22:25:06,466 [INFO] LOAD cpu=1.6% mem=+3.2% req_rate=0.00/min idle=True
2026-05-17 22:25:17,467 [INFO] LOAD cpu=1.9% mem=+3.5% req_rate=0.00/min idle=True
2026-05-17 22:25:31,883 [INFO] LOAD cpu=1.6% mem=+3.4% req_rate=0.00/min idle=True
2026-05-17 22:25:42,885 [INFO] LOAD cpu=2.3% mem=+3.3% req_rate=0.00/min idle=True
2026-05-17 22:25:53,886 [INFO] LOAD cpu=3.6% mem=+3.4% req_rate=0.00/min idle=True
2026-05-17 22:26:04,888 [INFO] LOAD cpu=2.7% mem=+3.3% req_rate=0.00/min idle=True
2026-05-17 22:26:15,889 [INFO] LOAD cpu=2.1% mem=+3.4% req_rate=0.00/min idle=True
2026-05-17 22:26:26,890 [INFO] LOAD cpu=1.6% mem=+3.4% req_rate=0.00/min idle=True
2026-05-17 22:26:41,915 [INFO] LOAD cpu=1.6% mem=+3.3% req_rate=0.00/min idle=True
2026-05-17 22:26:52,917 [INFO] LOAD cpu=1.8% mem=+3.4% req_rate=0.00/min idle=True
2026-05-17 22:27:03,918 [INFO] LOAD cpu=1.8% mem=+3.4% req_rate=0.00/min idle=True
2026-05-17 22:27:14,920 [INFO] LOAD cpu=3.0% mem=+3.5% req_rate=0.00/min idle=True
2026-05-17 22:27:25,921 [INFO] LOAD cpu=1.8% mem=+3.3% req_rate=0.00/min idle=True
2026-05-17 22:27:36,923 [INFO] LOAD cpu=2.4% mem=+3.3% req_rate=0.00/min idle=True
2026-05-17 22:27:51,562 [INFO] LOAD cpu=1.6% mem=+3.3% req_rate=0.00/min idle=True
2026-05-17 22:28:02,563 [INFO] LOAD cpu=2.3% mem=+3.3% req_rate=0.00/min idle=True
2026-05-17 22:28:13,565 [INFO] LOAD cpu=1.6% mem=+3.3% req_rate=0.00/min idle=True
2026-05-17 22:28:24,566 [INFO] LOAD cpu=3.9% mem=+3.4% req_rate=0.00/min idle=True
2026-05-17 22:28:35,567 [INFO] LOAD cpu=1.9% mem=+3.3% req_rate=0.00/min idle=True
2026-05-17 22:28:46,569 [INFO] LOAD cpu=1.7% mem=+3.2% req_rate=0.00/min idle=True
2026-05-17 22:29:00,433 [INFO] LOAD cpu=2.2% mem=+3.4% req_rate=0.00/min idle=True
2026-05-17 22:29:11,435 [INFO] LOAD cpu=3.9% mem=+3.2% req_rate=0.00/min idle=True
2026-05-17 22:29:22,436 [INFO] LOAD cpu=2.3% mem=+3.2% req_rate=0.00/min idle=True
2026-05-17 22:29:33,437 [INFO] LOAD cpu=1.7% mem=+3.2% req_rate=0.00/min idle=True
2026-05-17 22:29:44,439 [INFO] LOAD cpu=3.2% mem=+3.0% req_rate=0.00/min idle=True
2026-05-17 22:29:55,440 [INFO] LOAD cpu=1.9% mem=+3.1% req_rate=0.00/min idle=True
2026-05-17 22:30:11,534 [INFO] LOAD cpu=2.9% mem=+3.2% req_rate=0.00/min idle=True
2026-05-17 22:30:22,535 [INFO] LOAD cpu=2.0% mem=+3.2% req_rate=0.00/min idle=True
2026-05-17 22:30:33,537 [INFO] LOAD cpu=2.3% mem=+3.1% req_rate=0.00/min idle=True
2026-05-17 22:30:44,538 [INFO] LOAD cpu=3.3% mem=+3.1% req_rate=0.00/min idle=True
2026-05-17 22:30:55,539 [INFO] LOAD cpu=1.4% mem=+3.1% req_rate=0.00/min idle=True
2026-05-17 22:31:06,541 [INFO] LOAD cpu=1.5% mem=+3.1% req_rate=0.00/min idle=True
2026-05-17 22:31:20,468 [INFO] LOAD cpu=1.3% mem=+3.3% req_rate=0.00/min idle=True
2026-05-17 22:31:31,469 [INFO] LOAD cpu=1.8% mem=+3.2% req_rate=0.00/min idle=True
2026-05-17 22:31:42,470 [INFO] LOAD cpu=1.8% mem=+3.2% req_rate=0.00/min idle=True
2026-05-17 22:31:53,472 [INFO] LOAD cpu=2.3% mem=+3.2% req_rate=0.00/min idle=True
2026-05-17 22:32:04,473 [INFO] LOAD cpu=2.8% mem=+3.2% req_rate=0.00/min idle=True
2026-05-17 22:32:15,475 [INFO] LOAD cpu=1.6% mem=+3.2% req_rate=0.00/min idle=True
2026-05-17 22:32:29,693 [INFO] LOAD cpu=2.6% mem=+3.3% req_rate=0.00/min idle=True
2026-05-17 22:32:40,694 [INFO] LOAD cpu=1.8% mem=+3.5% req_rate=0.00/min idle=True
2026-05-17 22:32:51,696 [INFO] LOAD cpu=1.4% mem=+3.5% req_rate=0.00/min idle=True
2026-05-17 22:33:02,697 [INFO] LOAD cpu=2.5% mem=+3.5% req_rate=0.00/min idle=True
2026-05-17 22:33:13,698 [INFO] LOAD cpu=3.8% mem=+3.4% req_rate=0.00/min idle=True
2026-05-17 22:33:24,700 [INFO] LOAD cpu=3.1% mem=+3.5% req_rate=0.00/min idle=True
2026-05-17 22:33:39,125 [INFO] LOAD cpu=1.6% mem=+3.4% req_rate=0.00/min idle=True
2026-05-17 22:33:50,127 [INFO] LOAD cpu=3.2% mem=+3.5% req_rate=0.00/min idle=True
2026-05-17 22:34:01,128 [INFO] LOAD cpu=1.8% mem=+3.5% req_rate=0.00/min idle=True
2026-05-17 22:34:12,129 [INFO] LOAD cpu=2.0% mem=+3.4% req_rate=0.00/min idle=True
2026-05-17 22:34:23,131 [INFO] LOAD cpu=1.8% mem=+3.4% req_rate=0.00/min idle=True
2026-05-17 22:34:34,132 [INFO] LOAD cpu=2.3% mem=+3.4% req_rate=0.00/min idle=True
2026-05-17 22:34:48,943 [INFO] LOAD cpu=1.8% mem=+3.4% req_rate=0.00/min idle=True
2026-05-17 22:34:59,945 [INFO] LOAD cpu=2.8% mem=+3.3% req_rate=0.00/min idle=True
2026-05-17 22:35:10,946 [INFO] LOAD cpu=7.8% mem=+3.3% req_rate=0.00/min idle=True
2026-05-17 22:35:21,948 [INFO] LOAD cpu=2.4% mem=+3.5% req_rate=0.00/min idle=True
2026-05-17 22:35:32,949 [INFO] LOAD cpu=1.9% mem=+3.3% req_rate=0.00/min idle=True
2026-05-17 22:35:43,950 [INFO] LOAD cpu=1.3% mem=+3.3% req_rate=0.00/min idle=True
2026-05-17 22:35:58,259 [INFO] LOAD cpu=2.0% mem=+3.4% req_rate=0.00/min idle=True
2026-05-17 22:36:09,261 [INFO] LOAD cpu=2.1% mem=+3.3% req_rate=0.00/min idle=True
2026-05-17 22:36:20,262 [INFO] LOAD cpu=3.1% mem=+3.3% req_rate=0.00/min idle=True
2026-05-17 22:36:31,263 [INFO] LOAD cpu=5.5% mem=+3.3% req_rate=0.00/min idle=True
2026-05-17 22:36:42,265 [INFO] LOAD cpu=2.0% mem=+3.4% req_rate=0.00/min idle=True
2026-05-17 22:36:53,266 [INFO] LOAD cpu=2.1% mem=+3.3% req_rate=0.00/min idle=True
2026-05-17 22:37:08,210 [INFO] LOAD cpu=2.1% mem=+3.4% req_rate=0.00/min idle=True
2026-05-17 22:37:19,211 [INFO] LOAD cpu=1.8% mem=+3.3% req_rate=0.00/min idle=True
2026-05-17 22:37:30,212 [INFO] LOAD cpu=3.5% mem=+3.3% req_rate=0.00/min idle=True
2026-05-17 22:37:41,214 [INFO] LOAD cpu=1.3% mem=+3.3% req_rate=0.00/min idle=True
2026-05-17 22:37:52,215 [INFO] LOAD cpu=2.2% mem=+3.2% req_rate=0.00/min idle=True
2026-05-17 22:38:03,216 [INFO] LOAD cpu=5.3% mem=+3.2% req_rate=0.00/min idle=True
2026-05-17 22:38:18,177 [INFO] LOAD cpu=2.3% mem=+3.2% req_rate=0.00/min idle=True
2026-05-17 22:38:29,179 [INFO] LOAD cpu=1.8% mem=+3.2% req_rate=0.00/min idle=True
2026-05-17 22:38:40,180 [INFO] LOAD cpu=2.8% mem=+3.1% req_rate=0.00/min idle=True
2026-05-17 22:38:51,181 [INFO] LOAD cpu=2.3% mem=+3.2% req_rate=0.00/min idle=True
2026-05-17 22:39:02,183 [INFO] LOAD cpu=2.3% mem=+3.2% req_rate=0.00/min idle=True
2026-05-17 22:39:13,184 [INFO] LOAD cpu=2.1% mem=+3.3% req_rate=0.00/min idle=True
2026-05-17 22:39:27,267 [INFO] LOAD cpu=2.0% mem=+3.2% req_rate=0.00/min idle=True
2026-05-17 22:39:38,269 [INFO] LOAD cpu=2.3% mem=+3.2% req_rate=0.00/min idle=True
2026-05-17 22:39:49,270 [INFO] LOAD cpu=1.6% mem=+3.1% req_rate=0.00/min idle=True
2026-05-17 22:40:00,272 [INFO] LOAD cpu=3.7% mem=+3.3% req_rate=0.00/min idle=True
2026-05-17 22:40:11,273 [INFO] LOAD cpu=3.2% mem=+3.2% req_rate=0.00/min idle=True
2026-05-17 22:40:22,274 [INFO] LOAD cpu=2.8% mem=+3.3% req_rate=0.00/min idle=True
2026-05-17 22:40:37,808 [INFO] LOAD cpu=2.1% mem=+3.2% req_rate=0.00/min idle=True
2026-05-17 22:40:48,809 [INFO] LOAD cpu=1.8% mem=+3.3% req_rate=0.00/min idle=True
2026-05-17 22:40:59,810 [INFO] LOAD cpu=3.3% mem=+3.3% req_rate=0.00/min idle=True
2026-05-17 22:41:10,812 [INFO] LOAD cpu=1.9% mem=+3.1% req_rate=0.00/min idle=True
2026-05-17 22:41:21,813 [INFO] LOAD cpu=1.6% mem=+3.2% req_rate=0.00/min idle=True
2026-05-17 22:41:32,815 [INFO] LOAD cpu=2.5% mem=+3.2% req_rate=0.00/min idle=True
2026-05-17 22:41:47,375 [INFO] LOAD cpu=2.3% mem=+3.3% req_rate=0.00/min idle=True
2026-05-17 22:41:58,376 [INFO] LOAD cpu=2.3% mem=+3.3% req_rate=0.00/min idle=True
2026-05-17 22:42:09,378 [INFO] LOAD cpu=1.6% mem=+3.3% req_rate=0.00/min idle=True
2026-05-17 22:42:20,379 [INFO] LOAD cpu=3.6% mem=+3.3% req_rate=0.00/min idle=True
2026-05-17 22:42:31,380 [INFO] LOAD cpu=2.3% mem=+3.5% req_rate=0.00/min idle=True
2026-05-17 22:42:42,382 [INFO] LOAD cpu=2.5% mem=+3.5% req_rate=0.00/min idle=True
2026-05-17 22:42:56,831 [INFO] LOAD cpu=1.8% mem=+3.5% req_rate=0.00/min idle=True
2026-05-17 22:43:07,832 [INFO] LOAD cpu=8.1% mem=+3.4% req_rate=0.00/min idle=True
2026-05-17 22:43:18,834 [INFO] LOAD cpu=2.3% mem=+3.4% req_rate=0.00/min idle=True
2026-05-17 22:43:29,835 [INFO] LOAD cpu=3.0% mem=+3.4% req_rate=0.00/min idle=True
2026-05-17 22:43:40,836 [INFO] LOAD cpu=2.1% mem=+3.5% req_rate=0.00/min idle=True
2026-05-17 22:43:51,838 [INFO] LOAD cpu=2.2% mem=+3.6% req_rate=0.00/min idle=True
2026-05-17 22:44:06,814 [INFO] LOAD cpu=2.1% mem=+3.4% req_rate=0.00/min idle=True
2026-05-17 22:44:17,816 [INFO] LOAD cpu=2.3% mem=+3.4% req_rate=0.00/min idle=True
2026-05-17 22:44:28,817 [INFO] LOAD cpu=2.4% mem=+3.4% req_rate=0.00/min idle=True
2026-05-17 22:44:39,818 [INFO] LOAD cpu=3.0% mem=+3.5% req_rate=0.00/min idle=True
2026-05-17 22:44:50,820 [INFO] LOAD cpu=2.1% mem=+3.4% req_rate=0.00/min idle=True
2026-05-17 22:45:01,821 [INFO] LOAD cpu=1.8% mem=+3.4% req_rate=0.00/min idle=True
2026-05-17 22:45:16,414 [INFO] LOAD cpu=3.3% mem=+3.6% req_rate=0.00/min idle=True
2026-05-17 22:45:27,415 [INFO] LOAD cpu=2.5% mem=+3.5% req_rate=0.00/min idle=True
2026-05-17 22:45:38,416 [INFO] LOAD cpu=1.8% mem=+3.5% req_rate=0.00/min idle=True
2026-05-17 22:45:49,418 [INFO] LOAD cpu=2.1% mem=+3.4% req_rate=0.00/min idle=True
2026-05-17 22:46:00,419 [INFO] LOAD cpu=3.6% mem=+3.4% req_rate=0.00/min idle=True
2026-05-17 22:46:11,421 [INFO] LOAD cpu=2.7% mem=+3.5% req_rate=0.00/min idle=True
2026-05-17 22:46:25,464 [INFO] LOAD cpu=2.9% mem=+3.5% req_rate=0.00/min idle=True
2026-05-17 22:46:36,466 [INFO] LOAD cpu=1.6% mem=+3.5% req_rate=0.00/min idle=True
2026-05-17 22:46:47,467 [INFO] LOAD cpu=2.1% mem=+3.5% req_rate=0.00/min idle=True
2026-05-17 22:46:58,468 [INFO] LOAD cpu=6.5% mem=+3.5% req_rate=0.00/min idle=True
2026-05-17 22:47:09,470 [INFO] LOAD cpu=2.4% mem=+3.5% req_rate=0.00/min idle=True
2026-05-17 22:47:20,471 [INFO] LOAD cpu=3.1% mem=+3.5% req_rate=0.00/min idle=True
2026-05-17 22:47:35,415 [INFO] LOAD cpu=2.9% mem=+3.6% req_rate=0.00/min idle=True
2026-05-17 22:47:46,416 [INFO] LOAD cpu=4.5% mem=+3.5% req_rate=0.00/min idle=True
2026-05-17 22:47:57,418 [INFO] LOAD cpu=1.9% mem=+3.5% req_rate=0.00/min idle=True
2026-05-17 22:48:08,419 [INFO] LOAD cpu=1.6% mem=+3.5% req_rate=0.00/min idle=True
2026-05-17 22:48:19,420 [INFO] LOAD cpu=1.9% mem=+3.6% req_rate=0.00/min idle=True
2026-05-17 22:48:30,422 [INFO] LOAD cpu=3.0% mem=+3.6% req_rate=0.00/min idle=True
2026-05-17 22:48:45,143 [INFO] LOAD cpu=3.2% mem=+3.6% req_rate=0.00/min idle=True
2026-05-17 22:48:56,145 [INFO] LOAD cpu=2.3% mem=+3.5% req_rate=0.00/min idle=True
2026-05-17 22:49:07,146 [INFO] LOAD cpu=2.1% mem=+3.4% req_rate=0.00/min idle=True
2026-05-17 22:49:18,147 [INFO] LOAD cpu=2.3% mem=+3.5% req_rate=0.00/min idle=True
2026-05-17 22:49:29,149 [INFO] LOAD cpu=2.1% mem=+3.5% req_rate=0.00/min idle=True
2026-05-17 22:49:40,150 [INFO] LOAD cpu=4.1% mem=+3.6% req_rate=0.00/min idle=True
2026-05-17 22:49:54,908 [INFO] LOAD cpu=3.6% mem=+3.5% req_rate=0.00/min idle=True
2026-05-17 22:50:05,909 [INFO] LOAD cpu=3.3% mem=+3.3% req_rate=0.00/min idle=True
2026-05-17 22:50:16,910 [INFO] LOAD cpu=3.9% mem=+3.5% req_rate=0.00/min idle=True
2026-05-17 22:50:27,912 [INFO] LOAD cpu=2.4% mem=+3.4% req_rate=0.00/min idle=True
2026-05-17 22:50:38,913 [INFO] LOAD cpu=1.9% mem=+3.5% req_rate=0.00/min idle=True
2026-05-17 22:50:49,914 [INFO] LOAD cpu=2.1% mem=+3.4% req_rate=0.00/min idle=True
2026-05-17 22:51:04,839 [INFO] LOAD cpu=2.6% mem=+3.3% req_rate=0.00/min idle=True
2026-05-17 22:51:15,840 [INFO] LOAD cpu=3.1% mem=+3.4% req_rate=0.00/min idle=True
2026-05-17 22:51:26,841 [INFO] LOAD cpu=2.0% mem=+3.3% req_rate=0.00/min idle=True
2026-05-17 22:51:37,843 [INFO] LOAD cpu=2.4% mem=+3.3% req_rate=0.00/min idle=True
2026-05-17 22:51:48,844 [INFO] LOAD cpu=2.3% mem=+3.3% req_rate=0.00/min idle=True
2026-05-17 22:51:59,845 [INFO] LOAD cpu=1.9% mem=+3.2% req_rate=0.00/min idle=True
2026-05-17 22:52:14,516 [INFO] LOAD cpu=1.9% mem=+3.3% req_rate=0.00/min idle=True
2026-05-17 22:52:25,517 [INFO] LOAD cpu=3.3% mem=+3.4% req_rate=0.00/min idle=True
2026-05-17 22:52:36,518 [INFO] LOAD cpu=2.1% mem=+3.3% req_rate=0.00/min idle=True
2026-05-17 22:52:47,520 [INFO] LOAD cpu=2.0% mem=+3.3% req_rate=0.00/min idle=True
2026-05-17 22:52:58,521 [INFO] LOAD cpu=1.8% mem=+3.2% req_rate=0.00/min idle=True
2026-05-17 22:53:09,523 [INFO] LOAD cpu=1.9% mem=+3.4% req_rate=0.00/min idle=True
2026-05-17 22:53:24,176 [INFO] LOAD cpu=1.6% mem=+3.4% req_rate=0.00/min idle=True
2026-05-17 22:53:35,177 [INFO] LOAD cpu=3.3% mem=+3.6% req_rate=0.00/min idle=True
2026-05-17 22:53:46,179 [INFO] LOAD cpu=6.9% mem=+3.5% req_rate=0.00/min idle=True
2026-05-17 22:53:57,180 [INFO] LOAD cpu=1.9% mem=+3.6% req_rate=0.00/min idle=True
2026-05-17 22:54:08,181 [INFO] LOAD cpu=2.3% mem=+3.4% req_rate=0.00/min idle=True
2026-05-17 22:54:19,183 [INFO] LOAD cpu=1.6% mem=+3.5% req_rate=0.00/min idle=True
2026-05-17 22:54:33,590 [INFO] LOAD cpu=1.7% mem=+3.4% req_rate=0.00/min idle=True
2026-05-17 22:54:44,591 [INFO] LOAD cpu=2.0% mem=+3.5% req_rate=0.00/min idle=True
2026-05-17 22:54:55,593 [INFO] LOAD cpu=3.0% mem=+3.3% req_rate=0.00/min idle=True
2026-05-17 22:55:06,594 [INFO] LOAD cpu=1.7% mem=+3.3% req_rate=0.00/min idle=True
2026-05-17 22:55:17,595 [INFO] LOAD cpu=2.3% mem=+3.6% req_rate=0.00/min idle=True
2026-05-17 22:55:28,597 [INFO] LOAD cpu=2.0% mem=+3.4% req_rate=0.00/min idle=True
2026-05-17 22:55:42,858 [INFO] LOAD cpu=6.1% mem=+3.5% req_rate=0.00/min idle=True
2026-05-17 22:55:53,860 [INFO] LOAD cpu=2.0% mem=+3.3% req_rate=0.00/min idle=True
2026-05-17 22:56:04,861 [INFO] LOAD cpu=1.9% mem=+3.2% req_rate=0.00/min idle=True
2026-05-17 22:56:15,863 [INFO] LOAD cpu=2.9% mem=+3.3% req_rate=0.00/min idle=True
2026-05-17 22:56:26,864 [INFO] LOAD cpu=1.7% mem=+3.3% req_rate=0.00/min idle=True
2026-05-17 22:56:37,865 [INFO] LOAD cpu=2.5% mem=+3.5% req_rate=0.00/min idle=True
2026-05-17 22:56:52,346 [INFO] LOAD cpu=1.8% mem=+3.3% req_rate=0.00/min idle=True
2026-05-17 22:57:03,348 [INFO] LOAD cpu=1.8% mem=+3.3% req_rate=0.00/min idle=True
2026-05-17 22:57:14,349 [INFO] LOAD cpu=1.8% mem=+3.4% req_rate=0.00/min idle=True
2026-05-17 22:57:25,351 [INFO] LOAD cpu=3.6% mem=+3.6% req_rate=0.00/min idle=True
2026-05-17 22:57:36,352 [INFO] LOAD cpu=2.1% mem=+3.7% req_rate=0.00/min idle=True
2026-05-17 22:57:47,353 [INFO] LOAD cpu=2.1% mem=+3.5% req_rate=0.00/min idle=True
2026-05-17 22:58:02,286 [INFO] LOAD cpu=2.1% mem=+3.6% req_rate=0.00/min idle=True
2026-05-17 22:58:13,287 [INFO] LOAD cpu=1.9% mem=+3.7% req_rate=0.00/min idle=True
2026-05-17 22:58:24,288 [INFO] LOAD cpu=2.0% mem=+3.7% req_rate=0.00/min idle=True
2026-05-17 22:58:35,290 [INFO] LOAD cpu=2.5% mem=+3.7% req_rate=0.00/min idle=True
2026-05-17 22:58:46,291 [INFO] LOAD cpu=6.7% mem=+3.6% req_rate=0.00/min idle=True
2026-05-17 22:58:57,292 [INFO] LOAD cpu=2.5% mem=+3.7% req_rate=0.00/min idle=True
2026-05-17 22:59:11,327 [INFO] LOAD cpu=5.2% mem=+3.7% req_rate=0.00/min idle=True
2026-05-17 22:59:22,329 [INFO] LOAD cpu=1.8% mem=+3.5% req_rate=0.00/min idle=True
2026-05-17 22:59:33,330 [INFO] LOAD cpu=1.8% mem=+3.6% req_rate=0.00/min idle=True
2026-05-17 22:59:44,331 [INFO] LOAD cpu=1.3% mem=+3.5% req_rate=0.00/min idle=True
2026-05-17 22:59:55,333 [INFO] LOAD cpu=2.6% mem=+3.5% req_rate=0.00/min idle=True
2026-05-17 23:00:06,334 [INFO] LOAD cpu=2.1% mem=+3.5% req_rate=0.00/min idle=True
2026-05-17 23:00:19,917 [INFO] LOAD cpu=1.3% mem=+3.7% req_rate=0.00/min idle=True
2026-05-17 23:00:30,919 [INFO] LOAD cpu=3.7% mem=+3.5% req_rate=0.00/min idle=True
2026-05-17 23:00:41,920 [INFO] LOAD cpu=1.7% mem=+3.6% req_rate=0.00/min idle=True
2026-05-17 23:00:52,922 [INFO] LOAD cpu=1.8% mem=+3.5% req_rate=0.00/min idle=True
2026-05-17 23:01:03,923 [INFO] LOAD cpu=1.5% mem=+3.5% req_rate=0.00/min idle=True
2026-05-17 23:01:14,924 [INFO] LOAD cpu=4.2% mem=+3.5% req_rate=0.00/min idle=True
2026-05-17 23:01:28,934 [INFO] LOAD cpu=1.5% mem=+3.6% req_rate=0.00/min idle=True
2026-05-17 23:01:39,935 [INFO] LOAD cpu=1.9% mem=+3.6% req_rate=0.00/min idle=True
2026-05-17 23:01:50,937 [INFO] LOAD cpu=3.1% mem=+3.6% req_rate=0.00/min idle=True
2026-05-17 23:02:01,938 [INFO] LOAD cpu=1.8% mem=+3.6% req_rate=0.00/min idle=True
2026-05-17 23:02:12,940 [INFO] LOAD cpu=2.3% mem=+3.7% req_rate=0.00/min idle=True
2026-05-17 23:02:23,941 [INFO] LOAD cpu=1.3% mem=+3.5% req_rate=0.00/min idle=True
2026-05-17 23:02:37,687 [INFO] LOAD cpu=1.8% mem=+3.6% req_rate=0.00/min idle=True
2026-05-17 23:02:48,688 [INFO] LOAD cpu=2.0% mem=+3.5% req_rate=0.00/min idle=True
2026-05-17 23:02:59,690 [INFO] LOAD cpu=2.3% mem=+3.6% req_rate=0.00/min idle=True
2026-05-17 23:03:10,691 [INFO] LOAD cpu=2.8% mem=+3.5% req_rate=0.00/min idle=True
2026-05-17 23:03:21,692 [INFO] LOAD cpu=1.6% mem=+3.6% req_rate=0.00/min idle=True
2026-05-17 23:03:32,694 [INFO] LOAD cpu=3.2% mem=+3.7% req_rate=0.00/min idle=True
2026-05-17 23:03:46,365 [INFO] LOAD cpu=3.3% mem=+3.6% req_rate=0.00/min idle=True
2026-05-17 23:03:57,367 [INFO] LOAD cpu=2.1% mem=+3.6% req_rate=0.00/min idle=True
2026-05-17 23:04:08,368 [INFO] LOAD cpu=2.0% mem=+3.5% req_rate=0.00/min idle=True
2026-05-17 23:04:19,369 [INFO] LOAD cpu=1.8% mem=+3.5% req_rate=0.00/min idle=True
2026-05-17 23:04:30,371 [INFO] LOAD cpu=1.6% mem=+3.5% req_rate=0.00/min idle=True
2026-05-17 23:04:41,373 [INFO] LOAD cpu=3.0% mem=+3.6% req_rate=0.00/min idle=True
2026-05-17 23:04:55,276 [INFO] LOAD cpu=1.5% mem=+3.5% req_rate=0.00/min idle=True
2026-05-17 23:05:06,277 [INFO] LOAD cpu=2.8% mem=+3.6% req_rate=0.00/min idle=True
2026-05-17 23:05:17,279 [INFO] LOAD cpu=2.5% mem=+3.9% req_rate=0.00/min idle=True
2026-05-17 23:05:28,280 [INFO] LOAD cpu=2.6% mem=+3.6% req_rate=0.00/min idle=True
2026-05-17 23:05:39,281 [INFO] LOAD cpu=1.7% mem=+3.7% req_rate=0.00/min idle=True
2026-05-17 23:05:50,283 [INFO] LOAD cpu=1.4% mem=+3.6% req_rate=0.00/min idle=True
2026-05-17 23:06:04,235 [INFO] LOAD cpu=1.5% mem=+3.5% req_rate=0.00/min idle=True
2026-05-17 23:06:15,237 [INFO] LOAD cpu=1.5% mem=+3.5% req_rate=0.00/min idle=True
2026-05-17 23:06:26,238 [INFO] LOAD cpu=3.1% mem=+3.4% req_rate=0.00/min idle=True
2026-05-17 23:06:37,239 [INFO] LOAD cpu=2.3% mem=+3.7% req_rate=0.00/min idle=True
2026-05-17 23:06:48,241 [INFO] LOAD cpu=1.8% mem=+3.7% req_rate=0.00/min idle=True
2026-05-17 23:06:59,242 [INFO] LOAD cpu=1.4% mem=+3.7% req_rate=0.00/min idle=True
2026-05-17 23:07:13,068 [INFO] LOAD cpu=1.8% mem=+3.6% req_rate=0.00/min idle=True
2026-05-17 23:07:24,069 [INFO] LOAD cpu=1.6% mem=+3.6% req_rate=0.00/min idle=True
2026-05-17 23:07:35,071 [INFO] LOAD cpu=1.8% mem=+3.6% req_rate=0.00/min idle=True
2026-05-17 23:07:46,072 [INFO] LOAD cpu=3.5% mem=+3.5% req_rate=0.00/min idle=True
2026-05-17 23:07:57,073 [INFO] LOAD cpu=1.6% mem=+3.4% req_rate=0.00/min idle=True
2026-05-17 23:08:08,075 [INFO] LOAD cpu=1.7% mem=+3.6% req_rate=0.00/min idle=True
2026-05-17 23:08:22,493 [INFO] LOAD cpu=2.6% mem=+3.5% req_rate=0.00/min idle=True
2026-05-17 23:08:33,494 [INFO] LOAD cpu=2.1% mem=+3.4% req_rate=0.00/min idle=True
2026-05-17 23:08:44,496 [INFO] LOAD cpu=1.9% mem=+3.6% req_rate=0.00/min idle=True
2026-05-17 23:08:55,497 [INFO] LOAD cpu=1.5% mem=+3.6% req_rate=0.00/min idle=True
2026-05-17 23:09:06,499 [INFO] LOAD cpu=3.0% mem=+3.5% req_rate=0.00/min idle=True
2026-05-17 23:09:17,500 [INFO] LOAD cpu=1.8% mem=+3.6% req_rate=0.00/min idle=True
2026-05-17 23:09:31,171 [INFO] LOAD cpu=7.1% mem=+3.6% req_rate=0.00/min idle=True
2026-05-17 23:09:42,172 [INFO] LOAD cpu=2.6% mem=+3.8% req_rate=0.00/min idle=True
2026-05-17 23:09:53,174 [INFO] LOAD cpu=1.7% mem=+3.6% req_rate=0.00/min idle=True
2026-05-17 23:10:04,175 [INFO] LOAD cpu=1.7% mem=+3.6% req_rate=0.00/min idle=True
2026-05-17 23:10:15,177 [INFO] LOAD cpu=1.2% mem=+3.7% req_rate=0.00/min idle=True
2026-05-17 23:10:26,178 [INFO] LOAD cpu=3.3% mem=+3.6% req_rate=0.00/min idle=True
2026-05-17 23:10:39,981 [INFO] LOAD cpu=2.2% mem=+3.7% req_rate=0.00/min idle=True
2026-05-17 23:10:50,982 [INFO] LOAD cpu=2.8% mem=+3.7% req_rate=0.00/min idle=True
2026-05-17 23:11:01,984 [INFO] LOAD cpu=2.0% mem=+3.5% req_rate=0.00/min idle=True
2026-05-17 23:11:12,985 [INFO] LOAD cpu=1.8% mem=+3.9% req_rate=0.00/min idle=True
2026-05-17 23:11:23,987 [INFO] LOAD cpu=1.5% mem=+3.8% req_rate=0.00/min idle=True
2026-05-17 23:11:34,988 [INFO] LOAD cpu=1.9% mem=+3.6% req_rate=0.00/min idle=True
2026-05-17 23:11:48,940 [INFO] LOAD cpu=4.0% mem=+3.6% req_rate=0.00/min idle=True
2026-05-17 23:11:59,941 [INFO] LOAD cpu=1.8% mem=+3.7% req_rate=0.00/min idle=True
2026-05-17 23:12:10,942 [INFO] LOAD cpu=3.9% mem=+3.7% req_rate=0.00/min idle=True
2026-05-17 23:12:21,944 [INFO] LOAD cpu=1.8% mem=+3.7% req_rate=0.00/min idle=True
2026-05-17 23:12:32,945 [INFO] LOAD cpu=2.6% mem=+3.9% req_rate=0.00/min idle=True
2026-05-17 23:12:43,946 [INFO] LOAD cpu=2.1% mem=+3.9% req_rate=0.00/min idle=True
2026-05-17 23:12:58,358 [INFO] LOAD cpu=1.6% mem=+3.7% req_rate=0.00/min idle=True
2026-05-17 23:13:09,360 [INFO] LOAD cpu=1.5% mem=+3.6% req_rate=0.00/min idle=True
2026-05-17 23:13:20,361 [INFO] LOAD cpu=2.3% mem=+3.7% req_rate=0.00/min idle=True
2026-05-17 23:13:31,362 [INFO] LOAD cpu=3.1% mem=+3.8% req_rate=0.00/min idle=True
2026-05-17 23:13:42,364 [INFO] LOAD cpu=2.7% mem=+3.8% req_rate=0.00/min idle=True
2026-05-17 23:13:53,365 [INFO] LOAD cpu=1.6% mem=+3.8% req_rate=0.00/min idle=True
2026-05-17 23:14:07,085 [INFO] LOAD cpu=1.8% mem=+3.9% req_rate=0.00/min idle=True
2026-05-17 23:14:18,086 [INFO] LOAD cpu=2.3% mem=+3.9% req_rate=0.00/min idle=True
2026-05-17 23:14:29,087 [INFO] LOAD cpu=1.7% mem=+4.0% req_rate=0.00/min idle=True
2026-05-17 23:14:40,089 [INFO] LOAD cpu=1.9% mem=+3.8% req_rate=0.00/min idle=True
2026-05-17 23:14:51,090 [INFO] LOAD cpu=2.7% mem=+3.8% req_rate=0.00/min idle=True
2026-05-17 23:15:02,091 [INFO] LOAD cpu=2.0% mem=+3.7% req_rate=0.00/min idle=True
2026-05-17 23:15:15,949 [INFO] LOAD cpu=3.0% mem=+3.9% req_rate=0.00/min idle=True
2026-05-17 23:15:26,950 [INFO] LOAD cpu=2.0% mem=+3.8% req_rate=0.00/min idle=True
2026-05-17 23:15:37,952 [INFO] LOAD cpu=2.5% mem=+3.8% req_rate=0.00/min idle=True
2026-05-17 23:15:48,953 [INFO] LOAD cpu=1.8% mem=+3.7% req_rate=0.00/min idle=True
2026-05-17 23:15:59,954 [INFO] LOAD cpu=1.6% mem=+3.7% req_rate=0.00/min idle=True
2026-05-17 23:16:10,956 [INFO] LOAD cpu=4.1% mem=+3.7% req_rate=0.00/min idle=True
2026-05-17 23:16:25,116 [INFO] LOAD cpu=1.7% mem=+3.7% req_rate=0.00/min idle=True
2026-05-17 23:16:36,118 [INFO] LOAD cpu=3.3% mem=+3.6% req_rate=0.00/min idle=True
2026-05-17 23:16:47,119 [INFO] LOAD cpu=1.8% mem=+3.6% req_rate=0.00/min idle=True
2026-05-17 23:16:58,120 [INFO] LOAD cpu=2.0% mem=+3.7% req_rate=0.00/min idle=True
2026-05-17 23:17:09,122 [INFO] LOAD cpu=1.5% mem=+3.7% req_rate=0.00/min idle=True
2026-05-17 23:17:20,123 [INFO] LOAD cpu=1.4% mem=+3.8% req_rate=0.00/min idle=True
2026-05-17 23:17:34,175 [INFO] LOAD cpu=1.8% mem=+3.7% req_rate=0.00/min idle=True
2026-05-17 23:17:45,177 [INFO] LOAD cpu=4.2% mem=+3.6% req_rate=0.00/min idle=True
2026-05-17 23:17:56,178 [INFO] LOAD cpu=3.1% mem=+3.6% req_rate=0.00/min idle=True
2026-05-17 23:18:07,179 [INFO] LOAD cpu=2.1% mem=+3.6% req_rate=0.00/min idle=True
2026-05-17 23:18:18,181 [INFO] LOAD cpu=5.2% mem=+3.8% req_rate=0.00/min idle=True
2026-05-17 23:18:29,182 [INFO] LOAD cpu=1.6% mem=+3.7% req_rate=0.00/min idle=True
2026-05-17 23:18:43,255 [INFO] LOAD cpu=1.6% mem=+3.9% req_rate=0.00/min idle=True
2026-05-17 23:18:54,256 [INFO] LOAD cpu=2.0% mem=+3.9% req_rate=0.00/min idle=True
2026-05-17 23:19:05,258 [INFO] LOAD cpu=1.7% mem=+3.8% req_rate=0.00/min idle=True
2026-05-17 23:19:16,259 [INFO] LOAD cpu=2.8% mem=+3.9% req_rate=0.00/min idle=True
2026-05-17 23:19:27,261 [INFO] LOAD cpu=2.4% mem=+3.8% req_rate=0.00/min idle=True
2026-05-17 23:19:38,262 [INFO] LOAD cpu=4.2% mem=+3.8% req_rate=0.00/min idle=True
2026-05-17 23:19:52,148 [INFO] LOAD cpu=1.6% mem=+3.7% req_rate=0.00/min idle=True
2026-05-17 23:20:03,149 [INFO] LOAD cpu=2.5% mem=+3.9% req_rate=0.00/min idle=True
2026-05-17 23:20:14,151 [INFO] LOAD cpu=1.8% mem=+4.0% req_rate=0.00/min idle=True
2026-05-17 23:20:25,152 [INFO] LOAD cpu=2.0% mem=+4.1% req_rate=0.00/min idle=True
2026-05-17 23:20:36,153 [INFO] LOAD cpu=3.0% mem=+3.9% req_rate=0.00/min idle=True
2026-05-17 23:20:47,155 [INFO] LOAD cpu=2.2% mem=+3.7% req_rate=0.00/min idle=True
2026-05-17 23:21:01,091 [INFO] LOAD cpu=3.5% mem=+3.7% req_rate=0.00/min idle=True
2026-05-17 23:21:12,092 [INFO] LOAD cpu=1.6% mem=+3.8% req_rate=0.00/min idle=True
2026-05-17 23:21:23,094 [INFO] LOAD cpu=1.6% mem=+3.9% req_rate=0.00/min idle=True
2026-05-17 23:21:34,095 [INFO] LOAD cpu=1.8% mem=+4.0% req_rate=0.00/min idle=True
2026-05-17 23:21:45,096 [INFO] LOAD cpu=1.8% mem=+3.9% req_rate=0.00/min idle=True
2026-05-17 23:21:56,098 [INFO] LOAD cpu=2.9% mem=+4.0% req_rate=0.00/min idle=True
2026-05-17 23:22:10,141 [INFO] LOAD cpu=1.5% mem=+3.9% req_rate=0.00/min idle=True
2026-05-17 23:22:21,142 [INFO] LOAD cpu=3.0% mem=+3.7% req_rate=0.00/min idle=True
2026-05-17 23:22:32,144 [INFO] LOAD cpu=1.8% mem=+3.7% req_rate=0.00/min idle=True
2026-05-17 23:22:43,145 [INFO] LOAD cpu=1.6% mem=+3.6% req_rate=0.00/min idle=True
2026-05-17 23:22:54,147 [INFO] LOAD cpu=1.5% mem=+3.8% req_rate=0.00/min idle=True
2026-05-17 23:23:05,148 [INFO] LOAD cpu=2.3% mem=+3.9% req_rate=0.00/min idle=True
2026-05-17 23:23:19,174 [INFO] LOAD cpu=1.8% mem=+3.8% req_rate=0.00/min idle=True
2026-05-17 23:23:30,175 [INFO] LOAD cpu=1.5% mem=+3.8% req_rate=0.00/min idle=True
2026-05-17 23:23:41,176 [INFO] LOAD cpu=3.0% mem=+3.6% req_rate=0.00/min idle=True
2026-05-17 23:23:52,178 [INFO] LOAD cpu=1.6% mem=+3.6% req_rate=0.00/min idle=True
2026-05-17 23:24:03,179 [INFO] LOAD cpu=2.5% mem=+3.7% req_rate=0.00/min idle=True
2026-05-17 23:24:14,180 [INFO] LOAD cpu=1.8% mem=+3.8% req_rate=0.00/min idle=True
2026-05-17 23:24:28,112 [INFO] LOAD cpu=1.5% mem=+3.8% req_rate=0.00/min idle=True
2026-05-17 23:24:39,113 [INFO] LOAD cpu=1.8% mem=+3.8% req_rate=0.00/min idle=True
2026-05-17 23:24:50,114 [INFO] LOAD cpu=1.7% mem=+3.9% req_rate=0.00/min idle=True
2026-05-17 23:25:01,116 [INFO] LOAD cpu=2.1% mem=+3.9% req_rate=0.00/min idle=True
2026-05-17 23:25:12,117 [INFO] LOAD cpu=2.8% mem=+3.9% req_rate=0.00/min idle=True
2026-05-17 23:25:23,119 [INFO] LOAD cpu=1.6% mem=+4.0% req_rate=0.00/min idle=True
2026-05-17 23:25:36,777 [INFO] LOAD cpu=3.3% mem=+3.9% req_rate=0.00/min idle=True
2026-05-17 23:25:47,778 [INFO] LOAD cpu=1.8% mem=+3.8% req_rate=0.00/min idle=True
2026-05-17 23:25:58,779 [INFO] LOAD cpu=1.6% mem=+3.8% req_rate=0.00/min idle=True
2026-05-17 23:26:09,781 [INFO] LOAD cpu=1.5% mem=+3.9% req_rate=0.00/min idle=True
2026-05-17 23:26:20,782 [INFO] LOAD cpu=1.9% mem=+4.0% req_rate=0.00/min idle=True
2026-05-17 23:26:31,783 [INFO] LOAD cpu=3.2% mem=+3.8% req_rate=0.00/min idle=True
2026-05-17 23:26:45,951 [INFO] LOAD cpu=1.9% mem=+3.7% req_rate=0.00/min idle=True
2026-05-17 23:26:56,952 [INFO] LOAD cpu=2.5% mem=+3.7% req_rate=0.00/min idle=True
2026-05-17 23:27:07,954 [INFO] LOAD cpu=2.1% mem=+3.7% req_rate=0.00/min idle=True
2026-05-17 23:27:18,955 [INFO] LOAD cpu=3.4% mem=+3.8% req_rate=0.00/min idle=True
2026-05-17 23:27:29,956 [INFO] LOAD cpu=1.6% mem=+3.8% req_rate=0.00/min idle=True
2026-05-17 23:27:40,958 [INFO] LOAD cpu=1.3% mem=+4.0% req_rate=0.00/min idle=True
2026-05-17 23:27:54,911 [INFO] LOAD cpu=1.5% mem=+3.8% req_rate=0.00/min idle=True
2026-05-17 23:28:05,912 [INFO] LOAD cpu=1.8% mem=+3.7% req_rate=0.00/min idle=True
2026-05-17 23:28:16,913 [INFO] LOAD cpu=3.4% mem=+3.8% req_rate=0.00/min idle=True
2026-05-17 23:28:27,915 [INFO] LOAD cpu=1.8% mem=+3.0% req_rate=0.00/min idle=True
2026-05-17 23:28:38,916 [INFO] LOAD cpu=2.0% mem=+2.3% req_rate=0.00/min idle=True
2026-05-17 23:28:49,917 [INFO] LOAD cpu=1.7% mem=+0.8% req_rate=0.00/min idle=True
2026-05-17 23:29:04,499 [INFO] LOAD cpu=1.3% mem=+0.9% req_rate=0.00/min idle=True
2026-05-17 23:29:15,501 [INFO] LOAD cpu=1.5% mem=+0.9% req_rate=0.00/min idle=True
2026-05-17 23:29:26,502 [INFO] LOAD cpu=2.8% mem=+1.0% req_rate=0.00/min idle=True
2026-05-17 23:29:37,504 [INFO] LOAD cpu=2.1% mem=+0.4% req_rate=0.00/min idle=True
2026-05-17 23:29:48,505 [INFO] LOAD cpu=1.7% mem=+0.3% req_rate=0.00/min idle=True
2026-05-17 23:29:59,506 [INFO] LOAD cpu=1.3% mem=+0.4% req_rate=0.00/min idle=True
2026-05-17 23:30:13,465 [INFO] LOAD cpu=1.7% mem=+0.6% req_rate=0.00/min idle=True
2026-05-17 23:30:24,467 [INFO] LOAD cpu=2.0% mem=+0.6% req_rate=0.00/min idle=True
2026-05-17 23:30:35,468 [INFO] LOAD cpu=1.9% mem=+0.8% req_rate=0.00/min idle=True
2026-05-17 23:30:46,470 [INFO] LOAD cpu=3.0% mem=+0.7% req_rate=0.00/min idle=True
2026-05-17 23:30:57,471 [INFO] LOAD cpu=2.1% mem=+0.7% req_rate=0.00/min idle=True
2026-05-17 23:31:08,472 [INFO] LOAD cpu=1.5% mem=+0.7% req_rate=0.00/min idle=True
2026-05-17 23:31:22,472 [INFO] LOAD cpu=2.7% mem=+0.6% req_rate=0.00/min idle=True
2026-05-17 23:31:33,474 [INFO] LOAD cpu=2.1% mem=+0.7% req_rate=0.00/min idle=True
2026-05-17 23:31:44,475 [INFO] LOAD cpu=1.5% mem=+0.5% req_rate=0.00/min idle=True
2026-05-17 23:31:55,476 [INFO] LOAD cpu=1.8% mem=+0.6% req_rate=0.00/min idle=True
2026-05-17 23:32:06,478 [INFO] LOAD cpu=3.2% mem=+0.9% req_rate=0.00/min idle=True
2026-05-17 23:32:17,479 [INFO] LOAD cpu=2.5% mem=+0.9% req_rate=0.00/min idle=True
2026-05-17 23:32:31,360 [INFO] LOAD cpu=1.6% mem=+0.9% req_rate=0.00/min idle=True
2026-05-17 23:32:42,362 [INFO] LOAD cpu=3.0% mem=+0.6% req_rate=0.00/min idle=True
2026-05-17 23:32:53,363 [INFO] LOAD cpu=1.8% mem=+0.6% req_rate=0.00/min idle=True
2026-05-17 23:33:04,364 [INFO] LOAD cpu=1.9% mem=+0.6% req_rate=0.00/min idle=True
2026-05-17 23:33:15,366 [INFO] LOAD cpu=1.5% mem=+0.7% req_rate=0.00/min idle=True
2026-05-17 23:33:26,367 [INFO] LOAD cpu=1.7% mem=+0.8% req_rate=0.00/min idle=True
2026-05-17 23:33:40,601 [INFO] LOAD cpu=1.6% mem=+0.9% req_rate=0.00/min idle=True
2026-05-17 23:33:51,603 [INFO] LOAD cpu=3.0% mem=+0.8% req_rate=0.00/min idle=True
2026-05-17 23:34:02,604 [INFO] LOAD cpu=1.7% mem=+0.7% req_rate=0.00/min idle=True
2026-05-17 23:34:13,605 [INFO] LOAD cpu=2.4% mem=+0.7% req_rate=0.00/min idle=True
2026-05-17 23:34:24,607 [INFO] LOAD cpu=5.3% mem=+0.8% req_rate=0.00/min idle=True
2026-05-17 23:34:35,608 [INFO] LOAD cpu=1.3% mem=+0.7% req_rate=0.00/min idle=True
2026-05-17 23:34:49,844 [INFO] LOAD cpu=2.0% mem=+0.8% req_rate=0.00/min idle=True
2026-05-17 23:35:00,846 [INFO] LOAD cpu=1.8% mem=+0.7% req_rate=0.00/min idle=True
2026-05-17 23:35:11,847 [INFO] LOAD cpu=4.3% mem=+0.9% req_rate=0.00/min idle=True
2026-05-17 23:35:22,848 [INFO] LOAD cpu=2.1% mem=+1.0% req_rate=0.00/min idle=True
2026-05-17 23:35:33,850 [INFO] LOAD cpu=1.6% mem=+0.7% req_rate=0.00/min idle=True
2026-05-17 23:35:44,851 [INFO] LOAD cpu=1.8% mem=+0.7% req_rate=0.00/min idle=True
2026-05-17 23:35:58,809 [INFO] LOAD cpu=1.5% mem=+0.7% req_rate=0.00/min idle=True
2026-05-17 23:36:09,810 [INFO] LOAD cpu=1.4% mem=+0.7% req_rate=0.00/min idle=True
2026-05-17 23:36:20,812 [INFO] LOAD cpu=2.0% mem=+0.8% req_rate=0.00/min idle=True
2026-05-17 23:36:31,813 [INFO] LOAD cpu=3.5% mem=+0.8% req_rate=0.00/min idle=True
2026-05-17 23:36:42,814 [INFO] LOAD cpu=1.9% mem=+0.9% req_rate=0.00/min idle=True
2026-05-17 23:36:53,816 [INFO] LOAD cpu=1.4% mem=+0.8% req_rate=0.00/min idle=True
2026-05-17 23:37:07,722 [INFO] LOAD cpu=1.8% mem=+0.7% req_rate=0.00/min idle=True
2026-05-17 23:37:18,724 [INFO] LOAD cpu=2.3% mem=+0.8% req_rate=0.00/min idle=True
2026-05-17 23:37:29,725 [INFO] LOAD cpu=2.0% mem=+0.7% req_rate=0.00/min idle=True
2026-05-17 23:37:40,726 [INFO] LOAD cpu=1.3% mem=+0.8% req_rate=0.00/min idle=True
2026-05-17 23:37:51,728 [INFO] LOAD cpu=2.8% mem=+0.9% req_rate=0.00/min idle=True
2026-05-17 23:38:02,729 [INFO] LOAD cpu=2.5% mem=+1.0% req_rate=0.00/min idle=True
2026-05-17 23:38:16,691 [INFO] LOAD cpu=2.9% mem=+0.9% req_rate=0.00/min idle=True
2026-05-17 23:38:27,692 [INFO] LOAD cpu=1.7% mem=+0.9% req_rate=0.00/min idle=True
2026-05-17 23:38:38,694 [INFO] LOAD cpu=1.4% mem=+0.8% req_rate=0.00/min idle=True
2026-05-17 23:38:49,695 [INFO] LOAD cpu=1.5% mem=+0.8% req_rate=0.00/min idle=True
2026-05-17 23:39:00,696 [INFO] LOAD cpu=2.3% mem=+0.9% req_rate=0.00/min idle=True
2026-05-17 23:39:11,698 [INFO] LOAD cpu=4.2% mem=+0.8% req_rate=0.00/min idle=True
2026-05-17 23:39:25,957 [INFO] LOAD cpu=2.1% mem=+0.6% req_rate=0.00/min idle=True
2026-05-17 23:39:36,958 [INFO] LOAD cpu=2.7% mem=+0.9% req_rate=0.00/min idle=True
2026-05-17 23:39:47,959 [INFO] LOAD cpu=2.5% mem=+1.0% req_rate=0.00/min idle=True
2026-05-17 23:39:58,961 [INFO] LOAD cpu=2.3% mem=+0.9% req_rate=0.00/min idle=True
2026-05-17 23:40:09,962 [INFO] LOAD cpu=1.5% mem=+0.7% req_rate=0.00/min idle=True
2026-05-17 23:40:20,963 [INFO] LOAD cpu=1.8% mem=+0.8% req_rate=0.00/min idle=True
2026-05-17 23:40:34,824 [INFO] LOAD cpu=1.8% mem=+0.7% req_rate=0.00/min idle=True
2026-05-17 23:40:45,826 [INFO] LOAD cpu=1.8% mem=+0.7% req_rate=0.00/min idle=True
2026-05-17 23:40:56,827 [INFO] LOAD cpu=3.0% mem=+0.8% req_rate=0.00/min idle=True
2026-05-17 23:41:07,829 [INFO] LOAD cpu=2.0% mem=+0.9% req_rate=0.00/min idle=True
2026-05-17 23:41:18,830 [INFO] LOAD cpu=1.6% mem=+1.0% req_rate=0.00/min idle=True
2026-05-17 23:41:29,831 [INFO] LOAD cpu=1.8% mem=+0.9% req_rate=0.00/min idle=True
2026-05-17 23:41:43,921 [INFO] LOAD cpu=2.0% mem=+0.8% req_rate=0.00/min idle=True
2026-05-17 23:41:54,923 [INFO] LOAD cpu=1.6% mem=+0.8% req_rate=0.00/min idle=True
2026-05-17 23:42:05,924 [INFO] LOAD cpu=1.5% mem=+0.8% req_rate=0.00/min idle=True
2026-05-17 23:42:16,925 [INFO] LOAD cpu=2.8% mem=+0.9% req_rate=0.00/min idle=True
2026-05-17 23:42:27,927 [INFO] LOAD cpu=2.2% mem=+0.8% req_rate=0.00/min idle=True
2026-05-17 23:42:38,928 [INFO] LOAD cpu=2.2% mem=+0.9% req_rate=0.00/min idle=True
2026-05-17 23:42:52,684 [INFO] LOAD cpu=3.3% mem=+0.9% req_rate=0.00/min idle=True
2026-05-17 23:43:03,686 [INFO] LOAD cpu=2.1% mem=+0.6% req_rate=0.00/min idle=True
2026-05-17 23:43:14,687 [INFO] LOAD cpu=1.2% mem=+0.7% req_rate=0.00/min idle=True
2026-05-17 23:43:25,688 [INFO] LOAD cpu=2.2% mem=+0.6% req_rate=0.00/min idle=True
2026-05-17 23:43:36,690 [INFO] LOAD cpu=1.6% mem=+0.8% req_rate=0.00/min idle=True
2026-05-17 23:43:47,691 [INFO] LOAD cpu=2.9% mem=+0.8% req_rate=0.00/min idle=True
2026-05-17 23:44:01,770 [INFO] LOAD cpu=2.0% mem=+0.7% req_rate=0.00/min idle=True
2026-05-17 23:44:12,772 [INFO] LOAD cpu=3.2% mem=+0.9% req_rate=0.00/min idle=True
2026-05-17 23:44:23,774 [INFO] LOAD cpu=2.0% mem=+0.7% req_rate=0.00/min idle=True
2026-05-17 23:44:34,775 [INFO] LOAD cpu=1.8% mem=+0.7% req_rate=0.00/min idle=True
2026-05-17 23:44:45,776 [INFO] LOAD cpu=1.5% mem=+0.7% req_rate=0.00/min idle=True
2026-05-17 23:44:56,778 [INFO] LOAD cpu=2.0% mem=+0.6% req_rate=0.00/min idle=True
2026-05-17 23:45:10,702 [INFO] LOAD cpu=2.3% mem=+0.7% req_rate=0.00/min idle=True
2026-05-17 23:45:21,703 [INFO] LOAD cpu=1.7% mem=+0.6% req_rate=0.00/min idle=True
2026-05-17 23:45:32,705 [INFO] LOAD cpu=4.2% mem=+0.7% req_rate=0.00/min idle=True
2026-05-17 23:45:43,706 [INFO] LOAD cpu=1.4% mem=+0.8% req_rate=0.00/min idle=True
2026-05-17 23:45:54,707 [INFO] LOAD cpu=1.7% mem=+0.8% req_rate=0.00/min idle=True
2026-05-17 23:46:05,709 [INFO] LOAD cpu=2.1% mem=+0.7% req_rate=0.00/min idle=True
2026-05-17 23:46:19,903 [INFO] LOAD cpu=1.6% mem=+0.8% req_rate=0.00/min idle=True
2026-05-17 23:46:30,905 [INFO] LOAD cpu=1.8% mem=+0.7% req_rate=0.00/min idle=True
2026-05-17 23:46:41,906 [INFO] LOAD cpu=2.5% mem=+0.7% req_rate=0.00/min idle=True
2026-05-17 23:46:52,907 [INFO] LOAD cpu=2.6% mem=+0.7% req_rate=0.00/min idle=True
2026-05-17 23:47:03,909 [INFO] LOAD cpu=1.5% mem=+0.9% req_rate=0.00/min idle=True
2026-05-17 23:47:14,910 [INFO] LOAD cpu=5.2% mem=+0.9% req_rate=0.00/min idle=True
2026-05-17 23:47:28,938 [INFO] LOAD cpu=1.6% mem=+0.9% req_rate=0.00/min idle=True
2026-05-17 23:47:39,940 [INFO] LOAD cpu=1.8% mem=+0.7% req_rate=0.00/min idle=True
2026-05-17 23:47:50,941 [INFO] LOAD cpu=6.1% mem=+0.8% req_rate=0.00/min idle=True
2026-05-17 23:48:01,942 [INFO] LOAD cpu=2.9% mem=+0.8% req_rate=0.00/min idle=True
2026-05-17 23:48:12,944 [INFO] LOAD cpu=2.3% mem=+0.9% req_rate=0.00/min idle=True
2026-05-17 23:48:23,945 [INFO] LOAD cpu=1.4% mem=+0.8% req_rate=0.00/min idle=True
2026-05-17 23:48:37,741 [INFO] LOAD cpu=4.3% mem=+1.0% req_rate=0.00/min idle=True
2026-05-17 23:48:48,743 [INFO] LOAD cpu=2.0% mem=+0.8% req_rate=0.00/min idle=True
2026-05-17 23:48:59,744 [INFO] LOAD cpu=1.5% mem=+1.0% req_rate=0.00/min idle=True
2026-05-17 23:49:10,745 [INFO] LOAD cpu=5.9% mem=+0.8% req_rate=0.00/min idle=True
2026-05-17 23:49:21,746 [INFO] LOAD cpu=1.6% mem=+0.9% req_rate=0.00/min idle=True
2026-05-17 23:49:32,748 [INFO] LOAD cpu=4.4% mem=+0.8% req_rate=0.00/min idle=True
2026-05-17 23:49:46,823 [INFO] LOAD cpu=6.2% mem=+0.8% req_rate=0.00/min idle=True
2026-05-17 23:49:57,825 [INFO] LOAD cpu=3.5% mem=+0.9% req_rate=0.00/min idle=True
2026-05-17 23:50:08,826 [INFO] LOAD cpu=1.9% mem=+0.9% req_rate=0.00/min idle=True
2026-05-17 23:50:19,827 [INFO] LOAD cpu=1.9% mem=+1.1% req_rate=0.00/min idle=True
2026-05-17 23:50:30,829 [INFO] LOAD cpu=2.1% mem=+0.8% req_rate=0.00/min idle=True
2026-05-17 23:50:41,830 [INFO] LOAD cpu=1.2% mem=+0.9% req_rate=0.00/min idle=True
2026-05-17 23:50:56,072 [INFO] LOAD cpu=1.7% mem=+0.8% req_rate=0.00/min idle=True
2026-05-17 23:51:07,073 [INFO] LOAD cpu=2.7% mem=+0.8% req_rate=0.00/min idle=True
2026-05-17 23:51:18,075 [INFO] LOAD cpu=4.4% mem=+0.9% req_rate=0.00/min idle=True
2026-05-17 23:51:29,076 [INFO] LOAD cpu=1.6% mem=+0.8% req_rate=0.00/min idle=True
2026-05-17 23:51:40,077 [INFO] LOAD cpu=1.6% mem=+1.0% req_rate=0.00/min idle=True
2026-05-17 23:51:51,079 [INFO] LOAD cpu=1.6% mem=+0.9% req_rate=0.00/min idle=True
2026-05-17 23:52:04,973 [INFO] LOAD cpu=1.8% mem=+0.8% req_rate=0.00/min idle=True
2026-05-17 23:52:15,974 [INFO] LOAD cpu=2.1% mem=+0.8% req_rate=0.00/min idle=True
2026-05-17 23:52:26,976 [INFO] LOAD cpu=1.7% mem=+0.8% req_rate=0.00/min idle=True
2026-05-17 23:52:37,977 [INFO] LOAD cpu=3.8% mem=+0.8% req_rate=0.00/min idle=True
2026-05-17 23:52:48,978 [INFO] LOAD cpu=2.0% mem=+0.7% req_rate=0.00/min idle=True
2026-05-17 23:52:59,980 [INFO] LOAD cpu=2.0% mem=+0.8% req_rate=0.00/min idle=True
2026-05-17 23:53:13,834 [INFO] LOAD cpu=1.3% mem=+0.8% req_rate=0.00/min idle=True
2026-05-17 23:53:24,836 [INFO] LOAD cpu=1.5% mem=+0.9% req_rate=0.00/min idle=True
2026-05-17 23:53:35,837 [INFO] LOAD cpu=1.8% mem=+1.0% req_rate=0.00/min idle=True
2026-05-17 23:53:46,838 [INFO] LOAD cpu=2.0% mem=+0.9% req_rate=0.00/min idle=True
2026-05-17 23:53:57,840 [INFO] LOAD cpu=3.7% mem=+0.9% req_rate=0.00/min idle=True
2026-05-17 23:54:08,841 [INFO] LOAD cpu=1.6% mem=+0.8% req_rate=0.00/min idle=True
2026-05-17 23:54:22,664 [INFO] LOAD cpu=3.4% mem=+0.7% req_rate=0.00/min idle=True
2026-05-17 23:54:33,666 [INFO] LOAD cpu=1.9% mem=+0.9% req_rate=0.00/min idle=True
2026-05-17 23:54:44,667 [INFO] LOAD cpu=1.9% mem=+1.0% req_rate=0.00/min idle=True
2026-05-17 23:54:55,668 [INFO] LOAD cpu=1.6% mem=+0.9% req_rate=0.00/min idle=True
2026-05-17 23:55:06,670 [INFO] LOAD cpu=1.9% mem=+0.7% req_rate=0.00/min idle=True
2026-05-17 23:55:17,671 [INFO] LOAD cpu=8.0% mem=+1.2% req_rate=0.00/min idle=True
2026-05-17 23:55:31,716 [INFO] LOAD cpu=1.6% mem=+0.8% req_rate=0.00/min idle=True
2026-05-17 23:55:42,718 [INFO] LOAD cpu=3.5% mem=+0.9% req_rate=0.00/min idle=True
2026-05-17 23:55:53,719 [INFO] LOAD cpu=1.8% mem=+0.9% req_rate=0.00/min idle=True
2026-05-17 23:56:04,721 [INFO] LOAD cpu=1.5% mem=+1.0% req_rate=0.00/min idle=True
2026-05-17 23:56:15,722 [INFO] LOAD cpu=1.6% mem=+1.0% req_rate=0.00/min idle=True
2026-05-17 23:56:26,723 [INFO] LOAD cpu=1.3% mem=+0.9% req_rate=0.00/min idle=True
2026-05-17 23:56:40,613 [INFO] LOAD cpu=1.9% mem=+0.8% req_rate=0.00/min idle=True
2026-05-17 23:56:51,614 [INFO] LOAD cpu=1.6% mem=+0.8% req_rate=0.00/min idle=True
2026-05-17 23:57:02,616 [INFO] LOAD cpu=3.2% mem=+0.7% req_rate=0.00/min idle=True
2026-05-17 23:57:13,617 [INFO] LOAD cpu=4.1% mem=+0.8% req_rate=0.00/min idle=True
2026-05-17 23:57:24,618 [INFO] LOAD cpu=1.5% mem=+0.8% req_rate=0.00/min idle=True
2026-05-17 23:57:35,620 [INFO] LOAD cpu=1.7% mem=+1.0% req_rate=0.00/min idle=True
2026-05-17 23:57:49,926 [INFO] LOAD cpu=1.5% mem=+0.9% req_rate=0.00/min idle=True
2026-05-17 23:58:00,928 [INFO] LOAD cpu=6.1% mem=+0.8% req_rate=0.00/min idle=True
2026-05-17 23:58:11,929 [INFO] LOAD cpu=1.8% mem=+0.8% req_rate=0.00/min idle=True
2026-05-17 23:58:22,931 [INFO] LOAD cpu=4.1% mem=+0.8% req_rate=0.00/min idle=True
2026-05-17 23:58:33,932 [INFO] LOAD cpu=1.5% mem=+0.8% req_rate=0.00/min idle=True
2026-05-17 23:58:44,933 [INFO] LOAD cpu=6.0% mem=+0.8% req_rate=0.00/min idle=True
2026-05-17 23:58:58,889 [INFO] LOAD cpu=1.5% mem=+0.9% req_rate=0.00/min idle=True
2026-05-17 23:59:09,891 [INFO] LOAD cpu=1.7% mem=+1.0% req_rate=0.00/min idle=True
2026-05-17 23:59:20,892 [INFO] LOAD cpu=1.8% mem=+0.9% req_rate=0.00/min idle=True
2026-05-17 23:59:31,893 [INFO] LOAD cpu=1.6% mem=+0.8% req_rate=0.00/min idle=True
2026-05-17 23:59:42,895 [INFO] LOAD cpu=3.5% mem=+0.8% req_rate=0.00/min idle=True
2026-05-17 23:59:53,896 [INFO] LOAD cpu=2.2% mem=+0.9% req_rate=0.00/min idle=True
2026-05-18 00:00:07,654 [INFO] LOAD cpu=8.1% mem=+0.8% req_rate=0.00/min idle=True
2026-05-18 00:00:18,655 [INFO] LOAD cpu=1.6% mem=+1.1% req_rate=0.00/min idle=True
2026-05-18 00:00:29,656 [INFO] LOAD cpu=1.5% mem=+0.7% req_rate=0.00/min idle=True
2026-05-18 00:00:40,658 [INFO] LOAD cpu=1.5% mem=+1.0% req_rate=0.00/min idle=True
2026-05-18 00:00:51,659 [INFO] LOAD cpu=1.9% mem=+0.8% req_rate=0.00/min idle=True
2026-05-18 00:01:02,660 [INFO] LOAD cpu=3.2% mem=+0.7% req_rate=0.00/min idle=True
2026-05-18 00:01:16,486 [INFO] LOAD cpu=1.1% mem=+0.8% req_rate=0.00/min idle=True
2026-05-18 00:01:27,487 [INFO] LOAD cpu=3.4% mem=+0.7% req_rate=0.00/min idle=True
2026-05-18 00:01:38,488 [INFO] LOAD cpu=1.9% mem=+0.4% req_rate=0.00/min idle=True
2026-05-18 00:01:49,490 [INFO] LOAD cpu=2.1% mem=+0.5% req_rate=0.00/min idle=True
2026-05-18 00:02:00,491 [INFO] LOAD cpu=2.1% mem=+0.5% req_rate=0.00/min idle=True
2026-05-18 00:02:11,492 [INFO] LOAD cpu=2.4% mem=+0.6% req_rate=0.00/min idle=True
2026-05-18 00:02:25,688 [INFO] LOAD cpu=1.6% mem=+0.7% req_rate=0.00/min idle=True
2026-05-18 00:02:36,689 [INFO] LOAD cpu=1.5% mem=+0.6% req_rate=0.00/min idle=True
2026-05-18 00:02:47,690 [INFO] LOAD cpu=3.8% mem=+0.4% req_rate=0.00/min idle=True
2026-05-18 00:02:58,692 [INFO] LOAD cpu=1.6% mem=+0.5% req_rate=0.00/min idle=True
2026-05-18 00:03:09,693 [INFO] LOAD cpu=1.5% mem=+0.5% req_rate=0.00/min idle=True
2026-05-18 00:03:20,694 [INFO] LOAD cpu=1.4% mem=+0.4% req_rate=0.00/min idle=True
2026-05-18 00:03:35,275 [INFO] LOAD cpu=1.8% mem=+0.7% req_rate=0.00/min idle=True
2026-05-18 00:03:46,276 [INFO] LOAD cpu=2.1% mem=+0.6% req_rate=0.00/min idle=True
2026-05-18 00:03:57,278 [INFO] LOAD cpu=2.0% mem=+0.6% req_rate=0.00/min idle=True
2026-05-18 00:04:08,279 [INFO] LOAD cpu=3.1% mem=+0.5% req_rate=0.00/min idle=True
2026-05-18 00:04:19,280 [INFO] LOAD cpu=1.6% mem=+0.6% req_rate=0.00/min idle=True
2026-05-18 00:04:30,282 [INFO] LOAD cpu=1.5% mem=+0.5% req_rate=0.00/min idle=True
2026-05-18 00:04:44,445 [INFO] LOAD cpu=1.5% mem=+0.4% req_rate=0.00/min idle=True
2026-05-18 00:04:55,447 [INFO] LOAD cpu=1.3% mem=+0.4% req_rate=0.00/min idle=True
2026-05-18 00:05:06,448 [INFO] LOAD cpu=1.3% mem=+0.5% req_rate=0.00/min idle=True
2026-05-18 00:05:17,449 [INFO] LOAD cpu=2.3% mem=+0.9% req_rate=0.00/min idle=True
2026-05-18 00:05:28,451 [INFO] LOAD cpu=3.5% mem=+0.6% req_rate=0.00/min idle=True
2026-05-18 00:05:39,452 [INFO] LOAD cpu=1.4% mem=+0.6% req_rate=0.00/min idle=True
2026-05-18 00:05:54,096 [INFO] LOAD cpu=1.3% mem=+0.5% req_rate=0.00/min idle=True
2026-05-18 00:06:05,097 [INFO] LOAD cpu=1.4% mem=+0.4% req_rate=0.00/min idle=True
2026-05-18 00:06:16,098 [INFO] LOAD cpu=2.1% mem=+0.5% req_rate=0.00/min idle=True
2026-05-18 00:06:27,100 [INFO] LOAD cpu=1.6% mem=+0.5% req_rate=0.00/min idle=True
2026-05-18 00:06:38,101 [INFO] LOAD cpu=3.3% mem=+0.6% req_rate=0.00/min idle=True
2026-05-18 00:06:49,103 [INFO] LOAD cpu=2.3% mem=+0.6% req_rate=0.00/min idle=True
2026-05-18 00:07:03,182 [INFO] LOAD cpu=3.2% mem=+0.5% req_rate=0.00/min idle=True
2026-05-18 00:07:14,183 [INFO] LOAD cpu=1.6% mem=+0.5% req_rate=0.00/min idle=True
2026-05-18 00:07:25,185 [INFO] LOAD cpu=2.2% mem=+0.6% req_rate=0.00/min idle=True
2026-05-18 00:07:36,186 [INFO] LOAD cpu=1.6% mem=+0.6% req_rate=0.00/min idle=True
2026-05-18 00:07:47,187 [INFO] LOAD cpu=1.2% mem=+0.6% req_rate=0.00/min idle=True
2026-05-18 00:07:58,189 [INFO] LOAD cpu=3.5% mem=+0.7% req_rate=0.00/min idle=True
2026-05-18 00:08:11,994 [INFO] LOAD cpu=1.4% mem=+0.8% req_rate=0.00/min idle=True
2026-05-18 00:08:22,996 [INFO] LOAD cpu=3.0% mem=+0.7% req_rate=0.00/min idle=True
2026-05-18 00:08:33,997 [INFO] LOAD cpu=1.3% mem=+0.6% req_rate=0.00/min idle=True
2026-05-18 00:08:44,998 [INFO] LOAD cpu=1.8% mem=+0.5% req_rate=0.00/min idle=True
2026-05-18 00:08:56,000 [INFO] LOAD cpu=1.8% mem=+0.6% req_rate=0.00/min idle=True
2026-05-18 00:09:07,001 [INFO] LOAD cpu=1.8% mem=+0.6% req_rate=0.00/min idle=True
2026-05-18 00:09:20,744 [INFO] LOAD cpu=1.8% mem=+0.7% req_rate=0.00/min idle=True
2026-05-18 00:09:31,746 [INFO] LOAD cpu=1.7% mem=+0.7% req_rate=0.00/min idle=True
2026-05-18 00:09:42,747 [INFO] LOAD cpu=3.8% mem=+0.9% req_rate=0.00/min idle=True
2026-05-18 00:09:53,748 [INFO] LOAD cpu=2.1% mem=+0.9% req_rate=0.00/min idle=True
2026-05-18 00:10:04,750 [INFO] LOAD cpu=1.4% mem=+0.7% req_rate=0.00/min idle=True
2026-05-18 00:10:15,751 [INFO] LOAD cpu=1.3% mem=+0.7% req_rate=0.00/min idle=True
2026-05-18 00:10:29,670 [INFO] LOAD cpu=1.5% mem=+0.8% req_rate=0.00/min idle=True
2026-05-18 00:10:40,671 [INFO] LOAD cpu=1.8% mem=+0.8% req_rate=0.00/min idle=True
2026-05-18 00:10:51,673 [INFO] LOAD cpu=1.5% mem=+0.7% req_rate=0.00/min idle=True
2026-05-18 00:11:02,674 [INFO] LOAD cpu=3.9% mem=+1.0% req_rate=0.00/min idle=True
2026-05-18 00:11:13,675 [INFO] LOAD cpu=2.0% mem=+1.0% req_rate=0.00/min idle=True
2026-05-18 00:11:24,677 [INFO] LOAD cpu=1.9% mem=+0.8% req_rate=0.00/min idle=True
2026-05-18 00:11:39,431 [INFO] LOAD cpu=2.1% mem=+0.6% req_rate=0.00/min idle=True
2026-05-18 00:11:50,432 [INFO] LOAD cpu=1.6% mem=+0.6% req_rate=0.00/min idle=True
2026-05-18 00:12:01,434 [INFO] LOAD cpu=1.2% mem=+0.6% req_rate=0.00/min idle=True
2026-05-18 00:12:12,435 [INFO] LOAD cpu=2.3% mem=+0.5% req_rate=0.00/min idle=True
2026-05-18 00:12:23,436 [INFO] LOAD cpu=3.5% mem=+0.5% req_rate=0.00/min idle=True
2026-05-18 00:12:34,437 [INFO] LOAD cpu=1.3% mem=+0.7% req_rate=0.00/min idle=True
2026-05-18 00:12:48,487 [INFO] LOAD cpu=3.3% mem=+0.7% req_rate=0.00/min idle=True
2026-05-18 00:12:59,488 [INFO] LOAD cpu=1.6% mem=+0.7% req_rate=0.00/min idle=True
2026-05-18 00:13:10,490 [INFO] LOAD cpu=1.8% mem=+0.7% req_rate=0.00/min idle=True
2026-05-18 00:13:21,491 [INFO] LOAD cpu=1.9% mem=+0.7% req_rate=0.00/min idle=True
2026-05-18 00:13:32,493 [INFO] LOAD cpu=2.5% mem=+0.6% req_rate=0.00/min idle=True
2026-05-18 00:13:43,494 [INFO] LOAD cpu=2.9% mem=+0.7% req_rate=0.00/min idle=True
2026-05-18 00:13:57,505 [INFO] LOAD cpu=1.8% mem=+0.7% req_rate=0.00/min idle=True
2026-05-18 00:14:08,506 [INFO] LOAD cpu=3.1% mem=+0.7% req_rate=0.00/min idle=True
2026-05-18 00:14:19,508 [INFO] LOAD cpu=2.0% mem=+0.8% req_rate=0.00/min idle=True
2026-05-18 00:14:30,509 [INFO] LOAD cpu=1.6% mem=+0.8% req_rate=0.00/min idle=True
2026-05-18 00:14:41,510 [INFO] LOAD cpu=1.3% mem=+0.7% req_rate=0.00/min idle=True
2026-05-18 00:14:52,511 [INFO] LOAD cpu=1.8% mem=+0.6% req_rate=0.00/min idle=True
2026-05-18 00:15:06,180 [INFO] LOAD cpu=1.7% mem=+0.6% req_rate=0.00/min idle=True
2026-05-18 00:15:17,181 [INFO] LOAD cpu=1.5% mem=+0.9% req_rate=0.00/min idle=True
2026-05-18 00:15:28,183 [INFO] LOAD cpu=3.1% mem=+0.6% req_rate=0.00/min idle=True
2026-05-18 00:15:39,184 [INFO] LOAD cpu=1.5% mem=+0.8% req_rate=0.00/min idle=True
2026-05-18 00:15:50,185 [INFO] LOAD cpu=2.1% mem=+0.8% req_rate=0.00/min idle=True
2026-05-18 00:16:01,187 [INFO] LOAD cpu=5.1% mem=+0.7% req_rate=0.00/min idle=True
2026-05-18 00:16:15,042 [INFO] LOAD cpu=1.6% mem=+0.7% req_rate=0.00/min idle=True
2026-05-18 00:16:26,043 [INFO] LOAD cpu=1.8% mem=+0.7% req_rate=0.00/min idle=True
2026-05-18 00:16:37,044 [INFO] LOAD cpu=1.9% mem=+0.7% req_rate=0.00/min idle=True
2026-05-18 00:16:48,046 [INFO] LOAD cpu=3.6% mem=+0.7% req_rate=0.00/min idle=True
2026-05-18 00:16:59,047 [INFO] LOAD cpu=2.3% mem=+0.7% req_rate=0.00/min idle=True
2026-05-18 00:17:10,048 [INFO] LOAD cpu=2.0% mem=+0.8% req_rate=0.00/min idle=True
2026-05-18 00:17:24,403 [INFO] LOAD cpu=1.7% mem=+0.8% req_rate=0.00/min idle=True
2026-05-18 00:17:35,404 [INFO] LOAD cpu=1.9% mem=+0.9% req_rate=0.00/min idle=True
2026-05-18 00:17:46,406 [INFO] LOAD cpu=2.4% mem=+0.9% req_rate=0.00/min idle=True
2026-05-18 00:17:57,407 [INFO] LOAD cpu=2.0% mem=+0.9% req_rate=0.00/min idle=True
2026-05-18 00:18:08,408 [INFO] LOAD cpu=3.0% mem=+0.7% req_rate=0.00/min idle=True
2026-05-18 00:18:19,410 [INFO] LOAD cpu=1.7% mem=+0.8% req_rate=0.00/min idle=True
2026-05-18 00:18:33,418 [INFO] LOAD cpu=4.7% mem=+1.0% req_rate=0.00/min idle=True
2026-05-18 00:18:44,419 [INFO] LOAD cpu=2.0% mem=+0.9% req_rate=0.00/min idle=True
2026-05-18 00:18:55,421 [INFO] LOAD cpu=1.4% mem=+0.8% req_rate=0.00/min idle=True
2026-05-18 00:19:06,422 [INFO] LOAD cpu=1.6% mem=+0.8% req_rate=0.00/min idle=True
2026-05-18 00:19:17,423 [INFO] LOAD cpu=2.3% mem=+0.7% req_rate=0.00/min idle=True
2026-05-18 00:19:28,425 [INFO] LOAD cpu=3.2% mem=+0.8% req_rate=0.00/min idle=True
2026-05-18 00:19:42,074 [INFO] LOAD cpu=1.5% mem=+0.8% req_rate=0.00/min idle=True
2026-05-18 00:19:53,076 [INFO] LOAD cpu=3.5% mem=+0.7% req_rate=0.00/min idle=True
2026-05-18 00:20:04,077 [INFO] LOAD cpu=1.4% mem=+1.0% req_rate=0.00/min idle=True
2026-05-18 00:20:15,078 [INFO] LOAD cpu=1.7% mem=+1.0% req_rate=0.00/min idle=True
2026-05-18 00:20:26,080 [INFO] LOAD cpu=2.1% mem=+1.0% req_rate=0.00/min idle=True
2026-05-18 00:20:37,081 [INFO] LOAD cpu=2.0% mem=+0.8% req_rate=0.00/min idle=True
2026-05-18 00:20:50,935 [INFO] LOAD cpu=1.1% mem=+0.8% req_rate=0.00/min idle=True
2026-05-18 00:21:01,937 [INFO] LOAD cpu=1.8% mem=+0.8% req_rate=0.00/min idle=True
2026-05-18 00:21:12,938 [INFO] LOAD cpu=7.2% mem=+0.8% req_rate=0.00/min idle=True
2026-05-18 00:21:23,939 [INFO] LOAD cpu=2.7% mem=+0.8% req_rate=0.00/min idle=True
2026-05-18 00:21:34,941 [INFO] LOAD cpu=1.5% mem=+1.0% req_rate=0.00/min idle=True
2026-05-18 00:21:45,942 [INFO] LOAD cpu=2.0% mem=+1.0% req_rate=0.00/min idle=True
2026-05-18 00:22:00,188 [INFO] LOAD cpu=2.0% mem=+1.0% req_rate=0.00/min idle=True
2026-05-18 00:22:11,190 [INFO] LOAD cpu=2.6% mem=+0.9% req_rate=0.00/min idle=True
2026-05-18 00:22:22,191 [INFO] LOAD cpu=1.5% mem=+0.8% req_rate=0.00/min idle=True
2026-05-18 00:22:33,193 [INFO] LOAD cpu=3.4% mem=+0.8% req_rate=0.00/min idle=True
2026-05-18 00:22:44,194 [INFO] LOAD cpu=5.4% mem=+0.8% req_rate=0.00/min idle=True
2026-05-18 00:22:55,196 [INFO] LOAD cpu=1.5% mem=+0.8% req_rate=0.00/min idle=True
2026-05-18 00:23:09,824 [INFO] LOAD cpu=1.5% mem=+0.9% req_rate=0.00/min idle=True
2026-05-18 00:23:20,825 [INFO] LOAD cpu=4.7% mem=+1.0% req_rate=0.00/min idle=True
2026-05-18 00:23:31,827 [INFO] LOAD cpu=1.3% mem=+0.8% req_rate=0.00/min idle=True
2026-05-18 00:23:42,828 [INFO] LOAD cpu=2.3% mem=+0.8% req_rate=0.00/min idle=True
2026-05-18 00:23:53,829 [INFO] LOAD cpu=3.7% mem=+0.8% req_rate=0.00/min idle=True
2026-05-18 00:24:04,831 [INFO] LOAD cpu=1.5% mem=+0.7% req_rate=0.00/min idle=True
2026-05-18 00:24:18,813 [INFO] LOAD cpu=3.0% mem=+0.8% req_rate=0.00/min idle=True
2026-05-18 00:24:29,814 [INFO] LOAD cpu=1.6% mem=+0.8% req_rate=0.00/min idle=True
2026-05-18 00:24:40,816 [INFO] LOAD cpu=1.5% mem=+1.0% req_rate=0.00/min idle=True
2026-05-18 00:24:51,817 [INFO] LOAD cpu=1.8% mem=+1.0% req_rate=0.00/min idle=True
2026-05-18 00:25:02,819 [INFO] LOAD cpu=8.6% mem=+0.8% req_rate=0.00/min idle=True
2026-05-18 00:25:13,820 [INFO] LOAD cpu=2.8% mem=+0.9% req_rate=0.00/min idle=True
2026-05-18 00:25:27,825 [INFO] LOAD cpu=2.2% mem=+0.9% req_rate=0.00/min idle=True
2026-05-18 00:25:38,826 [INFO] LOAD cpu=3.3% mem=+1.0% req_rate=0.00/min idle=True
2026-05-18 00:25:49,827 [INFO] LOAD cpu=1.8% mem=+0.9% req_rate=0.00/min idle=True
2026-05-18 00:26:00,828 [INFO] LOAD cpu=2.0% mem=+1.0% req_rate=0.00/min idle=True
2026-05-18 00:26:11,830 [INFO] LOAD cpu=2.2% mem=+1.0% req_rate=0.00/min idle=True
2026-05-18 00:26:22,831 [INFO] LOAD cpu=2.0% mem=+1.0% req_rate=0.00/min idle=True
2026-05-18 00:26:36,861 [INFO] LOAD cpu=6.0% mem=+1.0% req_rate=0.00/min idle=True
2026-05-18 00:26:47,862 [INFO] LOAD cpu=1.7% mem=+0.9% req_rate=0.00/min idle=True
2026-05-18 00:26:58,863 [INFO] LOAD cpu=3.0% mem=+0.9% req_rate=0.00/min idle=True
2026-05-18 00:27:09,865 [INFO] LOAD cpu=1.3% mem=+0.8% req_rate=0.00/min idle=True
2026-05-18 00:27:20,866 [INFO] LOAD cpu=1.8% mem=+0.9% req_rate=0.00/min idle=True
2026-05-18 00:27:31,867 [INFO] LOAD cpu=1.6% mem=+0.8% req_rate=0.00/min idle=True
2026-05-18 00:27:45,468 [INFO] LOAD cpu=1.8% mem=+0.9% req_rate=0.00/min idle=True
2026-05-18 00:27:56,470 [INFO] LOAD cpu=1.5% mem=+0.8% req_rate=0.00/min idle=True
2026-05-18 00:28:07,471 [INFO] LOAD cpu=2.3% mem=+0.7% req_rate=0.00/min idle=True
2026-05-18 00:28:18,472 [INFO] LOAD cpu=3.5% mem=+0.8% req_rate=0.00/min idle=True
2026-05-18 00:28:29,474 [INFO] LOAD cpu=1.8% mem=+0.8% req_rate=0.00/min idle=True
2026-05-18 00:28:40,475 [INFO] LOAD cpu=5.9% mem=+0.8% req_rate=0.00/min idle=True
2026-05-18 00:28:55,075 [INFO] LOAD cpu=1.5% mem=+0.9% req_rate=0.00/min idle=True
2026-05-18 00:29:06,076 [INFO] LOAD cpu=1.7% mem=+0.9% req_rate=0.00/min idle=True
2026-05-18 00:29:17,077 [INFO] LOAD cpu=1.4% mem=+1.0% req_rate=0.00/min idle=True
2026-05-18 00:29:28,079 [INFO] LOAD cpu=2.1% mem=+0.9% req_rate=0.00/min idle=True
2026-05-18 00:29:39,080 [INFO] LOAD cpu=3.3% mem=+0.8% req_rate=0.00/min idle=True
2026-05-18 00:29:50,081 [INFO] LOAD cpu=1.4% mem=+0.8% req_rate=0.00/min idle=True
2026-05-18 00:30:04,891 [INFO] LOAD cpu=2.1% mem=+0.9% req_rate=0.00/min idle=True
2026-05-18 00:30:15,893 [INFO] LOAD cpu=2.3% mem=+1.1% req_rate=0.00/min idle=True
2026-05-18 00:30:26,894 [INFO] LOAD cpu=1.6% mem=+0.9% req_rate=0.00/min idle=True
2026-05-18 00:30:37,895 [INFO] LOAD cpu=1.9% mem=+1.0% req_rate=0.00/min idle=True
2026-05-18 00:30:48,896 [INFO] LOAD cpu=2.9% mem=+1.0% req_rate=0.00/min idle=True
2026-05-18 00:30:59,898 [INFO] LOAD cpu=1.6% mem=+0.9% req_rate=0.00/min idle=True
2026-05-18 00:31:13,722 [INFO] LOAD cpu=3.3% mem=+0.9% req_rate=0.00/min idle=True
2026-05-18 00:31:24,723 [INFO] LOAD cpu=1.8% mem=+1.0% req_rate=0.00/min idle=True
2026-05-18 00:31:35,725 [INFO] LOAD cpu=1.6% mem=+1.0% req_rate=0.00/min idle=True
2026-05-18 00:31:46,726 [INFO] LOAD cpu=2.6% mem=+0.9% req_rate=0.00/min idle=True
2026-05-18 00:31:57,727 [INFO] LOAD cpu=2.3% mem=+0.9% req_rate=0.00/min idle=True
2026-05-18 00:32:08,729 [INFO] LOAD cpu=3.2% mem=+1.1% req_rate=0.00/min idle=True
2026-05-18 00:32:22,674 [INFO] LOAD cpu=2.2% mem=+1.1% req_rate=0.00/min idle=True
2026-05-18 00:32:33,676 [INFO] LOAD cpu=3.2% mem=+1.1% req_rate=0.00/min idle=True
2026-05-18 00:32:44,677 [INFO] LOAD cpu=5.9% mem=+1.0% req_rate=0.00/min idle=True
2026-05-18 00:32:55,678 [INFO] LOAD cpu=1.6% mem=+0.8% req_rate=0.00/min idle=True
2026-05-18 00:33:06,680 [INFO] LOAD cpu=1.5% mem=+0.9% req_rate=0.00/min idle=True
2026-05-18 00:33:17,681 [INFO] LOAD cpu=1.9% mem=+0.9% req_rate=0.00/min idle=True
2026-05-18 00:33:31,510 [INFO] LOAD cpu=1.8% mem=+1.0% req_rate=0.00/min idle=True
2026-05-18 00:33:42,512 [INFO] LOAD cpu=2.8% mem=+1.1% req_rate=0.00/min idle=True
2026-05-18 00:33:53,513 [INFO] LOAD cpu=2.8% mem=+1.0% req_rate=0.00/min idle=True
2026-05-18 00:34:04,515 [INFO] LOAD cpu=4.2% mem=+0.9% req_rate=0.00/min idle=True
2026-05-18 00:34:15,516 [INFO] LOAD cpu=1.6% mem=+0.9% req_rate=0.00/min idle=True
2026-05-18 00:34:26,517 [INFO] LOAD cpu=2.0% mem=+0.9% req_rate=0.00/min idle=True
2026-05-18 00:34:40,293 [INFO] LOAD cpu=2.0% mem=+0.9% req_rate=0.00/min idle=True
2026-05-18 00:34:51,294 [INFO] LOAD cpu=1.6% mem=+0.8% req_rate=0.00/min idle=True
2026-05-18 00:35:02,296 [INFO] LOAD cpu=2.1% mem=+0.8% req_rate=0.00/min idle=True
2026-05-18 00:35:13,297 [INFO] LOAD cpu=2.4% mem=+1.1% req_rate=0.00/min idle=True
2026-05-18 00:35:24,298 [INFO] LOAD cpu=3.9% mem=+1.1% req_rate=0.00/min idle=True
2026-05-18 00:35:35,299 [INFO] LOAD cpu=1.7% mem=+1.0% req_rate=0.00/min idle=True
2026-05-18 00:35:49,439 [INFO] LOAD cpu=3.2% mem=+0.9% req_rate=0.00/min idle=True
2026-05-18 00:36:00,441 [INFO] LOAD cpu=2.2% mem=+0.9% req_rate=0.00/min idle=True
2026-05-18 00:36:11,442 [INFO] LOAD cpu=2.6% mem=+0.9% req_rate=0.00/min idle=True
2026-05-18 00:36:22,444 [INFO] LOAD cpu=2.1% mem=+0.9% req_rate=0.00/min idle=True
2026-05-18 00:36:33,445 [INFO] LOAD cpu=2.7% mem=+1.1% req_rate=0.00/min idle=True
2026-05-18 00:36:44,446 [INFO] LOAD cpu=3.2% mem=+1.2% req_rate=0.00/min idle=True
2026-05-18 00:36:59,647 [INFO] LOAD cpu=2.1% mem=+1.1% req_rate=0.00/min idle=True
2026-05-18 00:37:10,648 [INFO] LOAD cpu=1.8% mem=+0.9% req_rate=0.00/min idle=True
2026-05-18 00:37:21,650 [INFO] LOAD cpu=1.6% mem=+1.0% req_rate=0.00/min idle=True
2026-05-18 00:37:32,651 [INFO] LOAD cpu=2.0% mem=+1.0% req_rate=0.00/min idle=True
2026-05-18 00:37:43,652 [INFO] LOAD cpu=2.9% mem=+1.0% req_rate=0.00/min idle=True
2026-05-18 00:37:54,654 [INFO] LOAD cpu=2.0% mem=+1.0% req_rate=0.00/min idle=True
2026-05-18 00:38:08,868 [INFO] LOAD cpu=3.3% mem=+1.1% req_rate=0.00/min idle=True
2026-05-18 00:38:19,869 [INFO] LOAD cpu=1.6% mem=+1.2% req_rate=0.00/min idle=True
2026-05-18 00:38:30,870 [INFO] LOAD cpu=1.5% mem=+1.0% req_rate=0.00/min idle=True
2026-05-18 00:38:41,872 [INFO] LOAD cpu=1.6% mem=+0.9% req_rate=0.00/min idle=True
2026-05-18 00:38:52,873 [INFO] LOAD cpu=2.7% mem=+0.8% req_rate=0.00/min idle=True
2026-05-18 00:39:03,874 [INFO] LOAD cpu=2.9% mem=+0.8% req_rate=0.00/min idle=True
2026-05-18 00:39:18,447 [INFO] LOAD cpu=4.3% mem=+1.0% req_rate=0.00/min idle=True
2026-05-18 00:39:29,448 [INFO] LOAD cpu=3.4% mem=+1.0% req_rate=0.00/min idle=True
2026-05-18 00:39:40,449 [INFO] LOAD cpu=2.6% mem=+1.1% req_rate=0.00/min idle=True
2026-05-18 00:39:51,451 [INFO] LOAD cpu=1.8% mem=+0.9% req_rate=0.00/min idle=True
2026-05-18 00:40:02,452 [INFO] LOAD cpu=2.1% mem=+0.9% req_rate=0.00/min idle=True
2026-05-18 00:40:13,453 [INFO] LOAD cpu=1.7% mem=+0.9% req_rate=0.00/min idle=True
2026-05-18 00:40:27,164 [INFO] LOAD cpu=2.4% mem=+1.0% req_rate=0.00/min idle=True
2026-05-18 00:40:38,165 [INFO] LOAD cpu=3.1% mem=+1.0% req_rate=0.00/min idle=True
2026-05-18 00:40:49,166 [INFO] LOAD cpu=3.2% mem=+1.0% req_rate=0.00/min idle=True
2026-05-18 00:41:00,168 [INFO] LOAD cpu=1.8% mem=+0.9% req_rate=0.00/min idle=True
2026-05-18 00:41:11,169 [INFO] LOAD cpu=3.4% mem=+1.0% req_rate=0.00/min idle=True
2026-05-18 00:41:22,170 [INFO] LOAD cpu=2.1% mem=+1.0% req_rate=0.00/min idle=True
2026-05-18 00:41:36,376 [INFO] LOAD cpu=1.7% mem=+0.9% req_rate=0.00/min idle=True
2026-05-18 00:41:47,377 [INFO] LOAD cpu=2.0% mem=+0.8% req_rate=0.00/min idle=True
2026-05-18 00:41:58,378 [INFO] LOAD cpu=2.6% mem=+0.8% req_rate=0.00/min idle=True
2026-05-18 00:42:09,380 [INFO] LOAD cpu=3.3% mem=+0.8% req_rate=0.00/min idle=True
2026-05-18 00:42:20,381 [INFO] LOAD cpu=2.3% mem=+0.9% req_rate=0.00/min idle=True
2026-05-18 00:42:31,382 [INFO] LOAD cpu=1.7% mem=+0.9% req_rate=0.00/min idle=True
2026-05-18 00:42:45,761 [INFO] LOAD cpu=1.6% mem=+1.0% req_rate=0.00/min idle=True
2026-05-18 00:42:56,762 [INFO] LOAD cpu=1.7% mem=+0.9% req_rate=0.00/min idle=True
2026-05-18 00:43:07,763 [INFO] LOAD cpu=3.0% mem=+0.8% req_rate=0.00/min idle=True
2026-05-18 00:43:18,765 [INFO] LOAD cpu=4.9% mem=+1.0% req_rate=0.00/min idle=True
2026-05-18 00:43:29,766 [INFO] LOAD cpu=2.2% mem=+1.0% req_rate=0.00/min idle=True
2026-05-18 00:43:40,767 [INFO] LOAD cpu=1.8% mem=+1.0% req_rate=0.00/min idle=True
2026-05-18 00:43:55,183 [INFO] LOAD cpu=2.1% mem=+0.9% req_rate=0.00/min idle=True
2026-05-18 00:44:06,184 [INFO] LOAD cpu=2.6% mem=+1.0% req_rate=0.00/min idle=True
2026-05-18 00:44:17,185 [INFO] LOAD cpu=1.9% mem=+1.0% req_rate=0.00/min idle=True
2026-05-18 00:44:28,187 [INFO] LOAD cpu=2.4% mem=+1.0% req_rate=0.00/min idle=True
2026-05-18 00:44:39,188 [INFO] LOAD cpu=2.8% mem=+0.9% req_rate=0.00/min idle=True
2026-05-18 00:44:50,189 [INFO] LOAD cpu=1.7% mem=+0.9% req_rate=0.00/min idle=True
2026-05-18 00:45:04,852 [INFO] LOAD cpu=2.5% mem=+0.8% req_rate=0.00/min idle=True
2026-05-18 00:45:15,853 [INFO] LOAD cpu=1.8% mem=+0.9% req_rate=0.00/min idle=True
2026-05-18 00:45:26,855 [INFO] LOAD cpu=1.7% mem=+0.9% req_rate=0.00/min idle=True
2026-05-18 00:45:37,856 [INFO] LOAD cpu=1.9% mem=+1.2% req_rate=0.00/min idle=True
2026-05-18 00:45:48,857 [INFO] LOAD cpu=3.1% mem=+1.1% req_rate=0.00/min idle=True
2026-05-18 00:45:59,859 [INFO] LOAD cpu=2.5% mem=+1.0% req_rate=0.00/min idle=True
2026-05-18 00:46:13,812 [INFO] LOAD cpu=2.3% mem=+1.0% req_rate=0.00/min idle=True
2026-05-18 00:46:24,814 [INFO] LOAD cpu=3.0% mem=+1.0% req_rate=0.00/min idle=True
2026-05-18 00:46:35,815 [INFO] LOAD cpu=2.1% mem=+1.0% req_rate=0.00/min idle=True
2026-05-18 00:46:46,816 [INFO] LOAD cpu=2.6% mem=+1.1% req_rate=0.00/min idle=True
2026-05-18 00:46:57,818 [INFO] LOAD cpu=4.7% mem=+0.7% req_rate=0.00/min idle=True
2026-05-18 00:47:08,819 [INFO] LOAD cpu=1.6% mem=+0.9% req_rate=0.00/min idle=True
2026-05-18 00:47:22,671 [INFO] LOAD cpu=2.2% mem=+0.8% req_rate=0.00/min idle=True
2026-05-18 00:47:33,672 [INFO] LOAD cpu=2.3% mem=+0.9% req_rate=0.00/min idle=True
2026-05-18 00:47:44,673 [INFO] LOAD cpu=3.3% mem=+0.8% req_rate=0.00/min idle=True
2026-05-18 00:47:55,675 [INFO] LOAD cpu=1.6% mem=+0.6% req_rate=0.00/min idle=True
2026-05-18 00:48:06,676 [INFO] LOAD cpu=2.0% mem=+0.7% req_rate=0.00/min idle=True
2026-05-18 00:48:17,677 [INFO] LOAD cpu=2.2% mem=+0.8% req_rate=0.00/min idle=True
2026-05-18 00:48:31,732 [INFO] LOAD cpu=2.2% mem=+1.0% req_rate=0.00/min idle=True
2026-05-18 00:48:42,734 [INFO] LOAD cpu=2.1% mem=+1.0% req_rate=0.00/min idle=True
2026-05-18 00:48:53,735 [INFO] LOAD cpu=1.5% mem=+1.0% req_rate=0.00/min idle=True
2026-05-18 00:49:04,737 [INFO] LOAD cpu=3.3% mem=+0.9% req_rate=0.00/min idle=True
2026-05-18 00:49:15,738 [INFO] LOAD cpu=1.8% mem=+0.8% req_rate=0.00/min idle=True
2026-05-18 00:49:26,739 [INFO] LOAD cpu=2.0% mem=+0.9% req_rate=0.00/min idle=True
2026-05-18 00:49:41,170 [INFO] LOAD cpu=2.0% mem=+0.9% req_rate=0.00/min idle=True
2026-05-18 00:49:52,171 [INFO] LOAD cpu=1.8% mem=+1.0% req_rate=0.00/min idle=True
2026-05-18 00:50:03,173 [INFO] LOAD cpu=8.0% mem=+1.0% req_rate=0.00/min idle=True
2026-05-18 00:50:14,174 [INFO] LOAD cpu=3.7% mem=+1.0% req_rate=0.00/min idle=True
2026-05-18 00:50:25,175 [INFO] LOAD cpu=2.1% mem=+1.1% req_rate=0.00/min idle=True
2026-05-18 00:50:36,177 [INFO] LOAD cpu=1.8% mem=+0.9% req_rate=0.00/min idle=True
2026-05-18 00:50:49,984 [INFO] LOAD cpu=2.2% mem=+0.9% req_rate=0.00/min idle=True
2026-05-18 00:51:00,985 [INFO] LOAD cpu=1.7% mem=+0.9% req_rate=0.00/min idle=True
2026-05-18 00:51:11,986 [INFO] LOAD cpu=11.7% mem=+0.9% req_rate=0.00/min idle=False
2026-05-18 00:51:22,987 [INFO] LOAD cpu=1.8% mem=+0.9% req_rate=0.00/min idle=True
2026-05-18 00:51:33,989 [INFO] LOAD cpu=2.2% mem=+1.2% req_rate=0.00/min idle=True
2026-05-18 00:51:44,990 [INFO] LOAD cpu=2.4% mem=+1.0% req_rate=0.00/min idle=True
2026-05-18 00:51:59,800 [INFO] LOAD cpu=3.5% mem=+1.1% req_rate=0.00/min idle=True
2026-05-18 00:52:10,802 [INFO] LOAD cpu=1.5% mem=+0.9% req_rate=0.00/min idle=True
2026-05-18 00:52:21,803 [INFO] LOAD cpu=1.3% mem=+0.9% req_rate=0.00/min idle=True
2026-05-18 00:52:32,804 [INFO] LOAD cpu=2.2% mem=+0.9% req_rate=0.00/min idle=True
2026-05-18 00:52:43,806 [INFO] LOAD cpu=1.8% mem=+0.9% req_rate=0.00/min idle=True
2026-05-18 00:52:54,807 [INFO] LOAD cpu=3.2% mem=+0.9% req_rate=0.00/min idle=True
2026-05-18 00:53:09,523 [INFO] LOAD cpu=7.9% mem=+1.1% req_rate=0.00/min idle=True
2026-05-18 00:53:20,524 [INFO] LOAD cpu=1.5% mem=+1.2% req_rate=0.00/min idle=True
2026-05-18 00:53:31,526 [INFO] LOAD cpu=1.3% mem=+1.1% req_rate=0.00/min idle=True
2026-05-18 00:53:42,527 [INFO] LOAD cpu=2.8% mem=+0.9% req_rate=0.00/min idle=True
2026-05-18 00:53:53,528 [INFO] LOAD cpu=2.1% mem=+0.9% req_rate=0.00/min idle=True
2026-05-18 00:54:04,530 [INFO] LOAD cpu=3.4% mem=+0.9% req_rate=0.00/min idle=True
2026-05-18 00:54:18,260 [INFO] LOAD cpu=2.4% mem=+0.9% req_rate=0.00/min idle=True
2026-05-18 00:54:29,261 [INFO] LOAD cpu=6.3% mem=+0.9% req_rate=0.00/min idle=True
2026-05-18 00:54:40,263 [INFO] LOAD cpu=2.1% mem=+1.2% req_rate=0.00/min idle=True
2026-05-18 00:54:51,264 [INFO] LOAD cpu=1.5% mem=+1.2% req_rate=0.00/min idle=True
2026-05-18 00:55:02,265 [INFO] LOAD cpu=1.8% mem=+1.1% req_rate=0.00/min idle=True
2026-05-18 00:55:13,267 [INFO] LOAD cpu=1.6% mem=+0.9% req_rate=0.00/min idle=True
2026-05-18 00:55:26,986 [INFO] LOAD cpu=2.1% mem=+1.1% req_rate=0.00/min idle=True
2026-05-18 00:55:37,988 [INFO] LOAD cpu=2.4% mem=+1.0% req_rate=0.00/min idle=True
2026-05-18 00:55:48,989 [INFO] LOAD cpu=1.9% mem=+0.9% req_rate=0.00/min idle=True
2026-05-18 00:55:59,990 [INFO] LOAD cpu=3.0% mem=+0.9% req_rate=0.00/min idle=True
2026-05-18 00:56:10,992 [INFO] LOAD cpu=3.0% mem=+1.1% req_rate=0.00/min idle=True
2026-05-18 00:56:21,993 [INFO] LOAD cpu=2.6% mem=+0.9% req_rate=0.00/min idle=True
2026-05-18 00:56:35,982 [INFO] LOAD cpu=2.0% mem=+0.9% req_rate=0.00/min idle=True
2026-05-18 00:56:46,984 [INFO] LOAD cpu=1.7% mem=+0.9% req_rate=0.00/min idle=True
2026-05-18 00:56:57,985 [INFO] LOAD cpu=1.8% mem=+0.9% req_rate=0.00/min idle=True
2026-05-18 00:57:08,986 [INFO] LOAD cpu=1.6% mem=+0.9% req_rate=0.00/min idle=True
2026-05-18 00:57:19,988 [INFO] LOAD cpu=3.6% mem=+1.0% req_rate=0.00/min idle=True
2026-05-18 00:57:30,989 [INFO] LOAD cpu=2.0% mem=+0.9% req_rate=0.00/min idle=True
2026-05-18 00:57:45,150 [INFO] LOAD cpu=6.9% mem=+1.0% req_rate=0.00/min idle=True
2026-05-18 00:57:56,151 [INFO] LOAD cpu=1.6% mem=+1.0% req_rate=0.00/min idle=True
2026-05-18 00:58:07,153 [INFO] LOAD cpu=2.3% mem=+0.9% req_rate=0.00/min idle=True
2026-05-18 00:58:18,154 [INFO] LOAD cpu=2.1% mem=+0.9% req_rate=0.00/min idle=True
2026-05-18 00:58:29,155 [INFO] LOAD cpu=1.6% mem=+1.0% req_rate=0.00/min idle=True
2026-05-18 00:58:40,157 [INFO] LOAD cpu=3.0% mem=+1.0% req_rate=0.00/min idle=True
2026-05-18 00:58:54,421 [INFO] LOAD cpu=2.9% mem=+1.0% req_rate=0.00/min idle=True
2026-05-18 00:59:05,422 [INFO] LOAD cpu=1.9% mem=+1.1% req_rate=0.00/min idle=True
2026-05-18 00:59:16,424 [INFO] LOAD cpu=1.9% mem=+1.1% req_rate=0.00/min idle=True
2026-05-18 00:59:27,425 [INFO] LOAD cpu=2.1% mem=+1.0% req_rate=0.00/min idle=True
2026-05-18 00:59:38,426 [INFO] LOAD cpu=2.0% mem=+1.0% req_rate=0.00/min idle=True
2026-05-18 00:59:49,428 [INFO] LOAD cpu=3.5% mem=+1.0% req_rate=0.00/min idle=True
2026-05-18 01:00:03,212 [INFO] LOAD cpu=1.9% mem=+1.0% req_rate=0.00/min idle=True
2026-05-18 01:00:14,213 [INFO] LOAD cpu=1.3% mem=+0.9% req_rate=0.00/min idle=True
2026-05-18 01:00:25,215 [INFO] LOAD cpu=3.0% mem=+1.0% req_rate=0.00/min idle=True
2026-05-18 01:00:36,216 [INFO] LOAD cpu=1.1% mem=+1.2% req_rate=0.00/min idle=True
2026-05-18 01:00:47,217 [INFO] LOAD cpu=2.1% mem=+1.1% req_rate=0.00/min idle=True
2026-05-18 01:00:58,218 [INFO] LOAD cpu=2.3% mem=+1.1% req_rate=0.00/min idle=True
2026-05-18 01:01:12,761 [INFO] LOAD cpu=2.0% mem=+1.1% req_rate=0.00/min idle=True
2026-05-18 01:01:23,762 [INFO] LOAD cpu=1.5% mem=+1.0% req_rate=0.00/min idle=True
2026-05-18 01:01:34,763 [INFO] LOAD cpu=3.1% mem=+0.9% req_rate=0.00/min idle=True
2026-05-18 01:01:45,765 [INFO] LOAD cpu=2.1% mem=+0.9% req_rate=0.00/min idle=True
2026-05-18 01:01:56,766 [INFO] LOAD cpu=2.0% mem=+1.0% req_rate=0.00/min idle=True
2026-05-18 01:02:07,767 [INFO] LOAD cpu=3.4% mem=+1.1% req_rate=0.00/min idle=True
2026-05-18 01:02:21,289 [INFO] LOAD cpu=1.6% mem=+1.1% req_rate=0.00/min idle=True
2026-05-18 01:02:32,290 [INFO] LOAD cpu=2.3% mem=+1.0% req_rate=0.00/min idle=True
2026-05-18 01:02:43,291 [INFO] LOAD cpu=2.0% mem=+1.0% req_rate=0.00/min idle=True
2026-05-18 01:02:54,293 [INFO] LOAD cpu=2.6% mem=+1.0% req_rate=0.00/min idle=True
2026-05-18 01:03:05,294 [INFO] LOAD cpu=2.9% mem=+1.0% req_rate=0.00/min idle=True
2026-05-18 01:03:16,295 [INFO] LOAD cpu=4.7% mem=+1.1% req_rate=0.00/min idle=True
2026-05-18 01:03:30,631 [INFO] LOAD cpu=1.6% mem=+0.9% req_rate=0.00/min idle=True
2026-05-18 01:03:41,632 [INFO] LOAD cpu=1.3% mem=+1.1% req_rate=0.00/min idle=True
2026-05-18 01:03:52,634 [INFO] LOAD cpu=2.1% mem=+1.1% req_rate=0.00/min idle=True
2026-05-18 01:04:03,635 [INFO] LOAD cpu=2.2% mem=+0.9% req_rate=0.00/min idle=True
2026-05-18 01:04:14,636 [INFO] LOAD cpu=2.8% mem=+1.0% req_rate=0.00/min idle=True
2026-05-18 01:04:25,638 [INFO] LOAD cpu=1.4% mem=+1.0% req_rate=0.00/min idle=True
2026-05-18 01:04:39,483 [INFO] LOAD cpu=2.5% mem=+1.0% req_rate=0.00/min idle=True
2026-05-18 01:04:50,485 [INFO] LOAD cpu=4.0% mem=+1.6% req_rate=0.00/min idle=True
2026-05-18 01:05:01,486 [INFO] LOAD cpu=3.6% mem=+1.3% req_rate=0.00/min idle=True
2026-05-18 01:05:12,488 [INFO] LOAD cpu=3.5% mem=+1.7% req_rate=0.00/min idle=True
2026-05-18 01:05:23,489 [INFO] LOAD cpu=5.0% mem=+3.2% req_rate=0.00/min idle=True
2026-05-18 01:05:34,490 [INFO] LOAD cpu=6.9% mem=+2.4% req_rate=0.00/min idle=True
2026-05-18 01:05:48,458 [INFO] LOAD cpu=3.2% mem=+2.0% req_rate=0.00/min idle=True
2026-05-18 01:05:59,460 [INFO] LOAD cpu=1.9% mem=+1.9% req_rate=0.00/min idle=True
2026-05-18 01:06:10,462 [INFO] LOAD cpu=4.6% mem=+2.0% req_rate=0.00/min idle=True
2026-05-18 01:06:21,464 [INFO] LOAD cpu=16.9% mem=+2.6% req_rate=0.00/min idle=False
2026-05-18 01:06:33,374 [INFO] LOAD cpu=3.6% mem=+2.5% req_rate=0.00/min idle=True
2026-05-18 01:06:44,375 [INFO] LOAD cpu=4.9% mem=+2.8% req_rate=0.00/min idle=True
2026-05-18 01:06:58,370 [INFO] LOAD cpu=6.9% mem=+2.7% req_rate=0.00/min idle=True
2026-05-18 01:07:09,372 [INFO] LOAD cpu=14.9% mem=+3.0% req_rate=0.00/min idle=False
2026-05-18 01:07:20,373 [INFO] LOAD cpu=5.6% mem=+2.9% req_rate=0.00/min idle=True
2026-05-18 01:07:31,375 [INFO] LOAD cpu=2.8% mem=+2.7% req_rate=0.00/min idle=True
2026-05-18 01:07:42,376 [INFO] LOAD cpu=4.7% mem=+2.8% req_rate=0.00/min idle=True
2026-05-18 01:07:53,377 [INFO] LOAD cpu=6.2% mem=+2.9% req_rate=0.00/min idle=True
2026-05-18 01:08:07,401 [INFO] LOAD cpu=2.0% mem=+3.1% req_rate=0.00/min idle=True
2026-05-18 01:08:18,403 [INFO] LOAD cpu=7.6% mem=+1.8% req_rate=0.00/min idle=True
2026-05-18 01:08:29,404 [INFO] LOAD cpu=4.1% mem=+1.7% req_rate=0.00/min idle=True
2026-05-18 01:08:40,405 [INFO] LOAD cpu=8.2% mem=+3.2% req_rate=0.00/min idle=True
2026-05-18 01:08:51,406 [INFO] LOAD cpu=5.1% mem=+3.6% req_rate=0.00/min idle=True
2026-05-18 01:09:02,408 [INFO] LOAD cpu=8.9% mem=+4.7% req_rate=0.00/min idle=True
2026-05-18 01:09:16,179 [INFO] LOAD cpu=4.2% mem=+3.5% req_rate=0.00/min idle=True
2026-05-18 01:09:27,181 [INFO] LOAD cpu=2.7% mem=+2.8% req_rate=0.00/min idle=True
2026-05-18 01:09:38,182 [INFO] LOAD cpu=6.6% mem=+3.1% req_rate=0.00/min idle=True
2026-05-18 01:09:49,183 [INFO] LOAD cpu=8.1% mem=+3.2% req_rate=0.00/min idle=True
2026-05-18 01:10:00,185 [INFO] LOAD cpu=6.1% mem=+3.0% req_rate=0.00/min idle=True
2026-05-18 01:10:11,186 [INFO] LOAD cpu=4.2% mem=+2.9% req_rate=0.00/min idle=True
2026-05-18 01:10:25,099 [INFO] LOAD cpu=4.4% mem=+2.6% req_rate=0.00/min idle=True
2026-05-18 01:10:36,101 [INFO] LOAD cpu=6.2% mem=+2.6% req_rate=0.00/min idle=True
2026-05-18 01:10:47,102 [INFO] LOAD cpu=8.3% mem=+2.9% req_rate=0.00/min idle=True
2026-05-18 01:10:58,103 [INFO] LOAD cpu=5.5% mem=+2.6% req_rate=0.00/min idle=True
2026-05-18 01:11:09,105 [INFO] LOAD cpu=2.6% mem=+2.6% req_rate=0.00/min idle=True
2026-05-18 01:11:20,106 [INFO] LOAD cpu=3.0% mem=+2.6% req_rate=0.00/min idle=True
2026-05-18 01:11:34,284 [INFO] LOAD cpu=3.5% mem=+2.9% req_rate=0.00/min idle=True
2026-05-18 01:11:45,285 [INFO] LOAD cpu=8.1% mem=+2.7% req_rate=0.00/min idle=True
2026-05-18 01:11:56,287 [INFO] LOAD cpu=6.4% mem=+2.5% req_rate=0.00/min idle=True
2026-05-18 01:12:07,288 [INFO] LOAD cpu=4.6% mem=+1.5% req_rate=0.00/min idle=True
2026-05-18 01:12:18,290 [INFO] LOAD cpu=6.8% mem=+1.2% req_rate=0.00/min idle=True
2026-05-18 01:12:29,291 [INFO] LOAD cpu=2.0% mem=+1.3% req_rate=0.00/min idle=True
2026-05-18 01:12:43,045 [INFO] LOAD cpu=2.4% mem=+1.1% req_rate=0.00/min idle=True
2026-05-18 01:12:54,047 [INFO] LOAD cpu=3.4% mem=+1.0% req_rate=0.00/min idle=True
2026-05-18 01:13:05,048 [INFO] LOAD cpu=3.2% mem=+1.0% req_rate=0.00/min idle=True
2026-05-18 01:13:16,050 [INFO] LOAD cpu=2.0% mem=+1.4% req_rate=0.00/min idle=True
2026-05-18 01:13:27,051 [INFO] LOAD cpu=2.2% mem=+1.2% req_rate=0.00/min idle=True
2026-05-18 01:13:38,052 [INFO] LOAD cpu=2.7% mem=+1.3% req_rate=0.00/min idle=True
2026-05-18 01:13:51,863 [INFO] LOAD cpu=2.8% mem=+1.2% req_rate=0.00/min idle=True
2026-05-18 01:14:02,864 [INFO] LOAD cpu=3.4% mem=+1.4% req_rate=0.00/min idle=True
2026-05-18 01:14:13,866 [INFO] LOAD cpu=4.0% mem=+1.7% req_rate=0.00/min idle=True
2026-05-18 01:14:24,867 [INFO] LOAD cpu=4.8% mem=+1.5% req_rate=0.00/min idle=True
2026-05-18 01:14:35,869 [INFO] LOAD cpu=2.3% mem=+1.3% req_rate=0.00/min idle=True
2026-05-18 01:14:46,870 [INFO] LOAD cpu=3.0% mem=+1.4% req_rate=0.00/min idle=True
2026-05-18 01:15:00,677 [INFO] LOAD cpu=5.1% mem=+1.1% req_rate=0.00/min idle=True
2026-05-18 01:15:11,678 [INFO] LOAD cpu=3.4% mem=+1.3% req_rate=0.00/min idle=True
2026-05-18 01:15:22,680 [INFO] LOAD cpu=6.1% mem=+1.6% req_rate=0.00/min idle=True
2026-05-18 01:15:33,681 [INFO] LOAD cpu=3.5% mem=+1.5% req_rate=0.00/min idle=True
2026-05-18 01:15:44,682 [INFO] LOAD cpu=2.5% mem=+1.4% req_rate=0.00/min idle=True
2026-05-18 01:15:55,684 [INFO] LOAD cpu=4.2% mem=+1.2% req_rate=0.00/min idle=True
2026-05-18 01:16:10,346 [INFO] LOAD cpu=4.0% mem=+1.5% req_rate=0.00/min idle=True
2026-05-18 01:16:21,348 [INFO] LOAD cpu=2.0% mem=+1.7% req_rate=0.00/min idle=True
2026-05-18 01:16:32,349 [INFO] LOAD cpu=3.3% mem=+1.6% req_rate=0.00/min idle=True
2026-05-18 01:16:43,350 [INFO] LOAD cpu=5.3% mem=+1.6% req_rate=0.00/min idle=True
2026-05-18 01:16:54,352 [INFO] LOAD cpu=3.5% mem=+3.0% req_rate=0.00/min idle=True
2026-05-18 01:17:05,353 [INFO] LOAD cpu=5.2% mem=+2.8% req_rate=0.00/min idle=True
2026-05-18 01:17:19,230 [INFO] LOAD cpu=3.8% mem=+2.3% req_rate=0.00/min idle=True
2026-05-18 01:17:30,232 [INFO] LOAD cpu=6.6% mem=+3.4% req_rate=0.00/min idle=True
2026-05-18 01:17:41,233 [INFO] LOAD cpu=13.1% mem=+3.6% req_rate=0.00/min idle=False
2026-05-18 01:17:52,234 [INFO] LOAD cpu=6.7% mem=+3.2% req_rate=0.00/min idle=True
2026-05-18 01:18:03,236 [INFO] LOAD cpu=4.2% mem=+2.9% req_rate=0.00/min idle=True
2026-05-18 01:18:14,237 [INFO] LOAD cpu=6.4% mem=+2.4% req_rate=0.00/min idle=True
2026-05-18 01:18:27,796 [INFO] LOAD cpu=10.2% mem=+2.3% req_rate=0.00/min idle=False
2026-05-18 01:18:38,797 [INFO] LOAD cpu=6.6% mem=+2.4% req_rate=0.00/min idle=True
2026-05-18 01:18:49,798 [INFO] LOAD cpu=3.0% mem=+2.0% req_rate=0.00/min idle=True
2026-05-18 01:19:00,800 [INFO] LOAD cpu=2.9% mem=+1.9% req_rate=0.00/min idle=True
2026-05-18 01:19:11,801 [INFO] LOAD cpu=3.2% mem=+2.4% req_rate=0.00/min idle=True
2026-05-18 01:19:22,802 [INFO] LOAD cpu=11.4% mem=+4.4% req_rate=0.00/min idle=False
2026-05-18 01:19:37,294 [INFO] LOAD cpu=6.6% mem=+3.8% req_rate=0.00/min idle=True
2026-05-18 01:19:48,296 [INFO] LOAD cpu=6.0% mem=+3.4% req_rate=0.00/min idle=True
2026-05-18 01:19:59,297 [INFO] LOAD cpu=13.8% mem=+3.7% req_rate=0.00/min idle=False
2026-05-18 01:20:10,299 [INFO] LOAD cpu=7.2% mem=+3.8% req_rate=0.00/min idle=True
2026-05-18 01:20:21,300 [INFO] LOAD cpu=5.4% mem=+3.7% req_rate=0.00/min idle=True
2026-05-18 01:20:32,301 [INFO] LOAD cpu=5.9% mem=+3.2% req_rate=0.00/min idle=True
2026-05-18 01:20:46,555 [INFO] LOAD cpu=6.5% mem=+3.3% req_rate=0.00/min idle=True
2026-05-18 01:20:57,557 [INFO] LOAD cpu=5.5% mem=+3.5% req_rate=0.00/min idle=True
2026-05-18 01:21:08,558 [INFO] LOAD cpu=11.1% mem=+3.4% req_rate=0.00/min idle=False
2026-05-18 01:21:19,560 [INFO] LOAD cpu=6.4% mem=+3.2% req_rate=0.00/min idle=True
2026-05-18 01:21:30,561 [INFO] LOAD cpu=7.8% mem=+3.2% req_rate=0.00/min idle=True
2026-05-18 01:21:41,563 [INFO] LOAD cpu=5.1% mem=+3.0% req_rate=0.00/min idle=True
2026-05-18 01:21:56,135 [INFO] LOAD cpu=7.8% mem=+3.0% req_rate=0.00/min idle=True
2026-05-18 01:22:07,136 [INFO] LOAD cpu=7.2% mem=+2.9% req_rate=0.00/min idle=True
2026-05-18 01:22:18,138 [INFO] LOAD cpu=7.7% mem=+3.0% req_rate=0.00/min idle=True
2026-05-18 01:22:29,139 [INFO] LOAD cpu=5.5% mem=+3.1% req_rate=0.00/min idle=True
2026-05-18 01:22:40,141 [INFO] LOAD cpu=8.1% mem=+3.2% req_rate=0.00/min idle=True
2026-05-18 01:22:51,142 [INFO] LOAD cpu=4.9% mem=+3.6% req_rate=0.00/min idle=True
2026-05-18 01:23:05,317 [INFO] LOAD cpu=6.4% mem=+3.6% req_rate=0.00/min idle=True
2026-05-18 01:23:16,319 [INFO] LOAD cpu=4.1% mem=+3.4% req_rate=0.00/min idle=True
2026-05-18 01:23:27,320 [INFO] LOAD cpu=6.0% mem=+3.4% req_rate=0.00/min idle=True
2026-05-18 01:23:38,321 [INFO] LOAD cpu=5.7% mem=+3.4% req_rate=0.00/min idle=True
2026-05-18 01:23:49,322 [INFO] LOAD cpu=5.4% mem=+3.5% req_rate=0.00/min idle=True
2026-05-18 01:24:00,324 [INFO] LOAD cpu=8.3% mem=+3.4% req_rate=0.00/min idle=True
2026-05-18 01:24:14,313 [INFO] LOAD cpu=3.9% mem=+3.4% req_rate=0.00/min idle=True
2026-05-18 01:24:25,314 [INFO] LOAD cpu=11.7% mem=+4.7% req_rate=10.91/min idle=False
2026-05-18 01:24:26,863 [INFO] SIGNAL received signal=2; will exit after current cycle
2026-05-18 01:24:27,005 [INFO] SIGNAL received signal=15; will exit after current cycle
2026-05-18 01:24:35,315 [INFO] SHUTDOWN flushed=0
2026-05-18 01:24:46,572 [INFO] STARTUP pid=224167 cwd=/media/gamedisk/Zadace/Faks/FaceQuizNovi/face-quiz-backend bucket=face-quiz-media env=production
2026-05-18 01:24:49,064 [INFO] BASELINE mem=56.5%
2026-05-18 01:24:50,071 [INFO] LOAD cpu=8.4% mem=+0.1% req_rate=0.00/min idle=True
2026-05-18 01:25:01,073 [INFO] LOAD cpu=5.2% mem=+-0.3% req_rate=0.00/min idle=True
2026-05-18 01:25:12,074 [INFO] LOAD cpu=10.9% mem=+0.0% req_rate=21.82/min idle=False
2026-05-18 01:25:23,076 [INFO] LOAD cpu=5.1% mem=+-0.3% req_rate=0.00/min idle=True
2026-05-18 01:25:34,077 [INFO] LOAD cpu=7.2% mem=+-0.2% req_rate=0.00/min idle=True
2026-05-18 01:25:47,970 [INFO] LOAD cpu=10.6% mem=+-0.3% req_rate=0.00/min idle=False
2026-05-18 01:25:58,971 [INFO] LOAD cpu=5.7% mem=+-0.4% req_rate=0.00/min idle=True
2026-05-18 01:26:09,973 [INFO] LOAD cpu=8.0% mem=+0.3% req_rate=0.00/min idle=True
2026-05-18 01:26:20,974 [INFO] LOAD cpu=6.2% mem=+0.1% req_rate=0.00/min idle=True
2026-05-18 01:26:31,975 [INFO] LOAD cpu=4.5% mem=+0.1% req_rate=0.00/min idle=True
2026-05-18 01:26:42,977 [INFO] LOAD cpu=4.4% mem=+0.1% req_rate=0.00/min idle=True
2026-05-18 01:26:56,793 [INFO] LOAD cpu=4.9% mem=+0.2% req_rate=4.34/min idle=False
2026-05-18 01:27:00,010 [INFO] SIGNAL received signal=2; will exit after current cycle
2026-05-18 01:27:00,169 [INFO] SIGNAL received signal=15; will exit after current cycle
2026-05-18 01:27:06,794 [INFO] SHUTDOWN flushed=0
2026-05-18 01:29:53,088 [INFO] STARTUP pid=226435 cwd=/media/gamedisk/Zadace/Faks/FaceQuizNovi/face-quiz-backend bucket=face-quiz-media env=production
2026-05-18 01:30:03,371 [INFO] BASELINE mem=58.0%
2026-05-18 01:30:04,379 [INFO] LOAD cpu=16.7% mem=+-0.1% req_rate=0.00/min idle=False
2026-05-18 01:30:15,380 [INFO] LOAD cpu=3.4% mem=+0.9% req_rate=10.91/min idle=False
2026-05-18 01:30:26,381 [INFO] LOAD cpu=4.7% mem=+0.6% req_rate=0.00/min idle=True
2026-05-18 01:30:37,383 [INFO] LOAD cpu=8.8% mem=+-0.7% req_rate=0.00/min idle=True
2026-05-18 01:30:48,384 [INFO] LOAD cpu=8.3% mem=+-0.9% req_rate=0.00/min idle=True
2026-05-18 01:31:02,377 [INFO] LOAD cpu=5.3% mem=+-0.5% req_rate=0.00/min idle=True
2026-05-18 01:31:13,378 [INFO] LOAD cpu=2.8% mem=+-0.6% req_rate=0.00/min idle=True
2026-05-18 01:31:24,380 [INFO] LOAD cpu=2.0% mem=+-0.7% req_rate=0.00/min idle=True
2026-05-18 01:31:35,381 [INFO] LOAD cpu=7.4% mem=+-0.3% req_rate=0.00/min idle=True
2026-05-18 01:31:46,383 [INFO] LOAD cpu=12.3% mem=+1.3% req_rate=21.82/min idle=False
2026-05-18 01:31:57,384 [INFO] LOAD cpu=4.1% mem=+0.4% req_rate=27.27/min idle=False
2026-05-18 01:32:11,401 [INFO] LOAD cpu=16.5% mem=+1.5% req_rate=0.00/min idle=False
2026-05-18 01:32:22,403 [INFO] LOAD cpu=8.3% mem=+2.7% req_rate=16.36/min idle=False
2026-05-18 01:32:33,404 [INFO] LOAD cpu=20.9% mem=+1.2% req_rate=10.91/min idle=False
2026-05-18 01:32:44,405 [INFO] LOAD cpu=3.3% mem=+2.3% req_rate=16.36/min idle=False
2026-05-18 01:32:55,407 [INFO] LOAD cpu=2.8% mem=+2.1% req_rate=10.91/min idle=False
2026-05-18 01:33:06,408 [INFO] LOAD cpu=2.7% mem=+1.1% req_rate=10.91/min idle=False
2026-05-18 01:33:20,317 [INFO] LOAD cpu=3.3% mem=+1.4% req_rate=12.94/min idle=False
2026-05-18 01:33:31,319 [INFO] LOAD cpu=5.3% mem=+1.5% req_rate=10.91/min idle=False
2026-05-18 01:33:42,320 [INFO] LOAD cpu=3.5% mem=+1.2% req_rate=10.91/min idle=False
2026-05-18 01:33:53,321 [INFO] LOAD cpu=5.7% mem=+1.2% req_rate=54.54/min idle=False
2026-05-18 01:34:04,323 [INFO] LOAD cpu=4.2% mem=+0.0% req_rate=43.63/min idle=False
2026-05-18 01:34:15,324 [INFO] LOAD cpu=9.2% mem=+0.6% req_rate=27.27/min idle=False
2026-05-18 01:34:29,481 [INFO] LOAD cpu=7.7% mem=+0.4% req_rate=38.15/min idle=False
2026-05-18 01:34:40,482 [INFO] LOAD cpu=5.1% mem=+0.4% req_rate=27.27/min idle=False
2026-05-18 01:34:51,483 [INFO] LOAD cpu=6.9% mem=+0.8% req_rate=32.72/min idle=False
2026-05-18 01:35:02,484 [INFO] LOAD cpu=8.6% mem=+0.9% req_rate=0.00/min idle=True
2026-05-18 01:35:13,486 [INFO] LOAD cpu=4.2% mem=+0.9% req_rate=0.00/min idle=True
2026-05-18 01:35:24,487 [INFO] LOAD cpu=2.5% mem=+-0.5% req_rate=0.00/min idle=True
2026-05-18 01:35:38,523 [INFO] LOAD cpu=2.1% mem=+-1.0% req_rate=0.00/min idle=True
2026-05-18 01:35:49,524 [INFO] LOAD cpu=2.8% mem=+-1.0% req_rate=0.00/min idle=True
2026-05-18 01:36:00,525 [INFO] LOAD cpu=3.6% mem=+-0.9% req_rate=0.00/min idle=True
2026-05-18 01:36:11,527 [INFO] LOAD cpu=3.7% mem=+-0.9% req_rate=0.00/min idle=True
2026-05-18 01:36:22,528 [INFO] LOAD cpu=3.3% mem=+-0.9% req_rate=0.00/min idle=True
2026-05-18 01:36:33,530 [INFO] LOAD cpu=10.3% mem=+-0.3% req_rate=0.00/min idle=False
2026-05-18 01:36:47,261 [INFO] LOAD cpu=8.3% mem=+1.1% req_rate=0.00/min idle=True
2026-05-18 01:36:58,263 [INFO] LOAD cpu=3.7% mem=+2.0% req_rate=0.00/min idle=True
2026-05-18 01:37:09,264 [INFO] LOAD cpu=2.9% mem=+2.7% req_rate=0.00/min idle=True
2026-05-18 01:37:20,266 [INFO] LOAD cpu=13.7% mem=+2.6% req_rate=0.00/min idle=False
2026-05-18 01:37:31,267 [INFO] LOAD cpu=5.7% mem=+2.8% req_rate=43.63/min idle=False
2026-05-18 01:37:42,268 [INFO] LOAD cpu=7.0% mem=+2.7% req_rate=10.91/min idle=False
2026-05-18 01:37:56,279 [INFO] LOAD cpu=9.4% mem=+4.7% req_rate=12.85/min idle=False
2026-05-18 01:38:07,280 [INFO] LOAD cpu=2.8% mem=+3.6% req_rate=0.00/min idle=True
2026-05-18 01:38:18,281 [INFO] LOAD cpu=7.3% mem=+3.6% req_rate=0.00/min idle=True
2026-05-18 01:38:29,283 [INFO] LOAD cpu=2.4% mem=+2.7% req_rate=0.00/min idle=True
2026-05-18 01:38:40,285 [INFO] LOAD cpu=4.9% mem=+3.0% req_rate=21.82/min idle=False
2026-05-18 01:38:51,286 [INFO] LOAD cpu=18.0% mem=+3.1% req_rate=27.27/min idle=False
2026-05-18 01:39:05,199 [INFO] LOAD cpu=8.9% mem=+3.9% req_rate=43.13/min idle=False
2026-05-18 01:39:16,200 [INFO] LOAD cpu=9.1% mem=+3.6% req_rate=43.63/min idle=False
2026-05-18 01:39:27,202 [INFO] LOAD cpu=11.7% mem=+3.5% req_rate=43.63/min idle=False
2026-05-18 01:39:38,203 [INFO] LOAD cpu=4.3% mem=+7.7% req_rate=10.91/min idle=False
2026-05-18 01:39:49,204 [INFO] LOAD cpu=11.3% mem=+5.4% req_rate=0.00/min idle=False
2026-05-18 01:40:00,205 [INFO] LOAD cpu=14.3% mem=+5.3% req_rate=0.00/min idle=False
2026-05-18 01:40:14,274 [INFO] LOAD cpu=1.8% mem=+1.7% req_rate=0.00/min idle=True
2026-05-18 01:40:25,276 [INFO] LOAD cpu=1.7% mem=+1.7% req_rate=0.00/min idle=True
2026-05-18 01:40:36,277 [INFO] LOAD cpu=3.0% mem=+1.5% req_rate=0.00/min idle=True
2026-05-18 01:40:47,279 [INFO] LOAD cpu=2.9% mem=+1.2% req_rate=0.00/min idle=True
2026-05-18 01:40:58,280 [INFO] LOAD cpu=19.8% mem=+1.9% req_rate=0.00/min idle=False
2026-05-18 01:41:09,281 [INFO] LOAD cpu=3.3% mem=+0.9% req_rate=0.00/min idle=True
2026-05-18 01:41:23,180 [INFO] LOAD cpu=7.1% mem=+1.0% req_rate=77.70/min idle=False
2026-05-18 01:41:34,182 [INFO] LOAD cpu=4.1% mem=+0.8% req_rate=27.27/min idle=False
2026-05-18 01:41:45,183 [INFO] LOAD cpu=6.1% mem=+0.9% req_rate=0.00/min idle=True
2026-05-18 01:41:56,185 [INFO] LOAD cpu=8.1% mem=+1.2% req_rate=32.72/min idle=False
2026-05-18 01:42:07,186 [INFO] LOAD cpu=9.5% mem=+1.4% req_rate=65.45/min idle=False
2026-05-18 01:42:18,188 [INFO] LOAD cpu=9.5% mem=+1.7% req_rate=21.82/min idle=False
2026-05-18 01:42:32,292 [INFO] LOAD cpu=10.8% mem=+1.7% req_rate=46.80/min idle=False
2026-05-18 01:42:43,293 [INFO] LOAD cpu=12.4% mem=+1.8% req_rate=43.63/min idle=False
2026-05-18 01:42:54,295 [INFO] LOAD cpu=14.4% mem=+1.9% req_rate=10.91/min idle=False
2026-05-18 01:43:05,296 [INFO] LOAD cpu=4.6% mem=+1.8% req_rate=0.00/min idle=True
2026-05-18 01:43:16,297 [INFO] LOAD cpu=5.3% mem=+2.9% req_rate=0.00/min idle=True
2026-05-18 01:43:27,299 [INFO] LOAD cpu=3.1% mem=+2.8% req_rate=0.00/min idle=True
2026-05-18 01:43:41,467 [INFO] LOAD cpu=6.7% mem=+3.0% req_rate=0.00/min idle=True
2026-05-18 01:43:52,468 [INFO] LOAD cpu=9.3% mem=+4.0% req_rate=0.00/min idle=True
2026-05-18 01:44:03,470 [INFO] LOAD cpu=4.8% mem=+2.2% req_rate=0.00/min idle=True
2026-05-18 01:44:14,471 [INFO] LOAD cpu=4.3% mem=+2.2% req_rate=0.00/min idle=True
2026-05-18 01:44:25,473 [INFO] LOAD cpu=4.5% mem=+2.3% req_rate=0.00/min idle=True
2026-05-18 01:44:36,474 [INFO] LOAD cpu=6.2% mem=+2.3% req_rate=0.00/min idle=True
2026-05-18 01:44:50,519 [INFO] LOAD cpu=11.3% mem=+2.2% req_rate=0.00/min idle=False
2026-05-18 01:45:01,521 [INFO] LOAD cpu=5.2% mem=+1.1% req_rate=0.00/min idle=True
2026-05-18 01:45:12,523 [INFO] LOAD cpu=2.5% mem=+1.3% req_rate=0.00/min idle=True
2026-05-18 01:45:23,524 [INFO] LOAD cpu=16.4% mem=+2.2% req_rate=0.00/min idle=False
2026-05-18 01:45:34,525 [INFO] LOAD cpu=6.2% mem=+2.7% req_rate=0.00/min idle=True
2026-05-18 01:45:45,527 [INFO] LOAD cpu=1.6% mem=+2.4% req_rate=0.00/min idle=True
2026-05-18 01:45:59,854 [INFO] LOAD cpu=1.6% mem=+1.5% req_rate=0.00/min idle=True
2026-05-18 01:46:10,856 [INFO] LOAD cpu=3.0% mem=+1.6% req_rate=0.00/min idle=True
2026-05-18 01:46:21,857 [INFO] LOAD cpu=1.8% mem=+1.7% req_rate=0.00/min idle=True
2026-05-18 01:46:32,858 [INFO] LOAD cpu=6.4% mem=+1.5% req_rate=0.00/min idle=True
2026-05-18 01:46:43,860 [INFO] LOAD cpu=1.9% mem=+1.4% req_rate=0.00/min idle=True
2026-05-18 01:46:54,861 [INFO] LOAD cpu=2.0% mem=+1.4% req_rate=0.00/min idle=True
2026-05-18 01:47:08,997 [INFO] LOAD cpu=2.3% mem=+1.4% req_rate=0.00/min idle=True
2026-05-18 01:47:19,999 [INFO] LOAD cpu=9.9% mem=+1.5% req_rate=0.00/min idle=True
2026-05-18 01:47:31,000 [INFO] LOAD cpu=3.4% mem=+1.3% req_rate=0.00/min idle=True
2026-05-18 01:47:42,002 [INFO] LOAD cpu=1.9% mem=+1.3% req_rate=0.00/min idle=True
2026-05-18 01:47:53,003 [INFO] LOAD cpu=2.5% mem=+1.2% req_rate=0.00/min idle=True
2026-05-18 01:48:04,005 [INFO] LOAD cpu=2.0% mem=+1.2% req_rate=0.00/min idle=True
2026-05-18 01:48:17,907 [INFO] LOAD cpu=2.5% mem=+1.4% req_rate=0.00/min idle=True
2026-05-18 01:48:28,908 [INFO] LOAD cpu=1.8% mem=+1.2% req_rate=0.00/min idle=True
2026-05-18 01:48:39,910 [INFO] LOAD cpu=1.4% mem=+1.2% req_rate=0.00/min idle=True
2026-05-18 01:48:50,911 [INFO] LOAD cpu=2.8% mem=+1.1% req_rate=0.00/min idle=True
2026-05-18 01:49:01,913 [INFO] LOAD cpu=1.9% mem=+1.1% req_rate=0.00/min idle=True
2026-05-18 01:49:12,914 [INFO] LOAD cpu=2.4% mem=+1.4% req_rate=0.00/min idle=True
2026-05-18 01:49:26,959 [INFO] LOAD cpu=1.9% mem=+1.3% req_rate=0.00/min idle=True
2026-05-18 01:49:37,960 [INFO] LOAD cpu=1.6% mem=+1.3% req_rate=0.00/min idle=True
2026-05-18 01:49:48,962 [INFO] LOAD cpu=2.1% mem=+1.1% req_rate=0.00/min idle=True
2026-05-18 01:49:59,963 [INFO] LOAD cpu=2.0% mem=+1.1% req_rate=0.00/min idle=True
2026-05-18 01:50:10,965 [INFO] LOAD cpu=4.6% mem=+1.3% req_rate=0.00/min idle=True
2026-05-18 01:50:21,966 [INFO] LOAD cpu=2.5% mem=+1.4% req_rate=0.00/min idle=True
2026-05-18 01:50:36,227 [INFO] LOAD cpu=2.6% mem=+1.3% req_rate=0.00/min idle=True
2026-05-18 01:50:47,229 [INFO] LOAD cpu=1.8% mem=+1.1% req_rate=0.00/min idle=True
2026-05-18 01:50:58,230 [INFO] LOAD cpu=2.1% mem=+1.1% req_rate=0.00/min idle=True
2026-05-18 01:51:09,231 [INFO] LOAD cpu=2.2% mem=+1.2% req_rate=0.00/min idle=True
2026-05-18 01:51:20,233 [INFO] LOAD cpu=2.5% mem=+-0.1% req_rate=0.00/min idle=True
2026-05-18 01:51:31,234 [INFO] LOAD cpu=3.0% mem=+1.5% req_rate=0.00/min idle=True
2026-05-18 01:51:45,201 [INFO] LOAD cpu=3.5% mem=+1.2% req_rate=0.00/min idle=True
2026-05-18 01:51:56,202 [INFO] LOAD cpu=3.8% mem=+0.9% req_rate=0.00/min idle=True
2026-05-18 01:52:07,203 [INFO] LOAD cpu=1.7% mem=+0.8% req_rate=0.00/min idle=True
2026-05-18 01:52:18,205 [INFO] LOAD cpu=2.1% mem=+0.9% req_rate=0.00/min idle=True
2026-05-18 01:52:29,206 [INFO] LOAD cpu=3.2% mem=+0.8% req_rate=0.00/min idle=True
2026-05-18 01:52:40,208 [INFO] LOAD cpu=2.1% mem=+0.9% req_rate=0.00/min idle=True
2026-05-18 01:52:54,335 [INFO] LOAD cpu=2.7% mem=+0.8% req_rate=0.00/min idle=True
2026-05-18 01:53:05,337 [INFO] LOAD cpu=2.9% mem=+0.7% req_rate=0.00/min idle=True
2026-05-18 01:53:16,338 [INFO] LOAD cpu=4.8% mem=+0.7% req_rate=0.00/min idle=True
2026-05-18 01:53:27,339 [INFO] LOAD cpu=1.8% mem=+0.6% req_rate=0.00/min idle=True
2026-05-18 01:53:38,341 [INFO] LOAD cpu=2.6% mem=+0.6% req_rate=0.00/min idle=True
2026-05-18 01:53:49,342 [INFO] LOAD cpu=7.1% mem=+1.1% req_rate=0.00/min idle=True
2026-05-18 01:54:03,170 [INFO] LOAD cpu=3.0% mem=+1.9% req_rate=0.00/min idle=True
2026-05-18 01:54:14,171 [INFO] LOAD cpu=4.0% mem=+1.7% req_rate=0.00/min idle=True
2026-05-18 01:54:25,172 [INFO] LOAD cpu=8.1% mem=+0.9% req_rate=0.00/min idle=True
2026-05-18 01:54:36,174 [INFO] LOAD cpu=4.1% mem=+0.9% req_rate=0.00/min idle=True
2026-05-18 01:54:47,175 [INFO] LOAD cpu=2.8% mem=+0.8% req_rate=0.00/min idle=True
2026-05-18 01:54:58,177 [INFO] LOAD cpu=2.7% mem=+0.7% req_rate=0.00/min idle=True
2026-05-18 01:55:12,209 [INFO] LOAD cpu=2.4% mem=+1.1% req_rate=0.00/min idle=True
2026-05-18 01:55:23,211 [INFO] LOAD cpu=2.8% mem=+1.1% req_rate=0.00/min idle=True
2026-05-18 01:55:34,212 [INFO] LOAD cpu=2.3% mem=+1.0% req_rate=0.00/min idle=True
2026-05-18 01:55:45,213 [INFO] LOAD cpu=2.7% mem=+1.0% req_rate=0.00/min idle=True
2026-05-18 01:55:56,214 [INFO] LOAD cpu=4.3% mem=+0.8% req_rate=0.00/min idle=True
2026-05-18 01:56:07,216 [INFO] LOAD cpu=2.8% mem=+0.9% req_rate=0.00/min idle=True
2026-05-18 01:56:21,228 [INFO] LOAD cpu=3.4% mem=+1.1% req_rate=0.00/min idle=True
2026-05-18 01:56:32,230 [INFO] LOAD cpu=3.7% mem=+1.0% req_rate=0.00/min idle=True
2026-05-18 01:56:43,231 [INFO] LOAD cpu=4.2% mem=+1.0% req_rate=0.00/min idle=True
2026-05-18 01:56:54,233 [INFO] LOAD cpu=2.5% mem=+1.1% req_rate=0.00/min idle=True
2026-05-18 01:57:05,234 [INFO] LOAD cpu=6.6% mem=+1.1% req_rate=0.00/min idle=True
2026-05-18 01:57:16,235 [INFO] LOAD cpu=3.5% mem=+1.3% req_rate=0.00/min idle=True
2026-05-18 01:57:30,129 [INFO] LOAD cpu=2.3% mem=+0.9% req_rate=0.00/min idle=True
2026-05-18 01:57:41,130 [INFO] LOAD cpu=3.3% mem=+1.1% req_rate=0.00/min idle=True
2026-05-18 01:57:52,132 [INFO] LOAD cpu=3.1% mem=+1.0% req_rate=0.00/min idle=True
2026-05-18 01:58:03,133 [INFO] LOAD cpu=2.3% mem=+1.0% req_rate=0.00/min idle=True
2026-05-18 01:58:14,134 [INFO] LOAD cpu=2.9% mem=+1.1% req_rate=0.00/min idle=True
2026-05-18 01:58:25,136 [INFO] LOAD cpu=3.4% mem=+1.0% req_rate=0.00/min idle=True
2026-05-18 01:58:39,024 [INFO] LOAD cpu=5.0% mem=+1.0% req_rate=0.00/min idle=True
2026-05-18 01:58:50,025 [INFO] LOAD cpu=1.8% mem=+0.9% req_rate=0.00/min idle=True
2026-05-18 01:59:01,027 [INFO] LOAD cpu=1.8% mem=+1.0% req_rate=0.00/min idle=True
2026-05-18 01:59:12,028 [INFO] LOAD cpu=3.5% mem=+1.3% req_rate=0.00/min idle=True
2026-05-18 01:59:23,029 [INFO] LOAD cpu=3.3% mem=+1.2% req_rate=0.00/min idle=True
2026-05-18 01:59:34,031 [INFO] LOAD cpu=2.1% mem=+1.1% req_rate=0.00/min idle=True
2026-05-18 01:59:48,353 [INFO] LOAD cpu=2.2% mem=+0.8% req_rate=0.00/min idle=True
2026-05-18 01:59:59,355 [INFO] LOAD cpu=1.7% mem=+0.7% req_rate=0.00/min idle=True
2026-05-18 02:00:10,356 [INFO] LOAD cpu=1.8% mem=+0.9% req_rate=0.00/min idle=True
2026-05-18 02:00:21,357 [INFO] LOAD cpu=4.5% mem=+1.2% req_rate=0.00/min idle=True
2026-05-18 02:00:32,359 [INFO] LOAD cpu=2.5% mem=+0.9% req_rate=0.00/min idle=True
2026-05-18 02:00:43,360 [INFO] LOAD cpu=1.8% mem=+1.6% req_rate=0.00/min idle=True
2026-05-18 02:00:57,602 [INFO] LOAD cpu=5.6% mem=+1.7% req_rate=0.00/min idle=True
2026-05-18 02:01:08,603 [INFO] LOAD cpu=2.7% mem=+1.6% req_rate=0.00/min idle=True
2026-05-18 02:01:19,605 [INFO] LOAD cpu=4.6% mem=+1.6% req_rate=0.00/min idle=True
2026-05-18 02:01:30,606 [INFO] LOAD cpu=4.0% mem=+3.0% req_rate=0.00/min idle=True
2026-05-18 02:01:41,608 [INFO] LOAD cpu=3.7% mem=+2.3% req_rate=0.00/min idle=True
2026-05-18 02:01:52,609 [INFO] LOAD cpu=10.5% mem=+1.5% req_rate=0.00/min idle=False
2026-05-18 02:02:06,537 [INFO] LOAD cpu=24.5% mem=+6.1% req_rate=4.31/min idle=False
2026-05-18 02:02:17,539 [INFO] LOAD cpu=6.8% mem=+3.3% req_rate=0.00/min idle=True
2026-05-18 02:02:28,540 [INFO] LOAD cpu=11.6% mem=+3.3% req_rate=0.00/min idle=False
2026-05-18 02:02:39,541 [INFO] LOAD cpu=6.2% mem=+3.3% req_rate=0.00/min idle=True
2026-05-18 02:02:50,543 [INFO] LOAD cpu=8.4% mem=+2.8% req_rate=0.00/min idle=True
2026-05-18 02:03:01,544 [INFO] LOAD cpu=5.4% mem=+2.9% req_rate=0.00/min idle=True
2026-05-18 02:03:16,141 [INFO] LOAD cpu=4.6% mem=+2.7% req_rate=0.00/min idle=True
2026-05-18 02:03:27,143 [INFO] LOAD cpu=4.3% mem=+2.4% req_rate=0.00/min idle=True
2026-05-18 02:03:38,144 [INFO] LOAD cpu=5.3% mem=+2.5% req_rate=0.00/min idle=True
